unit_id,retention_parttime,student_faculty_ratio,applicants,admitted,enrolled_total,enrolled_parttime,sat_submission_pct,act_submission_pct,religious_affiliation,study_abroad,evening_weekend,undergrad_research,disability_pct,pell_grant_pct,pell_grant_avg,institutional_grant_pct,institutional_grant_avg,loan_pct,loan_avg,any_aid_pct,tuition_fees,coa_instate_oncampus,coa_outofstate_oncampus,control_3,control_4
100654,21.0,19.0,23406,13564.0,1968.0,29.0,27.0,67.0,0,1,1,1,3.42,67.0,6594.0,67.0,9530.0,76.0,6883.0,90.0,10024,27732.0,36342.0,0,0
100663,47.0,18.0,11379,10034.0,2014.0,21.0,4.0,43.0,0,1,0,1,6.66,42.0,6870.0,76.0,9131.0,52.0,6747.0,95.0,9098,30249.0,43713.0,0,0
100706,43.0,17.0,7630,5232.0,1212.0,12.0,5.0,56.0,0,1,1,0,5.43,26.0,5506.0,91.0,7926.0,37.0,7668.0,97.0,12132,32089.0,46365.0,0,0
100724,21.0,15.0,7229,7052.0,1056.0,3.0,1.0,34.0,0,1,0,0,0.0,66.0,6447.0,57.0,9381.0,55.0,6870.0,87.0,11248,24056.0,32384.0,0,0
100751,50.0,19.0,56795,43531.0,8032.0,59.0,15.0,43.0,0,1,1,1,9.13,20.0,5795.0,76.0,16835.0,37.0,11529.0,88.0,12180,33924.0,55916.0,0,0
100830,60.0,13.0,2694,2467.0,364.0,18.0,6.0,65.0,0,1,1,0,0.0,51.0,6257.0,96.0,4402.0,43.0,5204.0,98.0,9700,23113.0,34081.0,0,0
100858,71.0,21.0,55056,25284.0,6103.0,22.0,15.0,75.0,0,1,0,1,3.54,12.0,5736.0,78.0,9950.0,29.0,9702.0,85.0,12890,36882.0,58914.0,0,0
101189,52.0,14.0,1073,784.0,269.0,37.0,2.0,14.0,1,1,1,0,10.0,52.0,5795.0,88.0,13905.0,66.0,7750.0,88.0,23920,38670.0,38670.0,0,1
101365,100.0,14.0,89,83.0,58.0,48.0,0.0,0.0,0,0,1,0,0.0,95.0,6271.0,74.0,2386.0,84.0,10220.0,100.0,13450,43500.0,49618.0,1,0
101480,18.0,19.0,11199,8701.0,1737.0,15.0,6.0,45.0,0,1,0,1,8.0,56.0,6101.0,100.0,5886.0,57.0,7882.0,100.0,12894,27240.0,37680.0,0,0
101587,33.0,19.0,2729,1164.0,389.0,6.0,3.0,61.0,0,1,0,0,0.0,65.0,6496.0,69.0,5668.0,71.0,8717.0,99.0,10990,24026.0,33126.0,0,0
101709,50.0,13.0,6280,3382.0,559.0,7.0,0.0,0.0,0,1,0,0,11.63,40.0,6193.0,98.0,10231.0,55.0,6640.0,99.0,13948,29520.0,42540.0,0,0
101879,36.0,18.0,5052,4411.0,992.0,116.0,0.0,0.0,0,1,0,0,3.89,37.0,6058.0,90.0,10105.0,48.0,6425.0,98.0,12120,28880.0,39080.0,0,0
101912,33.0,14.0,1873,847.0,255.0,0.0,0.0,0.0,1,1,0,1,13.0,42.0,5415.0,99.0,10686.0,77.0,6455.0,100.0,22512,41096.0,41096.0,0,1
102094,39.0,19.0,12982,9212.0,1939.0,20.0,6.0,84.0,0,1,1,1,0.0,44.0,6127.0,93.0,6159.0,52.0,11354.0,97.0,10116,27863.0,36839.0,0,0
102234,100.0,11.0,2420,1853.0,153.0,0.0,1.0,54.0,1,1,1,1,6.11,34.0,6245.0,97.0,13611.0,40.0,7003.0,99.0,24054,43276.0,43276.0,0,1
102270,68.0,13.0,3094,1926.0,148.0,14.0,0.0,0.0,1,1,0,0,0.0,84.0,6560.0,45.0,6799.0,76.0,6774.0,96.0,12126,27470.0,27470.0,0,1
102368,29.0,16.0,9474,9099.0,1881.0,231.0,6.0,56.0,0,1,1,0,0.0,46.0,5997.0,64.0,9370.0,84.0,4169.0,96.0,10176,25192.0,35368.0,0,0
102395,58.0,14.0,277,170.0,76.0,3.0,0.0,0.0,0,0,0,0,0.0,71.0,5163.0,71.0,4433.0,71.0,8385.0,100.0,13800,43500.0,49618.0,1,0
102632,29.0,9.0,346,219.0,165.0,75.0,0.0,0.0,0,1,1,1,4.4,29.0,5172.0,53.0,4358.0,20.0,4181.0,84.0,7056,29190.0,42774.0,0,0
102669,40.0,7.0,592,571.0,29.0,7.0,0.0,0.0,1,0,1,0,0.0,36.0,5411.0,100.0,8177.0,44.0,4273.0,100.0,20760,36392.0,36392.0,0,1
104151,52.0,18.0,70928,63756.0,14099.0,118.0,0.0,0.0,0,1,1,1,8.14,32.0,6066.0,84.0,9535.0,29.0,8207.0,93.0,12223,34175.0,55091.0,0,0
104179,52.0,20.0,58339,50252.0,9240.0,432.0,11.0,18.0,0,1,1,1,7.81,28.0,5822.0,93.0,11634.0,30.0,8295.0,96.0,13926,35722.0,64074.0,0,0
104586,38.0,17.0,4141,3171.0,748.0,6.0,30.0,24.0,0,1,0,1,5.66,20.0,5431.0,95.0,19883.0,51.0,21086.0,97.0,44149,63807.0,63807.0,1,0
105330,26.0,19.0,35100,31453.0,4975.0,107.0,0.0,0.0,0,1,0,1,6.56,37.0,6114.0,98.0,9702.0,41.0,7064.0,99.0,13009,33277.0,50149.0,0,0
105899,50.0,16.0,1297,916.0,327.0,1.0,0.0,0.0,1,1,0,0,0.0,43.0,5629.0,97.0,19836.0,90.0,12579.0,99.0,35098,58328.0,58328.0,0,1
106245,50.0,13.0,4335,2548.0,556.0,30.0,5.0,84.0,0,1,1,0,7.75,60.0,6082.0,76.0,7688.0,34.0,5767.0,98.0,9748,29168.0,41578.0,0,0
106397,63.0,20.0,30555,22703.0,6618.0,51.0,31.0,73.0,0,1,0,1,10.09,20.0,5420.0,44.0,5811.0,41.0,9231.0,77.0,10104,31430.0,51292.0,0,0
106412,27.0,12.0,6625,2728.0,411.0,23.0,13.0,67.0,0,1,0,0,5.14,77.0,6162.0,45.0,10078.0,63.0,5771.0,96.0,9412,23960.0,32540.0,0,0
106458,53.0,17.0,12252,10078.0,1969.0,297.0,3.0,78.0,0,1,1,1,8.78,44.0,6369.0,93.0,9833.0,46.0,6000.0,98.0,8090,27114.0,33546.0,0,0
106467,39.0,17.0,3654,3504.0,1179.0,75.0,2.0,88.0,0,1,1,1,4.72,54.0,5917.0,70.0,6833.0,40.0,7526.0,94.0,8674,24559.0,30553.0,0,0
106704,33.0,15.0,7039,6299.0,2182.0,10.0,2.0,95.0,0,1,0,0,12.59,47.0,5841.0,72.0,5672.0,49.0,6754.0,97.0,10523,27840.0,35340.0,0,0
106713,50.0,9.0,260,165.0,109.0,1.0,11.0,69.0,1,1,1,1,7.0,50.0,5856.0,99.0,9349.0,59.0,5154.0,99.0,21330,34802.0,34802.0,0,1
107141,50.0,15.0,1647,1254.0,388.0,7.0,11.0,50.0,0,1,0,0,6.86,34.0,5398.0,98.0,20652.0,42.0,5293.0,99.0,31756,45418.0,45418.0,1,0
107512,20.0,14.0,2155,1455.0,421.0,0.0,15.0,74.0,1,1,0,1,7.0,23.0,5521.0,100.0,20276.0,73.0,7382.0,100.0,34500,50360.0,50360.0,0,1
107983,21.0,16.0,2708,2040.0,709.0,4.0,7.0,100.0,0,0,0,0,0.0,60.0,5817.0,91.0,8220.0,46.0,5904.0,99.0,9960,26153.0,31883.0,0,0
108092,54.0,18.0,2769,2228.0,895.0,99.0,0.0,77.0,0,1,1,0,5.39,57.0,5829.0,81.0,4132.0,30.0,5355.0,99.0,7334,24308.0,29156.0,0,0
109785,43.0,9.0,3404,3010.0,412.0,2.0,3.0,2.0,1,1,1,0,9.56,31.0,5324.0,99.0,25933.0,46.0,6528.0,100.0,44458,59438.0,59438.0,0,1
110097,75.0,15.0,3781,2811.0,836.0,18.0,21.0,8.0,1,1,0,0,11.07,23.0,5626.0,99.0,25795.0,47.0,8922.0,99.0,48984,67442.0,67442.0,0,1
110361,38.0,21.0,7990,6782.0,1612.0,22.0,0.0,0.0,1,1,1,1,4.56,44.0,5774.0,99.0,19969.0,62.0,8592.0,99.0,41228,58878.0,58878.0,0,1
110370,100.0,8.0,2371,2160.0,172.0,1.0,0.0,0.0,0,1,0,0,21.0,30.0,5943.0,96.0,30192.0,69.0,7949.0,97.0,60226,87623.0,87623.0,1,0
110422,60.0,19.0,68371,21416.0,5271.0,11.0,0.0,0.0,0,1,0,1,11.0,20.0,6246.0,42.0,8721.0,30.0,6648.0,62.0,13596,36576.0,57645.0,0,0
110486,62.0,20.0,13229,12416.0,1294.0,31.0,0.0,0.0,0,1,0,1,0.0,68.0,6235.0,69.0,5829.0,15.0,4554.0,93.0,8090,27822.0,40422.0,0,0
110495,37.0,18.0,5419,5318.0,1018.0,58.0,0.0,0.0,0,1,0,1,0.0,63.0,6012.0,63.0,5560.0,12.0,4896.0,89.0,8246,26331.0,38931.0,0,0
110510,47.0,22.0,14543,13632.0,2090.0,74.0,0.0,0.0,0,1,0,1,4.0,69.0,6284.0,65.0,5634.0,19.0,5039.0,91.0,8093,26932.0,39532.0,0,0
110529,64.0,25.0,49944,37545.0,4679.0,93.0,0.0,0.0,0,1,0,1,5.0,49.0,6011.0,46.0,5495.0,27.0,5525.0,80.0,7780,29722.0,42322.0,0,0
110538,46.0,23.0,23322,21623.0,2197.0,46.0,0.0,0.0,0,1,0,1,7.2,41.0,6038.0,41.0,5880.0,36.0,5265.0,75.0,8472,29088.0,41688.0,0,0
110547,36.0,21.0,19921,18586.0,1732.0,105.0,0.0,0.0,0,1,1,1,6.0,80.0,6210.0,78.0,5481.0,11.0,4679.0,95.0,7449,30925.0,43525.0,0,0
110556,43.0,22.0,21521,20501.0,3591.0,284.0,0.0,0.0,0,1,0,1,0.0,65.0,6197.0,62.0,6223.0,15.0,4964.0,88.0,7350,25028.0,37628.0,0,0
110565,59.0,26.0,53559,48482.0,6887.0,292.0,0.0,0.0,0,1,0,1,0.0,54.0,6036.0,50.0,5867.0,24.0,5751.0,83.0,7470,31998.0,44598.0,0,0
110574,68.0,22.0,11867,11557.0,792.0,25.0,0.0,0.0,0,1,0,1,7.0,53.0,5909.0,60.0,5932.0,22.0,5486.0,82.0,7583,30143.0,42743.0,0,0
110583,62.0,23.0,83967,38854.0,6482.0,184.0,0.0,0.0,0,1,0,1,5.0,52.0,5999.0,46.0,5761.0,25.0,5495.0,82.0,7350,28970.0,41570.0,0,0
110592,43.0,21.0,32723,29860.0,2814.0,71.0,0.0,0.0,0,1,0,1,6.0,79.0,6168.0,79.0,5113.0,13.0,5017.0,95.0,7160,34518.0,47118.0,0,0
110608,56.0,25.0,33005,30842.0,5543.0,71.0,0.0,0.0,0,1,0,1,6.0,66.0,6177.0,64.0,5851.0,20.0,5466.0,86.0,7458,25990.0,38590.0,0,0
110617,53.0,24.0,27702,26036.0,3989.0,96.0,0.0,0.0,0,1,0,1,4.0,57.0,5947.0,57.0,5934.0,22.0,5072.0,86.0,8018,33256.0,45856.0,0,0
110635,81.0,18.0,124242,13639.0,6272.0,40.0,0.0,0.0,0,1,1,1,13.34,27.0,6033.0,50.0,17071.0,18.0,5924.0,63.0,16347,48259.0,82459.0,0,0
110644,83.0,22.0,98864,41353.0,6767.0,152.0,0.0,0.0,0,1,0,1,9.03,33.0,5889.0,56.0,11512.0,22.0,5827.0,65.0,16774,44202.0,78402.0,0,0
110653,68.0,19.0,122699,35054.0,6736.0,19.0,0.0,0.0,0,1,0,1,4.47,31.0,5968.0,45.0,10594.0,21.0,6055.0,61.0,15722,41878.0,76078.0,0,0
110662,83.0,20.0,146272,13114.0,6610.0,7.0,0.0,0.0,0,1,0,1,4.83,27.0,6390.0,45.0,13085.0,18.0,7079.0,59.0,15203,41990.0,76190.0,0,0
110671,54.0,22.0,58048,44343.0,5422.0,21.0,0.0,0.0,0,1,1,0,0.0,48.0,5955.0,64.0,9934.0,35.0,5297.0,80.0,15606,43603.0,77803.0,0,0
110680,84.0,19.0,134450,35917.0,7330.0,13.0,0.0,0.0,0,1,0,1,0.0,37.0,6058.0,54.0,11860.0,25.0,5557.0,66.0,16758,42902.0,77102.0,0,0
110705,41.0,17.0,110259,36347.0,5008.0,20.0,0.0,0.0,0,1,0,1,7.8,28.0,6026.0,46.0,12088.0,24.0,7653.0,61.0,16414,44907.0,79107.0,0,0
110714,31.0,22.0,71722,47186.0,4383.0,10.0,0.0,0.0,0,1,0,1,19.54,28.0,5862.0,49.0,10857.0,31.0,6694.0,64.0,16005,44047.0,78247.0,0,0
111081,0.0,7.0,2004,648.0,181.0,0.0,0.0,0.0,0,1,0,0,0.0,20.0,6076.0,94.0,19687.0,38.0,7207.0,95.0,58996,81346.0,81346.0,1,0
111188,100.0,11.0,961,913.0,189.0,2.0,0.0,0.0,0,1,0,1,20.0,18.0,5938.0,33.0,7052.0,37.0,8072.0,68.0,9944,31001.0,43601.0,0,0
111948,60.0,12.0,15634,10230.0,1631.0,4.0,14.0,5.0,1,1,0,1,16.93,20.0,5674.0,88.0,31889.0,79.0,7096.0,90.0,64984,87730.0,87730.0,0,1
111966,67.0,4.0,808,313.0,11.0,0.0,0.0,0.0,0,1,1,0,8.0,75.0,2910.0,75.0,2125.0,50.0,5875.0,100.0,23000,43500.0,49618.0,1,0
113698,100.0,8.0,2006,1675.0,213.0,1.0,2.0,1.0,0,1,1,0,0.0,40.0,5474.0,99.0,29174.0,67.0,8434.0,100.0,52161,72626.0,72626.0,1,0
114813,50.0,10.0,1773,1136.0,196.0,3.0,0.0,0.0,1,1,1,0,14.75,55.0,6373.0,100.0,21140.0,48.0,4782.0,100.0,36660,51145.0,51145.0,0,1
115755,39.0,16.0,15725,15442.0,909.0,22.0,0.0,0.0,0,1,0,1,13.0,37.0,5868.0,47.0,5801.0,35.0,5937.0,74.0,8250,27570.0,40170.0,0,0
117104,100.0,12.0,238,228.0,77.0,8.0,0.0,0.0,1,0,0,0,0.0,56.0,5291.0,94.0,9175.0,68.0,6992.0,100.0,22118,39916.0,39916.0,0,1
117140,33.0,10.0,7110,5060.0,496.0,13.0,5.0,2.0,0,1,1,0,0.0,58.0,5819.0,99.0,32260.0,71.0,6291.0,100.0,49470,70288.0,70288.0,1,0
117627,100.0,12.0,1917,1754.0,233.0,2.0,0.0,0.0,1,1,1,1,6.07,54.0,5530.0,98.0,20611.0,58.0,5159.0,99.0,37710,56649.0,56649.0,0,1
117751,88.0,13.0,1051,883.0,404.0,2.0,0.0,0.0,1,1,1,0,8.0,19.0,5573.0,97.0,14532.0,49.0,8114.0,98.0,39020,58396.0,58396.0,0,1
117946,100.0,10.0,23089,10409.0,1541.0,4.0,18.0,8.0,1,1,1,1,14.26,13.0,5712.0,100.0,22080.0,34.0,10053.0,100.0,62357,89891.0,89891.0,0,1
119173,100.0,8.0,4882,3570.0,428.0,0.0,0.0,0.0,1,1,1,1,6.59,79.0,6038.0,100.0,28269.0,82.0,6018.0,100.0,49564,75016.0,75016.0,0,1
120537,67.0,13.0,940,310.0,119.0,0.0,11.0,3.0,1,1,0,0,0.0,45.0,5380.0,100.0,16854.0,72.0,7471.0,100.0,38050,55293.0,55293.0,0,1
120883,50.0,13.0,7780,5549.0,766.0,2.0,21.0,5.0,0,1,1,1,13.7,36.0,5949.0,98.0,35054.0,43.0,6966.0,98.0,57080,79532.0,79532.0,1,0
121257,0.0,10.0,3438,865.0,310.0,0.0,0.0,0.0,0,1,0,0,31.0,8.0,6365.0,39.0,48966.0,17.0,4057.0,45.0,65192,89742.0,89742.0,1,0
121691,100.0,10.0,3766,3115.0,494.0,0.0,16.0,3.0,0,1,1,0,7.95,40.0,6983.0,97.0,39982.0,60.0,7740.0,99.0,60878,84808.0,84808.0,1,0
122409,79.0,27.0,89972,32561.0,6629.0,77.0,0.0,0.0,0,1,1,1,8.0,25.0,6162.0,27.0,6866.0,27.0,8710.0,62.0,8728,36090.0,48690.0,0,0
122436,0.0,13.0,17008,8908.0,1104.0,2.0,0.0,0.0,1,1,0,1,9.4,23.0,5630.0,84.0,37484.0,35.0,7430.0,87.0,59486,84912.0,84912.0,0,1
122597,54.0,19.0,28221,27215.0,2340.0,122.0,0.0,0.0,0,1,0,1,7.0,51.0,6199.0,54.0,5983.0,25.0,5735.0,81.0,7950,36050.0,48650.0,0,0
122612,50.0,11.0,24888,15358.0,920.0,2.0,12.0,3.0,1,1,1,0,19.0,29.0,5654.0,95.0,30534.0,52.0,8991.0,96.0,60492,84784.0,84784.0,0,1
122728,50.0,10.0,1289,1203.0,236.0,5.0,6.0,0.0,1,1,1,0,8.83,34.0,5829.0,98.0,19311.0,48.0,8882.0,98.0,37150,56264.0,56264.0,0,1
122755,62.0,25.0,37132,31419.0,4604.0,190.0,0.0,0.0,0,1,0,1,0.0,37.0,5793.0,37.0,6531.0,23.0,5287.0,69.0,8410,34889.0,47489.0,0,0
122931,50.0,11.0,18970,9105.0,1611.0,6.0,24.0,10.0,1,1,1,1,14.32,12.0,6082.0,71.0,25696.0,48.0,12247.0,76.0,61293,86694.0,86694.0,0,1
123457,0.0,17.0,823,708.0,171.0,0.0,0.0,0.0,1,1,1,0,4.0,41.0,5439.0,100.0,20993.0,74.0,9438.0,100.0,39708,55808.0,55808.0,0,1
123554,75.0,10.0,5175,4478.0,424.0,3.0,0.0,0.0,1,1,1,1,17.81,25.0,6513.0,100.0,38486.0,47.0,7396.0,100.0,57803,80911.0,80911.0,0,1
123572,58.0,17.0,11246,10507.0,873.0,17.0,0.0,0.0,0,1,0,1,9.0,35.0,5655.0,76.0,4140.0,27.0,6107.0,87.0,8624,28882.0,41482.0,0,0
123651,56.0,13.0,3948,2465.0,485.0,17.0,0.0,0.0,1,1,1,1,6.47,52.0,5840.0,99.0,22079.0,60.0,9896.0,100.0,41700,60445.0,60445.0,0,1
123961,67.0,9.0,82027,8050.0,3489.0,2.0,34.0,12.0,0,1,0,1,13.0,21.0,6014.0,69.0,42947.0,26.0,9000.0,73.0,72097,95234.0,95234.0,1,0
125897,67.0,13.0,2572,2100.0,124.0,1.0,0.0,0.0,0,1,1,0,12.87,45.0,5093.0,98.0,17425.0,51.0,5575.0,100.0,47056,67407.0,67407.0,1,0
126562,54.0,17.0,14931,11151.0,1458.0,159.0,23.0,2.0,0,1,1,0,6.93,46.0,6552.0,79.0,3316.0,32.0,7916.0,94.0,10383,33729.0,52737.0,0,0
126580,38.0,15.0,13147,12799.0,1645.0,107.0,34.0,6.0,0,1,1,1,9.0,30.0,5308.0,73.0,4004.0,41.0,8807.0,87.0,10149,30355.0,44542.0,0,0
126614,60.0,19.0,67286,52539.0,7432.0,81.0,18.0,6.0,0,1,0,1,11.0,15.0,5573.0,53.0,8563.0,31.0,10899.0,67.0,15666,38456.0,67708.0,0,0
126775,50.0,18.0,11436,6940.0,1602.0,0.0,42.0,18.0,0,1,0,1,9.65,15.0,5740.0,96.0,10673.0,36.0,10414.0,98.0,21914,43745.0,67655.0,0,0
126818,54.0,17.0,38465,34057.0,5485.0,68.0,0.0,0.0,0,1,0,1,10.0,20.0,5462.0,66.0,7876.0,36.0,9688.0,79.0,13373,34684.0,56094.0,0,0
127060,65.0,9.0,18786,14618.0,1337.0,12.0,20.0,13.0,0,1,1,0,23.46,14.0,6152.0,98.0,32374.0,31.0,9341.0,99.0,61398,82566.0,82566.0,1,0
127185,42.0,14.0,4986,3854.0,751.0,14.0,9.0,11.0,0,1,0,0,14.05,33.0,7110.0,61.0,5193.0,40.0,5734.0,97.0,9958,29068.0,40636.0,0,0
127556,39.0,18.0,12465,10225.0,2359.0,171.0,53.0,8.0,0,1,0,0,7.66,35.0,5664.0,57.0,4797.0,40.0,6133.0,91.0,9927,27230.0,42427.0,0,0
127565,35.0,14.0,11622,11483.0,2196.0,782.0,20.0,2.0,0,1,1,1,8.0,48.0,5435.0,38.0,3201.0,23.0,6886.0,74.0,11124,43500.0,49618.0,0,0
127741,33.0,14.0,11127,9553.0,1243.0,16.0,22.0,3.0,0,1,0,1,9.9,33.0,5598.0,93.0,5393.0,46.0,7229.0,97.0,12416,33480.0,48330.0,0,0
127918,0.0,11.0,5722,4947.0,585.0,7.0,0.0,3.0,1,1,1,0,6.83,53.0,5613.0,97.0,26516.0,39.0,7197.0,99.0,46340,65874.0,65874.0,0,1
128106,30.0,16.0,2902,2754.0,618.0,66.0,1.0,3.0,0,1,1,0,5.2,50.0,5425.0,83.0,6675.0,35.0,6162.0,97.0,9720,26574.0,34798.0,0,0
128391,33.0,17.0,3119,3110.0,357.0,1.0,11.0,8.0,0,1,0,0,0.0,27.0,5337.0,86.0,5942.0,52.0,6397.0,96.0,11318,26722.0,39838.0,0,0
128498,0.0,17.0,3485,2067.0,226.0,0.0,0.0,0.0,1,1,1,0,7.84,47.0,7375.0,96.0,24263.0,78.0,11601.0,100.0,41908,66104.0,66104.0,0,1
128744,29.0,15.0,9237,7669.0,372.0,92.0,1.0,0.0,0,1,1,0,0.0,59.0,5685.0,81.0,24755.0,67.0,7880.0,96.0,35760,59482.0,59482.0,1,0
128771,40.0,14.0,8919,6540.0,1349.0,21.0,21.0,0.0,0,1,1,1,6.0,47.0,5743.0,92.0,4739.0,59.0,6741.0,95.0,13050,29992.0,33492.0,0,0
129020,73.0,17.0,55479,29065.0,4478.0,7.0,36.0,5.0,0,1,0,1,28.7,25.0,5956.0,81.0,13916.0,49.0,10213.0,88.0,21044,40744.0,63412.0,0,0
129215,0.0,15.0,6491,5386.0,808.0,4.0,18.0,0.0,0,1,0,1,18.0,36.0,5385.0,87.0,7439.0,64.0,7747.0,99.0,13928,34399.0,37899.0,0,0
129242,0.0,12.0,18509,6162.0,1461.0,1.0,14.0,5.0,1,1,1,0,27.0,6.0,5438.0,96.0,25888.0,49.0,11268.0,97.0,58350,81368.0,81368.0,0,1
129525,0.0,11.0,12221,11701.0,1174.0,4.0,22.0,2.0,0,1,1,0,11.17,40.0,5501.0,100.0,30587.0,75.0,9205.0,100.0,49075,68441.0,68441.0,1,0
129941,50.0,17.0,21765,13142.0,1305.0,4.0,26.0,0.0,0,1,1,0,13.78,41.0,5883.0,99.0,29117.0,92.0,10077.0,99.0,47332,70634.0,70634.0,1,0
130226,25.0,12.0,23949,17280.0,1917.0,1.0,22.0,3.0,0,1,0,1,34.0,18.0,5266.0,100.0,30056.0,67.0,12996.0,100.0,55480,76500.0,76500.0,1,0
130253,100.0,15.0,16495,10781.0,1885.0,0.0,0.0,0.0,1,1,1,1,16.0,17.0,5640.0,99.0,20237.0,65.0,15500.0,100.0,50404,73394.0,73394.0,0,1
130493,75.0,11.0,8803,8052.0,1096.0,17.0,0.0,0.0,0,1,1,0,12.0,55.0,5778.0,59.0,4530.0,64.0,7398.0,91.0,13438,34124.0,48064.0,0,0
130590,50.0,9.0,7460,2182.0,542.0,1.0,7.0,3.0,0,1,0,1,0.0,13.0,5863.0,73.0,50834.0,37.0,9652.0,76.0,70770,92160.0,92160.0,1,0
130776,38.0,11.0,5910,5142.0,861.0,18.0,2.0,1.0,0,1,1,1,9.85,39.0,5724.0,77.0,5008.0,58.0,6677.0,86.0,13401,31698.0,35198.0,0,0
130934,23.0,17.0,8445,3934.0,1325.0,170.0,26.0,2.0,0,1,0,0,0.0,56.0,5935.0,65.0,6075.0,56.0,7927.0,92.0,10670,33804.0,43768.0,0,0
130943,20.0,16.0,39995,28238.0,4424.0,7.0,19.0,3.0,0,1,0,1,12.53,17.0,5533.0,82.0,11778.0,55.0,11809.0,94.0,16810,35446.0,60036.0,0,0
130989,50.0,18.0,988,835.0,168.0,0.0,0.0,0.0,0,0,1,0,7.26,53.0,6274.0,95.0,7259.0,54.0,6106.0,100.0,14940,33144.0,33144.0,1,0
131159,63.0,10.0,17173,10640.0,1662.0,7.0,22.0,8.0,1,1,0,1,13.76,16.0,5837.0,66.0,35415.0,47.0,7551.0,83.0,58771,79371.0,79371.0,0,1
131283,0.0,11.0,6714,5558.0,742.0,0.0,0.0,0.0,1,1,1,0,0.0,27.0,5785.0,99.0,40497.0,57.0,9274.0,99.0,58378,81296.0,81296.0,0,1
131469,73.0,13.0,27016,12723.0,2459.0,19.0,26.0,11.0,0,1,0,0,10.0,17.0,5751.0,78.0,35915.0,36.0,10039.0,80.0,67710,87780.0,87780.0,1,0
131496,100.0,11.0,26131,3374.0,1575.0,3.0,78.0,30.0,1,1,1,1,12.0,8.0,5489.0,33.0,47972.0,19.0,9840.0,44.0,68017,92563.0,92563.0,0,1
131520,29.0,13.0,34211,14144.0,2738.0,3.0,23.0,9.0,0,1,0,1,3.5,40.0,5833.0,96.0,19228.0,73.0,8259.0,100.0,35810,58032.0,58032.0,1,0
131876,63.0,9.0,1240,1234.0,249.0,34.0,0.0,0.0,1,0,1,0,7.0,70.0,6121.0,98.0,13968.0,39.0,4997.0,98.0,26610,42190.0,42190.0,0,1
132408,67.0,8.0,364,131.0,74.0,61.0,0.0,0.0,1,0,0,0,4.53,40.0,6598.0,75.0,4177.0,30.0,6583.0,90.0,15000,25270.0,25270.0,0,1
132471,17.0,7.0,10838,8371.0,627.0,1.0,0.0,0.0,1,1,1,1,0.0,59.0,5938.0,100.0,18127.0,67.0,7066.0,100.0,34350,58242.0,58242.0,0,1
132602,0.0,17.0,10994,9701.0,1012.0,1.0,46.0,0.0,1,1,0,0,0.0,81.0,7069.0,79.0,8698.0,82.0,6216.0,98.0,14794,29940.0,29940.0,0,1
132657,28.0,16.0,7285,5352.0,715.0,21.0,16.0,4.0,0,1,1,0,21.74,23.0,6202.0,95.0,19814.0,46.0,10539.0,98.0,44480,71948.0,71948.0,1,0
132842,63.0,12.0,70,53.0,44.0,29.0,0.0,0.0,0,0,1,0,0.0,83.0,7903.0,0.0,12088.0,67.0,9030.0,92.0,13818,43500.0,49618.0,1,0
132903,88.0,28.0,61456,24653.0,8259.0,1292.0,71.0,28.0,0,1,1,1,0.0,25.0,6745.0,42.0,2553.0,17.0,6941.0,92.0,6368,25250.0,41349.0,0,0
133492,0.0,11.0,5071,3844.0,474.0,1.0,27.0,17.0,1,1,0,1,23.0,23.0,5398.0,99.0,22097.0,51.0,11735.0,100.0,51884,71068.0,71068.0,0,1
133526,0.0,14.0,10283,8735.0,264.0,0.0,0.0,0.0,1,0,0,1,0.0,81.0,6557.0,75.0,6976.0,63.0,5728.0,98.0,16366,29269.0,29269.0,0,1
133553,57.0,18.0,11232,7279.0,1875.0,9.0,52.0,25.0,0,1,0,1,8.7,20.0,5822.0,97.0,18589.0,51.0,18256.0,98.0,44249,65873.0,65873.0,1,0
133650,58.0,14.0,22756,4678.0,1429.0,87.0,83.0,45.0,0,1,1,1,0.0,56.0,6329.0,56.0,4917.0,53.0,6393.0,93.0,5785,25045.0,36985.0,0,0
133669,81.0,24.0,31511,20838.0,4232.0,866.0,76.0,23.0,0,1,1,1,6.83,33.0,7590.0,79.0,3625.0,33.0,7975.0,91.0,4879,29937.0,42382.0,0,0
133881,50.0,13.0,17295,9979.0,940.0,3.0,72.0,31.0,0,1,0,1,10.14,25.0,5731.0,99.0,20714.0,50.0,12476.0,99.0,45900,65940.0,65940.0,1,0
133951,87.0,24.0,32855,17957.0,5238.0,1727.0,90.0,10.0,0,1,1,1,6.6,47.0,6028.0,60.0,3599.0,10.0,5751.0,91.0,6565,27235.0,39634.0,0,0
133979,62.0,17.0,9121,7777.0,371.0,9.0,0.0,0.0,1,1,1,0,0.0,87.0,6517.0,24.0,5793.0,82.0,6857.0,99.0,20174,37162.0,37162.0,0,1
134097,92.0,17.0,78272,18954.0,5855.0,91.0,64.0,36.0,0,1,0,1,8.01,21.0,6712.0,50.0,3732.0,19.0,6422.0,94.0,5656,25400.0,38530.0,0,0
134130,72.0,16.0,73557,17804.0,7513.0,38.0,80.0,40.0,0,1,1,1,14.67,21.0,5867.0,38.0,5329.0,10.0,6988.0,94.0,6381,23521.0,45799.0,0,0
134945,80.0,11.0,8184,4660.0,760.0,1.0,21.0,20.0,0,1,1,0,8.38,36.0,5676.0,99.0,35042.0,51.0,11504.0,100.0,47830,68366.0,68366.0,1,0
135081,25.0,14.0,3238,3140.0,1901.0,587.0,0.0,0.0,0,1,1,0,0.0,73.0,7463.0,88.0,5101.0,78.0,12796.0,99.0,25056,54128.0,54128.0,1,0
135364,71.0,9.0,12,11.0,8.0,7.0,0.0,0.0,1,0,0,0,0.0,50.0,3697.0,0.0,12088.0,0.0,7519.5,50.0,11320,43500.0,49618.0,0,1
136172,65.0,19.0,21778,11594.0,1908.0,107.0,66.0,34.0,0,1,1,1,6.58,35.0,6454.0,61.0,3754.0,27.0,5983.0,86.0,6389,24796.0,39200.0,0,0
136215,15.0,16.0,17765,13006.0,2030.0,12.0,42.0,16.0,0,1,1,1,6.34,39.0,5899.0,100.0,19744.0,47.0,9077.0,100.0,38700,62188.0,62188.0,1,0
136330,0.0,13.0,10335,8474.0,841.0,13.0,25.0,14.0,1,1,1,0,6.82,30.0,6131.0,99.0,18175.0,56.0,8751.0,100.0,40650,62342.0,62342.0,0,1
137351,70.0,22.0,68576,29621.0,6904.0,140.0,78.0,22.0,0,1,1,1,6.49,28.0,6877.0,59.0,4697.0,25.0,9423.0,89.0,6410,26516.0,37430.0,0,0
137476,0.0,17.0,7095,6947.0,726.0,6.0,0.0,0.0,1,1,1,1,0.0,68.0,6017.0,99.0,15964.0,76.0,6555.0,99.0,34770,53356.0,53356.0,0,1
137546,0.0,10.0,11674,8359.0,686.0,0.0,19.0,9.0,0,1,1,1,12.96,40.0,5966.0,100.0,45601.0,51.0,7645.0,100.0,57410,77837.0,77837.0,1,0
137564,50.0,19.0,4581,2427.0,1180.0,97.0,0.0,0.0,1,1,1,1,0.0,42.0,5637.0,91.0,12637.0,55.0,7328.0,96.0,32950,53480.0,53480.0,0,1
137953,17.0,11.0,259,138.0,84.0,5.0,14.0,13.0,1,0,1,0,0.0,52.0,6074.0,82.0,2734.0,92.0,6603.0,100.0,15100,28273.0,28273.0,0,1
138293,0.0,17.0,1722,1195.0,281.0,5.0,0.0,0.0,0,0,0,0,0.0,54.0,5623.0,77.0,17953.0,70.0,7444.0,97.0,33770,53298.0,53298.0,1,0
138354,70.0,22.0,10201,5941.0,1552.0,323.0,49.0,70.0,0,1,1,1,0.0,35.0,7137.0,69.0,3805.0,30.0,6180.0,91.0,6360,23416.0,36297.0,0,0
138558,43.0,21.0,2694,2040.0,960.0,68.0,26.0,13.0,0,1,1,1,8.09,44.0,5952.0,43.0,3303.0,27.0,5401.0,94.0,3268,17518.0,24838.0,0,0
138868,67.0,15.0,958,424.0,352.0,181.0,0.0,0.0,1,0,1,0,0.0,42.0,3903.0,97.0,13339.0,19.0,8506.0,100.0,24000,37935.0,37935.0,0,1
138947,25.0,16.0,27245,17497.0,1000.0,6.0,0.0,0.0,1,1,1,0,0.0,73.0,6339.0,48.0,11400.0,79.0,8455.0,100.0,28310,46270.0,46270.0,0,1
139144,100.0,12.0,6544,4188.0,616.0,0.0,4.0,15.0,0,1,0,0,19.98,26.0,5686.0,100.0,25687.0,43.0,8530.0,100.0,41686,59500.0,59500.0,1,0
139199,20.0,11.0,3625,3182.0,290.0,14.0,12.0,4.0,0,1,1,0,0.0,58.0,6317.0,97.0,18631.0,91.0,7504.0,99.0,34027,51077.0,51077.0,1,0
139205,44.0,15.0,996,961.0,257.0,17.0,0.0,0.0,1,0,0,1,0.0,65.0,5919.0,97.0,7223.0,63.0,7222.0,100.0,20120,39289.0,39289.0,0,1
139250,40.0,22.0,2627,2578.0,772.0,106.0,10.0,5.0,0,1,0,1,0.0,49.0,6078.0,24.0,2515.0,37.0,6299.0,87.0,3616,26710.0,34030.0,0,0
139311,62.0,20.0,1870,1280.0,518.0,79.0,43.0,13.0,0,1,1,0,0.0,76.0,6503.0,18.0,4125.0,46.0,6308.0,95.0,5180,22590.0,33942.0,0,0
139366,27.0,16.0,3648,3616.0,1150.0,80.0,14.0,12.0,0,1,1,1,0.0,57.0,6170.0,22.0,6074.0,44.0,6135.0,93.0,5898,25530.0,37242.0,0,0
139630,0.0,11.0,500,370.0,237.0,1.0,0.0,0.0,1,0,0,0,0.0,33.0,5821.0,63.0,19255.0,53.0,6559.0,99.0,25500,41208.0,41208.0,0,1
139658,100.0,10.0,33450,3562.0,1438.0,1.0,43.0,20.0,1,1,1,1,11.2,18.0,5840.0,45.0,53982.0,11.0,10331.0,52.0,64280,88414.0,88414.0,0,1
139719,25.0,21.0,5201,3426.0,781.0,28.0,4.0,1.0,0,1,1,0,3.58,80.0,6480.0,24.0,5310.0,76.0,5903.0,98.0,5526,23026.0,34432.0,0,0
139755,100.0,17.0,59789,8413.0,3836.0,8.0,77.0,35.0,0,1,1,1,0.0,12.0,5764.0,30.0,10698.0,18.0,7256.0,73.0,12058,29666.0,52092.0,0,0
139764,29.0,18.0,2328,1750.0,551.0,30.0,25.0,11.0,0,1,0,1,4.24,68.0,6479.0,35.0,3730.0,51.0,5552.0,96.0,5220,22710.0,34062.0,0,0
139861,100.0,17.0,6310,4936.0,1801.0,5.0,68.0,32.0,0,1,0,1,8.7,19.0,5395.0,9.0,3569.0,38.0,7337.0,97.0,9186,31211.0,51537.0,0,0
139931,49.0,25.0,20840,18317.0,5170.0,159.0,35.0,18.0,0,1,0,1,6.91,41.0,5936.0,30.0,5818.0,43.0,6427.0,91.0,6022,26906.0,38618.0,0,0
139940,54.0,25.0,33447,18543.0,4208.0,218.0,33.0,12.0,0,1,1,1,3.32,53.0,6046.0,28.0,5271.0,38.0,5712.0,94.0,8664,29166.0,45342.0,0,0
139959,96.0,17.0,42732,16108.0,6169.0,20.0,61.0,38.0,0,1,0,0,7.2,14.0,5659.0,26.0,6460.0,20.0,6825.0,89.0,11450,28872.0,49110.0,0,0
139968,33.0,20.0,1958,1682.0,607.0,108.0,14.0,6.0,0,1,0,0,4.6,66.0,6350.0,12.0,2197.0,54.0,5374.0,94.0,3628,19448.0,26768.0,0,0
140252,40.0,15.0,574,534.0,225.0,8.0,19.0,8.0,0,0,0,0,0.0,48.0,5558.0,72.0,8319.0,56.0,6562.0,93.0,15036,42321.0,42321.0,1,0
140340,25.0,14.0,80,75.0,52.0,22.0,0.0,0.0,0,0,1,0,0.0,57.0,5534.0,43.0,1976.0,43.0,8525.0,75.0,13450,43500.0,49618.0,1,0
140447,56.0,11.0,9813,6760.0,859.0,33.0,40.0,17.0,0,1,1,1,0.0,36.0,6043.0,100.0,26131.0,68.0,8746.0,100.0,42312,61534.0,61534.0,1,0
140553,50.0,14.0,5733,2520.0,684.0,1.0,0.0,11.0,0,1,0,0,15.0,48.0,6034.0,63.0,12790.0,63.0,9291.0,92.0,32893,52545.0,52545.0,1,0
140720,17.0,11.0,3105,2963.0,106.0,0.0,0.0,0.0,1,0,1,1,0.0,87.0,5879.0,99.0,3875.0,86.0,7016.0,100.0,14596,27632.0,27632.0,0,1
140818,0.0,12.0,1770,1651.0,241.0,3.0,25.0,10.0,1,1,1,0,7.53,45.0,6356.0,99.0,17648.0,67.0,8037.0,100.0,31700,49728.0,49728.0,0,1
140872,0.0,11.0,1841,1133.0,334.0,1.0,0.0,0.0,1,1,1,0,12.01,48.0,5926.0,99.0,15222.0,70.0,7328.0,100.0,30074,50166.0,50166.0,0,1
140951,73.0,21.0,15956,13241.0,3496.0,159.0,16.0,12.0,0,1,0,0,29.0,20.0,5609.0,97.0,10984.0,43.0,14749.0,98.0,41630,66008.0,66008.0,1,0
140988,50.0,14.0,904,872.0,292.0,4.0,6.0,7.0,1,1,0,0,0.0,43.0,6058.0,79.0,15852.0,62.0,6275.0,100.0,24630,37910.0,37910.0,0,1
141167,25.0,12.0,517,198.0,140.0,13.0,26.0,6.0,0,0,1,0,0.0,92.0,1797.0,58.0,2543.0,84.0,2609.0,100.0,11640,23980.0,23980.0,1,0
141185,25.0,18.0,1125,742.0,270.0,22.0,9.0,8.0,1,1,0,0,3.9,50.0,6052.0,86.0,10258.0,63.0,6558.0,99.0,23950,38620.0,38620.0,0,1
141237,50.0,15.0,667,522.0,242.0,1.0,0.0,0.0,1,0,0,0,3.09,33.0,5719.0,100.0,11186.0,55.0,7439.0,100.0,26792,41828.0,41828.0,0,1
141264,53.0,17.0,6253,4520.0,1173.0,52.0,31.0,13.0,0,1,1,0,0.0,59.0,6253.0,22.0,9829.0,43.0,5812.0,93.0,6124,23218.0,34930.0,0,0
141334,62.0,18.0,8860,4573.0,1423.0,69.0,40.0,28.0,0,1,0,1,0.0,48.0,5928.0,48.0,3787.0,41.0,6183.0,97.0,6088,25982.0,37694.0,0,0
141486,42.0,11.0,1937,1771.0,292.0,11.0,4.0,0.0,1,1,1,0,0.0,47.0,6549.0,79.0,17009.0,39.0,7277.0,100.0,30874,52720.0,52720.0,0,1
141565,47.0,11.0,2301,1395.0,344.0,24.0,15.0,41.0,0,1,1,1,7.22,44.0,5889.0,78.0,4406.0,40.0,6408.0,88.0,7838,25768.0,38728.0,0,0
141574,62.0,15.0,16722,14481.0,3103.0,136.0,1.0,3.0,0,1,1,1,11.24,27.0,5466.0,60.0,5959.0,32.0,7050.0,76.0,12186,32316.0,54348.0,0,0
141644,25.0,15.0,14206,12198.0,465.0,5.0,15.0,9.0,0,1,1,0,0.0,38.0,5636.0,100.0,17326.0,50.0,8822.0,100.0,34392,58714.0,58714.0,1,0
141981,51.0,17.0,773,737.0,237.0,41.0,7.0,48.0,0,1,1,1,3.88,32.0,6127.0,44.0,3448.0,13.0,4656.0,66.0,7584,43500.0,49618.0,0,0
142090,100.0,14.0,42,38.0,30.0,1.0,20.0,0.0,1,0,0,0,0.0,48.0,5466.0,95.0,2988.0,48.0,4896.0,100.0,11802,26275.0,26275.0,0,1
142115,47.0,20.0,16082,14025.0,3379.0,113.0,0.0,0.0,0,1,1,1,0.0,26.0,5614.0,63.0,7854.0,36.0,8082.0,84.0,9048,31191.0,49931.0,0,0
142285,18.0,18.0,13443,10154.0,2025.0,34.0,53.0,4.0,0,1,0,1,13.0,30.0,5425.0,93.0,10315.0,52.0,5848.0,99.0,9084,26883.0,46119.0,0,0
142294,0.0,10.0,3650,1792.0,263.0,1.0,39.0,5.0,0,1,0,1,14.54,29.0,4929.0,100.0,27433.0,45.0,7013.0,100.0,37845,54068.0,54068.0,1,0
142328,41.0,16.0,4086,3583.0,527.0,41.0,0.0,0.0,0,1,1,1,3.41,43.0,5071.0,72.0,4773.0,45.0,5512.0,94.0,7610,26190.0,40608.0,0,0
142461,100.0,14.0,3247,2102.0,209.0,0.0,44.0,7.0,1,1,1,1,8.0,29.0,4953.0,98.0,23537.0,65.0,9974.0,100.0,40794,58594.0,58594.0,0,1
142522,46.0,22.0,18951,18146.0,7962.0,3453.0,21.0,25.0,1,0,0,0,0.0,23.0,6647.0,39.0,3943.0,14.0,5367.0,60.0,4800,16600.0,16600.0,0,1
142957,100.0,3.0,9,9.0,8.0,4.0,0.0,0.0,0,0,0,0,0.0,0.0,5759.0,100.0,7625.0,0.0,7519.5,100.0,7650,43500.0,49618.0,1,0
143048,100.0,10.0,6626,5133.0,604.0,0.0,0.0,0.0,0,1,0,0,33.47,20.0,5949.0,99.0,18265.0,42.0,9600.0,99.0,56420,80950.0,80950.0,1,0
143118,0.0,18.0,5384,4353.0,677.0,4.0,18.0,2.0,0,1,1,1,4.56,51.0,5674.0,99.0,14088.0,49.0,6457.0,100.0,29170,47460.0,47460.0,1,0
143358,33.0,11.0,9458,7260.0,811.0,4.0,0.0,0.0,0,1,0,0,9.99,38.0,5705.0,100.0,25339.0,67.0,7475.0,100.0,42160,59644.0,59644.0,1,0
144005,31.0,9.0,10638,4602.0,173.0,38.0,0.0,0.0,0,1,1,0,5.37,74.0,6827.0,85.0,8244.0,87.0,4958.0,99.0,12754,31704.0,31704.0,0,0
144281,23.0,15.0,7079,6333.0,959.0,15.0,0.0,0.0,0,1,0,1,8.0,54.0,5990.0,100.0,16131.0,53.0,7506.0,100.0,34088,59907.0,59907.0,1,0
144351,38.0,13.0,4200,3897.0,300.0,2.0,0.0,0.0,1,1,0,0,6.73,57.0,5583.0,95.0,19951.0,67.0,5947.0,97.0,37488,51598.0,51598.0,0,1
144740,75.0,17.0,31266,23729.0,2566.0,11.0,31.0,12.0,1,1,1,0,9.12,34.0,5468.0,99.0,24831.0,48.0,6859.0,100.0,45999,69027.0,69027.0,0,1
144892,67.0,14.0,12539,8194.0,804.0,7.0,3.0,0.0,0,1,1,1,4.4,54.0,5640.0,91.0,5204.0,54.0,7578.0,96.0,13679,28055.0,30593.0,0,0
145336,38.0,11.0,2944,1421.0,239.0,13.0,0.0,0.0,0,1,1,0,0.0,59.0,5598.0,44.0,1865.0,36.0,5566.0,88.0,12004,28740.0,28740.0,0,0
145372,100.0,13.0,1757,1713.0,255.0,1.0,13.0,7.0,1,1,0,0,0.0,48.0,5225.0,100.0,19213.0,60.0,6902.0,100.0,32200,48470.0,48470.0,0,1
145497,50.0,5.0,14,8.0,7.0,2.0,14.0,0.0,1,1,0,0,4.57,13.0,7395.0,67.0,12847.0,20.0,4583.0,93.0,15150,38184.0,38184.0,0,1
145600,48.0,17.0,27085,20951.0,4419.0,59.0,30.0,5.0,0,1,1,1,6.9,56.0,5781.0,70.0,5552.0,19.0,8143.0,80.0,14338,38264.0,53810.0,0,0
145619,0.0,15.0,3043,2898.0,451.0,7.0,0.0,0.0,1,1,1,1,5.7,44.0,5631.0,99.0,17279.0,57.0,6311.0,100.0,35940,52388.0,52388.0,0,1
145637,44.0,20.0,73742,31247.0,9008.0,4.0,48.0,16.0,0,1,0,1,9.07,24.0,5908.0,49.0,11774.0,29.0,6759.0,64.0,16004,34226.0,53346.0,0,0
145725,33.0,14.0,12216,6710.0,519.0,3.0,30.0,8.0,0,1,1,0,0.0,47.0,6163.0,100.0,37714.0,36.0,6892.0,100.0,52386,75682.0,75682.0,1,0
145813,50.0,19.0,21573,19017.0,4285.0,18.0,44.0,8.0,0,1,0,1,10.34,39.0,5935.0,94.0,6444.0,50.0,7564.0,98.0,16144,34602.0,46668.0,0,0
146339,0.0,10.0,830,395.0,155.0,2.0,17.0,36.0,1,1,1,0,15.0,41.0,5701.0,98.0,19212.0,56.0,5369.0,98.0,31360,47450.0,47450.0,0,1
146612,40.0,13.0,6302,4493.0,686.0,5.0,24.0,4.0,1,1,1,1,6.05,38.0,6088.0,100.0,22521.0,53.0,8799.0,100.0,39200,55030.0,55030.0,0,1
146719,60.0,13.0,39315,32081.0,2763.0,1.0,23.0,15.0,1,1,1,0,17.17,32.0,6088.0,96.0,25247.0,50.0,9026.0,99.0,53710,74020.0,74020.0,0,1
147013,100.0,16.0,3066,2199.0,413.0,3.0,0.0,0.0,1,1,1,1,9.36,35.0,5746.0,93.0,21748.0,57.0,6547.0,97.0,34740,51192.0,51192.0,0,1
147244,0.0,10.0,5144,3430.0,342.0,3.0,35.0,9.0,0,1,1,0,10.0,47.0,6103.0,100.0,28307.0,63.0,7439.0,100.0,26892,43965.0,43965.0,1,0
147369,57.0,14.0,387,320.0,211.0,23.0,0.0,0.0,1,1,1,0,11.14,38.0,4952.0,78.0,11876.0,38.0,7365.0,90.0,15786,35392.0,35392.0,0,1
147536,26.0,17.0,4063,3862.0,711.0,55.0,0.0,0.0,0,0,1,0,0.0,72.0,5405.0,18.0,4338.0,11.0,7221.0,87.0,12705,43500.0,49618.0,1,0
147703,30.0,15.0,23651,16505.0,1991.0,12.0,0.0,0.0,0,1,1,1,5.0,60.0,5696.0,96.0,6121.0,54.0,6167.0,99.0,13248,31030.0,31030.0,0,0
147776,46.0,9.0,8955,6680.0,567.0,34.0,0.0,0.0,0,1,0,0,5.22,81.0,5533.0,78.0,840.0,14.0,5776.0,90.0,12383,30460.0,40803.0,0,0
147828,0.0,15.0,5789,3234.0,791.0,1.0,29.0,16.0,1,1,1,1,8.52,44.0,5583.0,97.0,24617.0,70.0,6868.0,100.0,38900,55685.0,55685.0,0,1
148487,20.0,11.0,7427,7216.0,631.0,1.0,23.0,4.0,0,1,1,1,7.0,60.0,5713.0,92.0,6203.0,49.0,7312.0,96.0,21315,44990.0,44990.0,1,0
148496,67.0,12.0,6873,6208.0,749.0,2.0,11.0,1.0,1,1,1,0,8.5,67.0,5867.0,100.0,21125.0,48.0,5213.0,100.0,38978,53744.0,53744.0,0,1
148627,0.0,16.0,6434,5424.0,735.0,6.0,0.0,0.0,1,1,1,0,7.0,69.0,6132.0,100.0,21602.0,90.0,4745.0,100.0,37940,54440.0,54440.0,0,1
148654,40.0,13.0,2430,2087.0,262.0,5.0,32.0,11.0,0,1,1,0,8.9,43.0,5547.0,85.0,9099.0,41.0,5637.0,97.0,12252,28694.0,38459.0,0,0
149222,28.0,11.0,10858,9433.0,1758.0,48.0,37.0,8.0,0,1,1,0,7.5,52.0,5990.0,81.0,5667.0,57.0,7182.0,98.0,13334,29726.0,29726.0,0,0
149231,55.0,15.0,10150,9896.0,1550.0,16.0,35.0,12.0,0,1,0,1,8.9,40.0,6059.0,89.0,5414.0,43.0,7101.0,95.0,12922,33262.0,33262.0,0,0
149514,17.0,3.0,13,13.0,6.0,2.0,0.0,0.0,1,0,1,0,0.0,100.0,3515.0,100.0,2398.0,25.0,6773.0,100.0,12320,22497.0,22497.0,0,1
149772,18.0,12.0,8674,6174.0,634.0,19.0,0.0,0.0,0,1,1,1,8.26,26.0,5849.0,53.0,7553.0,29.0,7773.0,55.0,15264,29556.0,29556.0,0,0
150066,33.0,10.0,5306,4210.0,351.0,0.0,59.0,10.0,1,1,1,0,7.07,44.0,5164.0,98.0,20456.0,68.0,8115.0,100.0,37240,54840.0,54840.0,0,1
150136,52.0,14.0,21093,18034.0,3686.0,49.0,37.0,1.0,0,1,1,1,14.72,42.0,5761.0,58.0,7282.0,54.0,7474.0,91.0,11082,27442.0,45990.0,0,0
150145,25.0,12.0,985,962.0,264.0,3.0,59.0,11.0,1,1,1,0,12.6,41.0,5303.0,90.0,20303.0,66.0,6301.0,96.0,34600,48950.0,48950.0,0,1
150668,0.0,9.0,1576,1325.0,198.0,0.0,11.0,1.0,1,1,1,1,16.7,47.0,5461.0,100.0,25471.0,52.0,5795.0,100.0,38890,54470.0,54470.0,0,1
150774,64.0,13.0,1954,1469.0,286.0,18.0,0.0,0.0,1,1,1,1,10.0,26.0,5932.0,71.0,22927.0,71.0,6211.0,85.0,36600,53350.0,53350.0,0,1
150941,85.0,11.0,1691,1279.0,259.0,17.0,69.0,12.0,1,1,0,0,0.0,36.0,5039.0,95.0,17608.0,49.0,8772.0,97.0,31870,45866.0,45866.0,0,1
151102,36.0,13.0,7631,6402.0,1371.0,53.0,45.0,4.0,0,1,1,0,9.0,41.0,5651.0,88.0,2217.0,36.0,5633.0,97.0,9532,28091.0,41446.0,0,0
151111,41.0,13.0,15643,11947.0,2942.0,80.0,33.0,4.0,0,1,1,1,0.0,45.0,5385.0,72.0,4447.0,33.0,7200.0,91.0,10762,27938.0,52067.0,0,0
151263,33.0,12.0,10891,7242.0,770.0,1.0,0.0,0.0,1,1,0,0,12.0,49.0,6083.0,100.0,21786.0,48.0,8176.0,100.0,37200,56502.0,56502.0,0,1
151306,74.0,15.0,4602,4409.0,1321.0,11.0,39.0,8.0,0,1,0,0,7.71,37.0,5544.0,93.0,4400.0,40.0,6398.0,98.0,10066,25340.0,38181.0,0,0
151324,60.0,16.0,12134,9801.0,1417.0,8.0,0.0,0.0,0,1,0,0,0.0,51.0,5650.0,93.0,5960.0,53.0,6016.0,98.0,10258,26160.0,38224.0,0,0
151333,70.0,15.0,1938,1676.0,529.0,16.0,36.0,2.0,0,1,1,1,0.0,46.0,5301.0,40.0,2332.0,28.0,5393.0,90.0,8424,43500.0,49618.0,0,0
151342,47.0,15.0,2815,2360.0,920.0,80.0,29.0,1.0,0,1,1,1,0.0,51.0,5547.0,46.0,1810.0,33.0,4971.0,87.0,8424,22392.0,36779.0,0,0
151351,63.0,18.0,67658,52918.0,9611.0,21.0,42.0,14.0,0,1,1,1,0.0,18.0,5707.0,69.0,7434.0,33.0,9937.0,82.0,12144,30602.0,60349.0,0,0
151360,62.0,15.0,2928,2149.0,505.0,48.0,32.0,2.0,0,1,1,1,0.0,48.0,5764.0,54.0,2109.0,28.0,4877.0,86.0,8424,43500.0,49618.0,0,0
151379,55.0,13.0,2040,1723.0,684.0,49.0,32.0,8.0,0,1,1,1,0.0,39.0,5287.0,62.0,2635.0,28.0,5538.0,89.0,8424,24148.0,38535.0,0,0
151388,17.0,15.0,2035,1368.0,399.0,31.0,20.0,7.0,0,1,1,1,0.0,52.0,5274.0,57.0,2737.0,29.0,5115.0,89.0,8424,43500.0,49618.0,0,0
151786,100.0,13.0,3745,3575.0,559.0,15.0,0.0,0.0,1,1,1,1,10.26,46.0,6567.0,86.0,27135.0,72.0,6682.0,97.0,40664,60413.0,60413.0,0,1
151801,33.0,12.0,3761,3345.0,567.0,3.0,57.0,13.0,1,1,0,0,16.1,32.0,4915.0,100.0,16781.0,82.0,7330.0,100.0,32352,46620.0,46620.0,0,1
152099,100.0,13.0,549,453.0,147.0,1.0,0.0,0.0,1,0,1,1,0.0,55.0,5347.0,100.0,20033.0,53.0,5494.0,100.0,27900,44390.0,44390.0,0,1
152336,14.0,11.0,2008,1927.0,414.0,3.0,79.0,8.0,1,1,0,0,6.87,44.0,5842.0,100.0,20569.0,58.0,6576.0,100.0,36460,53120.0,53120.0,0,1
152381,75.0,9.0,1228,889.0,185.0,12.0,0.0,0.0,1,1,0,0,12.7,54.0,5827.0,87.0,20286.0,57.0,9362.0,100.0,35270,54818.0,54818.0,0,1
152567,67.0,16.0,3988,3409.0,641.0,4.0,0.0,0.0,0,1,0,0,10.05,30.0,5454.0,96.0,22065.0,69.0,9483.0,96.0,36560,54480.0,54480.0,1,0
152600,0.0,10.0,6199,5544.0,534.0,0.0,30.0,5.0,1,1,0,1,7.99,35.0,5724.0,100.0,32045.0,54.0,8051.0,100.0,48450,65138.0,65138.0,0,1
153250,100.0,14.0,1773,1214.0,461.0,3.0,18.0,85.0,1,1,0,0,4.0,22.0,4374.0,100.0,20819.0,49.0,10045.0,100.0,37050,53400.0,53400.0,0,1
153278,80.0,10.0,1486,1317.0,307.0,4.0,16.0,31.0,1,1,1,0,6.04,34.0,6090.0,100.0,24766.0,74.0,14641.0,100.0,42095,55945.0,55945.0,0,1
153320,0.0,14.0,274,185.0,127.0,2.0,15.0,54.0,1,1,0,0,0.0,48.0,5554.0,96.0,8825.0,34.0,5195.0,98.0,20270,34408.0,34408.0,0,1
153375,50.0,12.0,1426,1413.0,295.0,4.0,0.0,0.0,1,1,1,0,0.0,44.0,5246.0,100.0,20258.0,67.0,7910.0,100.0,34762,54440.0,54440.0,0,1
153603,82.0,18.0,23095,20475.0,5906.0,19.0,13.0,46.0,0,1,1,1,5.3,18.0,5486.0,75.0,9608.0,46.0,8515.0,89.0,10787,24695.0,42789.0,0,0
153658,64.0,16.0,27770,23222.0,5208.0,21.0,19.0,57.0,0,1,0,1,5.85,17.0,5530.0,72.0,8888.0,48.0,9592.0,90.0,11283,29219.0,51307.0,0,0
153861,22.0,13.0,93,89.0,67.0,30.0,0.0,0.0,0,1,1,0,0.0,84.0,6350.0,87.0,6425.0,77.0,12329.0,97.0,16530,29530.0,29530.0,1,0
153977,63.0,7.0,679,677.0,174.0,128.0,0.0,9.0,1,0,1,0,5.14,45.0,5178.0,16.0,1925.0,57.0,8692.0,88.0,17664,43500.0,49618.0,0,1
154095,29.0,18.0,5360,4971.0,1546.0,8.0,2.0,43.0,0,1,0,1,11.78,26.0,5299.0,80.0,3722.0,47.0,6051.0,84.0,9936,23372.0,35148.0,0,0
154235,0.0,11.0,2964,2292.0,383.0,1.0,13.0,10.0,1,1,1,1,23.42,35.0,5256.0,100.0,22530.0,61.0,9253.0,100.0,36658,54956.0,54956.0,0,1
154493,0.0,25.0,452,436.0,148.0,0.0,2.0,13.0,0,1,1,0,0.0,40.0,5450.0,86.0,10606.0,64.0,7232.0,98.0,19475,35133.0,35133.0,1,0
154590,50.0,15.0,1305,677.0,284.0,1.0,21.0,32.0,1,0,1,0,0.0,54.0,5648.0,100.0,14833.0,94.0,7705.0,100.0,29750,45200.0,45200.0,0,1
154688,100.0,13.0,998,940.0,240.0,2.0,0.0,1.0,1,1,1,0,0.0,40.0,5099.0,100.0,20800.0,63.0,7266.0,100.0,35300,51959.0,51959.0,0,1
154712,100.0,16.0,2715,2664.0,609.0,2.0,20.0,30.0,1,1,1,0,6.6,23.0,4739.0,100.0,21794.0,68.0,7332.0,100.0,36350,55430.0,55430.0,0,1
154855,100.0,15.0,719,379.0,131.0,1.0,0.0,0.0,1,1,0,0,0.0,50.0,5761.0,86.0,17325.0,60.0,7048.0,100.0,21000,34850.0,34850.0,0,1
155025,67.0,16.0,1918,1874.0,430.0,7.0,0.0,16.0,0,1,0,0,0.0,40.0,5354.0,84.0,2795.0,74.0,7105.0,99.0,7106,22887.0,31200.0,0,0
155061,45.0,15.0,2619,2364.0,989.0,48.0,3.0,89.0,0,1,0,0,0.0,34.0,5325.0,82.0,4406.0,43.0,5862.0,96.0,5923,21107.0,32925.0,0,0
155089,0.0,12.0,1025,566.0,253.0,1.0,4.0,22.0,0,1,1,1,0.0,43.0,5648.0,99.0,17503.0,72.0,8082.0,100.0,34192,55537.0,55537.0,1,0
155317,65.0,18.0,22363,20905.0,5323.0,54.0,9.0,55.0,0,1,1,1,7.96,22.0,5405.0,87.0,9831.0,46.0,7579.0,94.0,12102,28808.0,47138.0,0,0
155399,44.0,19.0,15509,12669.0,3482.0,66.0,6.0,81.0,0,1,1,1,7.2,21.0,5333.0,89.0,7458.0,43.0,7056.0,95.0,11221,28141.0,45488.0,0,0
155627,50.0,12.0,2611,2166.0,306.0,21.0,4.0,20.0,1,1,0,0,0.0,39.0,5393.0,100.0,20636.0,90.0,8945.0,100.0,35880,55884.0,55884.0,0,1
155681,75.0,14.0,3138,2806.0,895.0,14.0,0.0,3.0,0,1,0,0,4.05,34.0,5592.0,49.0,2219.0,48.0,5993.0,92.0,8400,25340.0,36684.0,0,0
155812,100.0,11.0,1159,1004.0,208.0,9.0,6.0,35.0,1,1,1,0,0.0,47.0,5885.0,99.0,21504.0,91.0,7988.0,100.0,35380,49608.0,49608.0,0,1
155900,22.0,10.0,1452,1097.0,210.0,3.0,0.0,0.0,1,1,0,0,0.0,50.0,5237.0,98.0,24514.0,77.0,8678.0,99.0,39822,60420.0,60420.0,0,1
155937,0.0,8.0,820,395.0,120.0,1.0,0.0,1.0,0,1,0,0,5.29,51.0,5790.0,100.0,18564.0,67.0,6692.0,100.0,33700,49168.0,49168.0,1,0
156125,37.0,19.0,9916,9316.0,1871.0,97.0,6.0,68.0,0,1,0,1,9.0,44.0,5696.0,80.0,4602.0,41.0,8354.0,92.0,9684,26914.0,37099.0,0,0
156189,0.0,15.0,2673,2011.0,213.0,0.0,3.0,88.0,0,1,0,0,0.0,65.0,4916.0,68.0,4945.0,46.0,4029.0,99.0,13960,32036.0,32036.0,1,0
156213,50.0,13.0,2063,1308.0,342.0,4.0,0.0,0.0,0,1,0,1,9.86,33.0,5091.0,99.0,20252.0,50.0,7574.0,100.0,33640,49116.0,49116.0,1,0
156286,0.0,12.0,4779,4115.0,539.0,0.0,4.0,26.0,1,1,0,0,9.44,48.0,5540.0,99.0,31277.0,50.0,6837.0,100.0,48770,64280.0,64280.0,0,1
156356,0.0,13.0,2145,756.0,141.0,1.0,0.0,0.0,1,1,1,0,18.9,37.0,5759.0,99.0,22535.0,44.0,5676.0,100.0,31550,49750.0,49750.0,0,1
156365,22.0,19.0,5000,3987.0,557.0,20.0,0.0,0.0,1,1,1,0,0.0,42.0,5532.0,64.0,17187.0,45.0,6180.0,79.0,27998,45000.0,45000.0,0,1
156408,100.0,10.0,3747,2037.0,395.0,0.0,8.0,46.0,0,1,0,1,13.0,29.0,5728.0,100.0,38624.0,56.0,6393.0,100.0,52820,70810.0,70810.0,1,0
156541,32.0,23.0,3037,3001.0,999.0,162.0,0.0,0.0,1,1,0,0,0.0,53.0,5589.0,83.0,4557.0,60.0,5410.0,99.0,9875,26372.0,26372.0,0,1
156620,30.0,17.0,17024,13212.0,2635.0,73.0,1.0,97.0,0,1,0,0,8.79,51.0,5503.0,83.0,5773.0,46.0,6797.0,99.0,10320,26238.0,37148.0,0,0
157058,7.0,10.0,1453,1396.0,377.0,23.0,0.0,21.0,0,1,1,0,0.0,79.0,6824.0,63.0,3521.0,75.0,6479.0,99.0,9387,24233.0,28504.0,0,0
157085,39.0,18.0,31517,29293.0,6513.0,75.0,7.0,50.0,0,1,1,1,9.14,25.0,5577.0,87.0,9939.0,41.0,10702.0,97.0,13502,36558.0,57196.0,0,0
157100,20.0,12.0,962,586.0,164.0,0.0,2.0,34.0,1,0,0,0,0.0,57.0,4738.0,51.0,24159.0,73.0,6385.0,98.0,26625,42773.0,42773.0,0,1
157289,53.0,14.0,15668,12442.0,3120.0,156.0,18.0,85.0,0,1,1,0,0.0,40.0,5656.0,91.0,9948.0,37.0,7664.0,98.0,13136,35114.0,51460.0,0,0
157377,67.0,15.0,1071,1019.0,234.0,1.0,3.0,31.0,1,1,1,0,6.7,44.0,5831.0,95.0,12047.0,65.0,6556.0,100.0,27220,51000.0,51000.0,0,1
157386,25.0,16.0,9134,7052.0,1284.0,17.0,0.0,1.0,0,1,1,1,6.41,56.0,5626.0,71.0,6689.0,59.0,5232.0,99.0,10024,24526.0,29482.0,0,0
157401,17.0,17.0,10486,8984.0,1562.0,10.0,19.0,82.0,0,1,1,0,9.0,43.0,5993.0,96.0,9225.0,45.0,8392.0,100.0,9900,25574.0,35510.0,0,0
157447,49.0,19.0,6058,4098.0,1510.0,73.0,5.0,73.0,0,1,1,1,6.54,36.0,6370.0,76.0,7204.0,44.0,7082.0,99.0,11088,27100.0,37924.0,0,0
157748,77.0,16.0,605,338.0,189.0,19.0,30.0,48.0,1,0,0,0,0.0,0.0,5759.0,33.0,1613.0,20.0,14880.0,45.0,11046,22462.0,22462.0,0,1
157757,0.0,9.0,727,723.0,113.0,6.0,16.0,69.0,1,1,0,0,5.26,46.0,5560.0,100.0,12301.0,82.0,6942.0,100.0,29200,48310.0,48310.0,0,1
157818,100.0,10.0,1851,1602.0,261.0,0.0,5.0,67.0,1,1,0,0,18.0,29.0,5526.0,100.0,29670.0,48.0,7920.0,100.0,46870,65232.0,65232.0,0,1
157863,0.0,14.0,996,629.0,244.0,1.0,0.0,54.0,1,1,0,0,0.0,52.0,6810.0,100.0,19794.0,62.0,5424.0,100.0,30946,44807.0,44807.0,0,1
157951,41.0,19.0,9840,9237.0,2788.0,35.0,3.0,3.0,0,1,0,1,0.0,41.0,5553.0,91.0,6225.0,46.0,7267.0,99.0,11652,27718.0,43066.0,0,0
158802,0.0,14.0,7618,3189.0,188.0,0.0,11.0,30.0,1,1,1,1,0.0,76.0,5994.0,100.0,10639.0,87.0,6785.0,100.0,23918,44685.0,44685.0,0,1
159009,60.0,25.0,12976,5821.0,1047.0,34.0,6.0,22.0,0,0,0,0,0.0,79.0,6451.0,43.0,5333.0,79.0,6437.0,95.0,7683,25663.0,34686.0,0,0
159382,68.0,33.0,959,883.0,588.0,47.0,4.0,99.0,0,0,0,0,0.0,55.0,5869.0,48.0,1625.0,45.0,5683.0,91.0,7050,21180.0,28780.0,0,0
159391,30.0,21.0,47065,34513.0,7925.0,13.0,7.0,40.0,0,1,1,1,11.7,35.0,5990.0,76.0,7849.0,39.0,8654.0,93.0,11954,36064.0,52741.0,0,0
159416,33.0,30.0,1917,969.0,305.0,22.0,5.0,81.0,0,1,1,0,0.0,47.0,6201.0,64.0,5180.0,22.0,5169.0,95.0,7518,24560.0,24560.0,0,0
159647,44.0,21.0,8491,7336.0,2453.0,6.0,5.0,80.0,0,1,0,0,0.0,33.0,5768.0,78.0,6042.0,40.0,6007.0,97.0,10125,24936.0,31677.0,0,0
159656,100.0,12.0,5140,4783.0,579.0,6.0,0.0,0.0,1,1,1,1,12.76,41.0,6206.0,99.0,33159.0,61.0,7643.0,99.0,49440,69989.0,69989.0,0,1
159717,27.0,20.0,3902,3054.0,1166.0,11.0,7.0,86.0,0,1,1,0,4.24,48.0,5907.0,44.0,4487.0,37.0,5098.0,93.0,8489,26650.0,28150.0,0,0
159939,50.0,19.0,7401,5500.0,993.0,20.0,6.0,82.0,0,1,1,1,4.8,57.0,6132.0,60.0,3973.0,31.0,5699.0,90.0,9172,26204.0,31040.0,0,0
159966,40.0,19.0,3369,3059.0,1082.0,7.0,3.0,82.0,0,1,1,0,5.0,44.0,6059.0,53.0,4962.0,41.0,5847.0,95.0,8149,27101.0,28194.0,0,0
159993,59.0,18.0,4224,3580.0,1255.0,183.0,14.0,86.0,0,1,0,0,7.09,51.0,6043.0,80.0,6404.0,48.0,5934.0,98.0,9190,27316.0,39416.0,0,0
160038,29.0,16.0,3015,2790.0,1043.0,25.0,3.0,85.0,0,1,0,1,0.0,55.0,6231.0,69.0,5177.0,49.0,6181.0,97.0,8864,27310.0,38098.0,0,0
160065,100.0,7.0,1116,822.0,49.0,3.0,0.0,0.0,1,0,1,0,0.0,42.0,5908.0,76.0,7499.0,58.0,7535.0,100.0,16576,43500.0,49618.0,0,1
160074,100.0,14.0,384,379.0,112.0,7.0,0.0,0.0,1,0,0,0,8.48,39.0,5250.0,41.0,8049.0,48.0,7313.0,97.0,18310,43500.0,49618.0,0,1
160612,54.0,20.0,6255,6212.0,2408.0,680.0,0.0,94.0,0,1,0,1,8.07,43.0,5734.0,80.0,3136.0,41.0,5726.0,99.0,8373,25837.0,38315.0,0,0
160621,32.0,21.0,24340,8547.0,1715.0,41.0,12.0,63.0,0,1,1,0,0.0,83.0,6496.0,16.0,3582.0,86.0,9018.0,98.0,9922,25136.0,32486.0,0,0
160630,33.0,13.0,6526,5149.0,163.0,3.0,10.0,64.0,0,0,1,0,0.0,83.0,6954.0,33.0,8877.0,60.0,3534.0,91.0,8054,26911.0,35811.0,0,0
160658,31.0,18.0,11099,9657.0,3064.0,15.0,1.0,45.0,0,1,0,1,5.12,53.0,6040.0,62.0,5071.0,54.0,6401.0,96.0,10418,30019.0,43747.0,0,0
160904,43.0,11.0,10260,7083.0,839.0,6.0,33.0,46.0,1,1,0,1,5.87,64.0,6836.0,100.0,16722.0,63.0,6607.0,100.0,28733,43128.0,43128.0,0,1
161226,33.0,13.0,1496,1447.0,269.0,11.0,9.0,0.0,0,1,0,1,16.0,42.0,5414.0,89.0,4436.0,65.0,7411.0,98.0,11308,27208.0,39778.0,0,0
161235,100.0,21.0,529,518.0,67.0,2.0,0.0,0.0,0,1,0,0,0.0,43.0,5623.0,88.0,6640.0,37.0,5601.0,97.0,9420,22758.0,28218.0,0,0
161253,52.0,15.0,14044,13572.0,2093.0,45.0,0.0,0.0,0,1,0,1,15.8,29.0,5081.0,97.0,10335.0,55.0,9576.0,99.0,13326,30006.0,53436.0,0,0
161341,38.0,30.0,757,756.0,146.0,30.0,0.0,0.0,0,1,0,0,0.0,52.0,5392.0,74.0,3204.0,43.0,4893.0,86.0,9402,23632.0,29092.0,0,0
161457,100.0,11.0,4958,4543.0,562.0,2.0,0.0,0.0,0,1,0,1,6.5,21.0,5085.0,98.0,22073.0,76.0,13149.0,100.0,44210,66410.0,66410.0,1,0
161554,61.0,14.0,5822,4613.0,707.0,20.0,10.0,2.0,0,1,1,0,15.4,46.0,5384.0,89.0,7272.0,53.0,8057.0,97.0,11284,27724.0,44384.0,0,0
161873,0.0,10.0,127,100.0,37.0,4.0,14.0,0.0,0,1,1,1,6.11,56.0,6280.0,68.0,5358.0,40.0,8355.0,96.0,9992,43500.0,49618.0,0,0
162007,31.0,15.0,4669,3381.0,922.0,14.0,1.0,0.0,0,1,0,0,0.0,53.0,5929.0,2.0,5693.0,50.0,10005.0,69.0,9218,25619.0,36339.0,0,0
162061,0.0,9.0,616,458.0,76.0,2.0,0.0,0.0,0,0,1,0,7.6,49.0,6298.0,90.0,14694.0,70.0,6192.0,91.0,27592,45544.0,45544.0,1,0
162210,33.0,9.0,2765,1277.0,119.0,6.0,14.0,0.0,1,1,1,0,0.0,51.0,5481.0,97.0,13119.0,50.0,7533.0,100.0,26604,40225.0,40225.0,0,1
162283,30.0,12.0,8946,4100.0,482.0,15.0,4.0,0.0,0,1,1,0,5.8,69.0,6165.0,71.0,8275.0,42.0,5352.0,93.0,7100,26206.0,33130.0,0,0
162584,0.0,13.0,5037,4492.0,603.0,0.0,0.0,0.0,0,1,0,0,10.1,42.0,5587.0,87.0,6642.0,52.0,7411.0,97.0,10220,27708.0,43302.0,0,0
162654,25.0,9.0,3683,2862.0,277.0,3.0,20.0,5.0,0,1,0,1,33.78,35.0,6152.0,99.0,39083.0,51.0,7438.0,100.0,53350,74540.0,74540.0,1,0
163046,100.0,12.0,10797,8151.0,945.0,0.0,14.0,3.0,1,1,1,0,16.0,22.0,5484.0,99.0,38876.0,56.0,10030.0,99.0,57150,78360.0,78360.0,0,1
163268,56.0,17.0,14325,10375.0,2241.0,9.0,27.0,3.0,0,1,1,1,10.7,29.0,6019.0,87.0,5791.0,30.0,6746.0,93.0,13256,33766.0,51785.0,0,0
163286,90.0,17.0,60056,26902.0,5818.0,23.0,42.0,7.0,0,1,0,1,0.0,16.0,6083.0,48.0,9909.0,23.0,9844.0,67.0,11809,31731.0,61108.0,0,0
163338,9.0,11.0,9306,8972.0,774.0,12.0,0.0,0.0,0,1,1,0,0.0,66.0,5952.0,93.0,5884.0,59.0,6285.0,99.0,9076,26677.0,37723.0,0,0
163453,56.0,18.0,23366,19214.0,2377.0,8.0,22.0,3.0,0,1,1,1,6.5,64.0,5910.0,92.0,5777.0,72.0,7265.0,99.0,8229,27114.0,38009.0,0,0
163462,100.0,13.0,6041,4459.0,546.0,1.0,13.0,2.0,1,1,1,0,15.52,43.0,6410.0,100.0,31611.0,59.0,8532.0,100.0,48630,66700.0,66700.0,0,1
163851,50.0,14.0,8845,7737.0,1423.0,2.0,11.0,1.0,0,1,0,1,12.2,29.0,5445.0,86.0,4721.0,44.0,7978.0,93.0,11084,30472.0,41562.0,0,0
164076,56.0,14.0,19777,16212.0,2947.0,16.0,17.0,1.0,0,1,0,1,5.82,41.0,6005.0,64.0,5246.0,46.0,6463.0,86.0,11728,32730.0,50822.0,0,0
164447,50.0,16.0,2540,2529.0,284.0,0.0,0.0,0.0,0,1,1,0,10.0,67.0,4034.0,100.0,32410.0,77.0,7147.0,100.0,44230,64050.0,64050.0,1,0
164614,0.0,6.0,11,10.0,1.0,0.0,0.0,0.0,1,0,1,0,0.0,60.0,4445.0,100.0,2650.0,60.0,3877.0,100.0,14304,29195.0,29195.0,0,1
164748,60.0,9.0,7050,3069.0,1395.0,107.0,0.0,0.0,0,1,0,0,12.0,14.0,5419.0,71.0,24063.0,36.0,14193.0,81.0,52040,75678.0,75678.0,1,0
165015,100.0,10.0,10462,4237.0,735.0,0.0,30.0,10.0,0,1,0,0,21.3,15.0,6384.0,62.0,40765.0,27.0,10214.0,65.0,68080,90224.0,90224.0,1,0
165024,42.0,17.0,9096,7987.0,1551.0,53.0,8.0,1.0,0,1,1,0,11.8,38.0,5690.0,70.0,4872.0,84.0,6270.0,96.0,11808,33100.0,39240.0,0,0
165529,0.0,12.0,5313,4657.0,535.0,4.0,4.0,0.0,0,1,1,1,8.57,42.0,6043.0,100.0,30530.0,82.0,11149.0,100.0,47970,70120.0,70120.0,1,0
165699,0.0,13.0,5522,3932.0,836.0,0.0,10.0,1.0,0,1,1,0,23.0,13.0,4673.0,96.0,17175.0,68.0,12529.0,98.0,40650,61726.0,61726.0,1,0
165820,0.0,11.0,4582,3983.0,539.0,1.0,12.0,1.0,0,1,1,1,10.47,46.0,5406.0,89.0,3972.0,60.0,6526.0,97.0,11346,30398.0,36478.0,0,0
165866,33.0,12.0,4532,3789.0,587.0,3.0,7.0,1.0,0,1,0,0,24.7,50.0,5689.0,71.0,3479.0,64.0,7024.0,92.0,11920,31808.0,37888.0,0,0
165936,33.0,10.0,2366,1638.0,353.0,0.0,29.0,8.0,1,1,0,1,14.4,20.0,4695.0,100.0,15472.0,56.0,8922.0,100.0,30700,46200.0,46200.0,0,1
166452,33.0,10.0,2526,2447.0,193.0,9.0,0.0,0.0,0,1,1,0,27.8,31.0,5427.0,100.0,16487.0,65.0,11109.0,100.0,34256,57956.0,57956.0,1,0
166513,49.0,17.0,13781,11444.0,2068.0,45.0,27.0,2.0,0,1,0,1,8.01,37.0,5467.0,79.0,9322.0,65.0,7177.0,92.0,16966,35680.0,54978.0,0,0
166629,45.0,17.0,50261,30020.0,5388.0,13.0,22.0,3.0,0,1,1,0,12.31,18.0,5574.0,80.0,10208.0,47.0,9035.0,89.0,17772,37122.0,59799.0,0,0
166638,46.0,15.0,21262,17813.0,2187.0,46.0,32.0,2.0,0,1,0,0,0.0,49.0,5804.0,87.0,7985.0,57.0,7538.0,92.0,15908,39030.0,61247.0,0,0
166656,100.0,9.0,6010,5121.0,673.0,3.0,7.0,1.0,0,1,0,1,16.06,41.0,6711.0,100.0,19934.0,73.0,14493.0,100.0,40530,70314.0,70314.0,1,0
166674,100.0,9.0,2756,2102.0,363.0,6.0,0.0,0.0,0,1,0,0,10.02,34.0,5838.0,65.0,5643.0,59.0,10406.0,89.0,15400,38920.0,66920.0,0,0
167288,0.0,8.0,1208,1084.0,125.0,1.0,0.0,0.0,0,1,1,1,23.0,43.0,5568.0,99.0,4533.0,90.0,6176.0,100.0,12436,31112.0,40057.0,0,0
167729,65.0,12.0,7953,7625.0,858.0,21.0,0.0,0.0,0,1,0,0,14.61,48.0,5773.0,98.0,3834.0,58.0,7765.0,98.0,12338,32160.0,39353.0,0,0
167783,100.0,9.0,4773,3340.0,361.0,0.0,17.0,3.0,0,1,0,0,26.6,33.0,6095.0,100.0,31562.0,61.0,8812.0,100.0,46874,68322.0,68322.0,1,0
167987,36.0,16.0,10669,9670.0,1303.0,12.0,10.0,1.0,0,1,0,1,0.0,48.0,5513.0,94.0,6002.0,76.0,7552.0,99.0,15612,37350.0,54305.0,0,0
168005,60.0,15.0,10308,8487.0,923.0,1.0,12.0,2.0,0,1,1,1,21.36,37.0,5809.0,98.0,28125.0,59.0,10907.0,98.0,47550,72930.0,72930.0,1,0
168227,0.0,17.0,5985,5459.0,1084.0,0.0,28.0,3.0,0,1,1,1,12.35,28.0,5314.0,100.0,23341.0,65.0,10951.0,100.0,42884,65386.0,65386.0,1,0
168254,100.0,12.0,7567,6317.0,790.0,0.0,15.0,1.0,0,1,0,0,14.43,32.0,5569.0,97.0,30597.0,91.0,7920.0,100.0,47820,66521.0,66521.0,1,0
168263,43.0,17.0,6816,5549.0,841.0,9.0,0.0,0.0,0,1,1,0,15.76,39.0,5668.0,80.0,2640.0,54.0,7764.0,91.0,12179,30778.0,36858.0,0,0
168421,67.0,13.0,12559,7555.0,1366.0,1.0,0.0,0.0,0,1,0,1,15.9,14.0,5529.0,100.0,30331.0,59.0,12372.0,100.0,60965,81751.0,81751.0,1,0
168430,75.0,16.0,5156,4537.0,756.0,5.0,7.0,0.0,0,1,1,0,0.0,42.0,5569.0,54.0,2463.0,61.0,7290.0,90.0,11786,29353.0,35433.0,0,0
168740,50.0,10.0,1306,1069.0,247.0,10.0,47.0,41.0,1,1,0,0,0.0,28.0,6019.0,97.0,19154.0,30.0,6967.0,99.0,35056,54320.0,54320.0,0,1
168786,100.0,10.0,2193,1971.0,232.0,1.0,44.0,3.0,1,1,1,1,10.59,29.0,5890.0,100.0,27343.0,63.0,7589.0,100.0,40218,55262.0,55262.0,0,1
168847,17.0,9.0,1153,944.0,411.0,130.0,9.0,0.0,0,1,1,0,0.0,48.0,5170.0,75.0,4976.0,40.0,5515.0,93.0,13000,26900.0,26900.0,1,0
169248,32.0,16.0,21969,19732.0,2222.0,34.0,61.0,7.0,0,1,1,1,8.1,32.0,5540.0,93.0,8278.0,77.0,6760.0,96.0,14760,31424.0,31424.0,0,0
169327,0.0,18.0,382,258.0,74.0,5.0,0.0,0.0,0,0,1,0,0.0,29.0,5946.0,99.0,11187.0,56.0,6047.0,99.0,26102,46378.0,46378.0,1,0
169363,100.0,21.0,2556,1770.0,108.0,6.0,0.0,2.0,1,1,1,0,4.5,30.0,5400.0,100.0,16028.0,72.0,7853.0,100.0,35410,55810.0,55810.0,0,1
169442,75.0,10.0,1079,992.0,247.0,3.0,0.0,0.0,0,1,0,0,0.0,34.0,5519.0,98.0,25072.0,60.0,9596.0,98.0,53350,74147.0,74147.0,1,0
169479,30.0,18.0,4391,4296.0,581.0,103.0,0.0,0.0,0,1,0,0,12.0,39.0,5868.0,100.0,12334.0,59.0,11012.0,100.0,24466,41590.0,41590.0,1,0
169716,68.0,12.0,6514,4913.0,650.0,19.0,51.0,6.0,1,1,0,0,4.71,49.0,6072.0,100.0,17277.0,30.0,6523.0,100.0,32946,48504.0,48504.0,0,1
169798,38.0,14.0,21337,16992.0,1650.0,29.0,68.0,5.0,0,1,1,1,0.0,47.0,6070.0,86.0,8144.0,49.0,6820.0,94.0,16240,34026.0,34026.0,0,0
169910,64.0,15.0,12460,11387.0,1677.0,25.0,65.0,1.0,0,1,1,1,0.0,47.0,6345.0,95.0,5374.0,49.0,7014.0,99.0,14778,29622.0,29622.0,0,0
170000,50.0,15.0,239,237.0,105.0,22.0,0.0,0.0,1,1,1,0,0.0,51.0,5167.0,86.0,5443.0,64.0,6863.0,96.0,18690,32640.0,32640.0,0,1
170082,48.0,15.0,27059,22464.0,4175.0,29.0,53.0,4.0,0,1,1,1,0.0,37.0,5600.0,87.0,5655.0,56.0,7130.0,94.0,15140,30048.0,36456.0,0,0
170286,100.0,8.0,3181,659.0,366.0,7.0,32.0,34.0,1,1,0,0,0.0,0.0,5759.0,99.0,24328.0,32.0,10160.0,99.0,33189,49989.0,49989.0,0,1
170532,0.0,10.0,3553,2676.0,314.0,0.0,33.0,11.0,0,1,0,1,11.0,28.0,5705.0,99.0,43706.0,45.0,6893.0,100.0,61050,76959.0,76959.0,1,0
170675,100.0,11.0,3943,2204.0,392.0,2.0,0.0,0.0,0,1,1,0,7.01,27.0,5534.0,99.0,19384.0,57.0,9052.0,100.0,44760,63822.0,63822.0,1,0
170806,20.0,11.0,1535,973.0,245.0,4.0,23.0,2.0,1,1,1,0,7.5,38.0,5290.0,98.0,16764.0,64.0,6119.0,98.0,28440,45164.0,45164.0,0,1
170967,0.0,13.0,595,581.0,129.0,0.0,0.0,0.0,1,1,1,0,0.0,41.0,5559.0,100.0,13755.0,69.0,6989.0,100.0,29196,45430.0,45430.0,0,1
170976,80.0,11.0,98310,15373.0,7278.0,26.0,51.0,18.0,0,1,1,0,12.0,20.0,6207.0,58.0,21722.0,24.0,9903.0,69.0,17736,36932.0,80142.0,0,0
171100,65.0,17.0,62138,52690.0,9652.0,99.0,39.0,7.0,0,1,1,1,6.42,20.0,5825.0,86.0,6841.0,37.0,8981.0,92.0,16458,34240.0,61624.0,0,0
171128,50.0,13.0,11491,10621.0,1373.0,3.0,71.0,20.0,0,1,0,1,6.5,22.0,5474.0,98.0,14782.0,50.0,8143.0,99.0,19123,36158.0,60023.0,0,0
171137,40.0,16.0,14105,7844.0,1114.0,17.0,57.0,2.0,0,1,1,0,5.45,51.0,6768.0,99.0,6243.0,24.0,5621.0,99.0,15640,43500.0,49618.0,0,0
171146,47.0,14.0,11873,8366.0,555.0,35.0,66.0,3.0,0,1,0,0,0.0,48.0,6118.0,97.0,6018.0,40.0,6350.0,99.0,14704,31158.0,44774.0,0,0
171456,63.0,18.0,12204,10254.0,1567.0,28.0,0.0,0.0,0,1,1,1,9.57,35.0,5740.0,88.0,5592.0,52.0,8022.0,96.0,14277,30449.0,35945.0,0,0
171492,68.0,14.0,1851,1194.0,341.0,26.0,0.0,0.0,0,1,1,0,0.0,25.0,5831.0,95.0,18329.0,56.0,9407.0,98.0,34400,51520.0,51520.0,1,0
171571,43.0,17.0,17593,15454.0,2268.0,42.0,1.0,1.0,0,1,1,1,5.49,43.0,5909.0,92.0,7315.0,34.0,5612.0,96.0,15262,29494.0,37420.0,0,0
171881,100.0,9.0,178,123.0,45.0,2.0,0.0,0.0,1,1,1,0,0.0,68.0,6026.0,100.0,8842.0,63.0,7855.0,100.0,27660,41680.0,41680.0,0,1
172051,25.0,16.0,11816,8516.0,1366.0,13.0,84.0,3.0,0,1,1,1,10.0,42.0,5409.0,98.0,7869.0,48.0,5820.0,99.0,12930,27690.0,45210.0,0,0
172264,0.0,14.0,1418,977.0,355.0,2.0,10.0,7.0,1,1,1,0,8.3,44.0,5974.0,100.0,20154.0,96.0,5802.0,100.0,30778,47664.0,47664.0,0,1
172334,100.0,12.0,2527,1302.0,215.0,0.0,4.0,0.0,1,1,1,0,0.0,23.0,5226.0,98.0,19922.0,60.0,6700.0,100.0,34014,48234.0,48234.0,0,1
172644,43.0,14.0,16981,13781.0,3085.0,95.0,40.0,3.0,0,1,1,1,9.15,56.0,6423.0,96.0,5774.0,30.0,6295.0,99.0,15190,35116.0,51963.0,0,0
172699,64.0,16.0,21701,18359.0,2484.0,47.0,0.0,0.0,0,1,0,1,7.6,30.0,5594.0,93.0,6958.0,52.0,8014.0,96.0,15252,31251.0,35033.0,0,0
173045,0.0,14.0,4118,3376.0,628.0,0.0,0.0,0.0,1,1,1,1,19.25,70.0,5913.0,100.0,27404.0,80.0,7158.0,100.0,45452,66676.0,66676.0,0,1
173124,29.0,18.0,3812,2134.0,516.0,17.0,1.0,43.0,0,1,0,0,6.0,34.0,5135.0,69.0,4012.0,56.0,8407.0,98.0,10237,24789.0,24789.0,0,0
173160,33.0,14.0,1754,1540.0,415.0,6.0,2.0,29.0,1,1,1,0,7.3,22.0,5023.0,99.0,23219.0,59.0,10790.0,100.0,44226,60866.0,60866.0,0,1
173328,17.0,16.0,3540,2792.0,464.0,14.0,0.0,0.0,1,1,1,0,10.2,55.0,5461.0,99.0,11404.0,53.0,7716.0,100.0,25600,45532.0,45532.0,0,1
173920,69.0,21.0,9098,8046.0,2364.0,47.0,0.0,6.0,0,1,0,0,5.9,25.0,5200.0,64.0,2076.0,59.0,10196.0,93.0,9572,25448.0,34818.0,0,0
174020,65.0,15.0,698,689.0,233.0,85.0,0.0,6.0,0,1,1,1,7.0,75.0,5872.0,4.0,1165.0,15.0,4629.0,86.0,9840,43500.0,49618.0,0,0
174066,67.0,17.0,41496,33091.0,7391.0,48.0,8.0,33.0,0,1,1,1,9.0,24.0,5959.0,63.0,7062.0,39.0,10893.0,81.0,17214,34420.0,55568.0,0,0
174075,50.0,18.0,1565,1375.0,242.0,20.0,0.0,0.0,0,1,0,1,9.4,33.0,5114.0,92.0,7734.0,48.0,8168.0,94.0,13288,27636.0,27636.0,0,0
174154,86.0,15.0,96,90.0,62.0,11.0,0.0,0.0,0,0,1,0,0.0,67.0,6361.0,67.0,2353.0,78.0,8922.0,99.0,13450,43500.0,49618.0,1,0
174233,46.0,16.0,8999,7987.0,1799.0,13.0,1.0,40.0,0,1,1,0,11.0,22.0,5557.0,94.0,3561.0,59.0,9490.0,98.0,14610,28920.0,34440.0,0,0
174251,0.0,9.0,2956,2215.0,222.0,2.0,1.0,28.0,0,1,0,1,25.8,36.0,6264.0,94.0,10874.0,42.0,7579.0,99.0,14526,28878.0,31062.0,0,0
174358,83.0,17.0,3751,2204.0,602.0,8.0,0.0,51.0,0,1,0,1,0.0,30.0,5499.0,84.0,2942.0,62.0,9047.0,94.0,10428,26316.0,26316.0,0,0
174437,79.0,14.0,492,487.0,144.0,10.0,0.0,0.0,1,1,0,0,9.34,46.0,6203.0,96.0,13124.0,61.0,7920.0,100.0,32220,46710.0,46710.0,0,1
174491,0.0,16.0,1301,1216.0,376.0,13.0,4.0,35.0,1,1,0,1,4.9,33.0,4392.0,99.0,17987.0,61.0,9639.0,100.0,37920,53224.0,53224.0,0,1
174783,54.0,18.0,5976,5665.0,938.0,46.0,1.0,22.0,0,1,1,0,0.0,34.0,5441.0,78.0,2897.0,40.0,8383.0,87.0,10245,24841.0,24841.0,0,0
174862,31.0,15.0,2261,515.0,196.0,19.0,0.0,0.0,1,1,0,0,0.0,42.0,5198.0,98.0,14488.0,77.0,9155.0,98.0,31410,48538.0,48538.0,0,1
174899,100.0,12.0,2387,2219.0,375.0,1.0,1.0,25.0,1,1,1,0,15.09,27.0,5700.0,91.0,23814.0,59.0,9536.0,100.0,41778,57674.0,57674.0,0,1
174914,50.0,14.0,9774,8343.0,1737.0,0.0,3.0,27.0,1,1,0,0,16.41,29.0,5507.0,95.0,31582.0,47.0,10897.0,98.0,54398,72963.0,72963.0,0,1
175005,0.0,9.0,2441,2242.0,421.0,28.0,1.0,24.0,1,1,1,1,16.0,48.0,5917.0,100.0,32504.0,55.0,7730.0,100.0,51454,67062.0,67062.0,0,1
175078,24.0,16.0,2811,1748.0,388.0,25.0,0.0,40.0,0,1,1,0,0.0,43.0,5392.0,92.0,4059.0,58.0,7293.0,97.0,10361,26241.0,26241.0,0,0
175227,33.0,12.0,533,527.0,356.0,48.0,0.0,4.0,0,1,1,0,7.11,35.0,4960.0,49.0,7380.0,57.0,10476.0,90.0,27836,48794.0,48794.0,1,0
175272,75.0,14.0,6642,5014.0,1213.0,23.0,0.0,0.0,0,1,0,0,11.0,26.0,4945.0,92.0,2642.0,59.0,9432.0,98.0,10576,23730.0,30462.0,0,0
175342,27.0,16.0,6532,2961.0,610.0,61.0,8.0,92.0,0,1,0,0,0.0,85.0,6418.0,55.0,7181.0,78.0,6695.0,100.0,8785,24243.0,24243.0,0,0
175421,40.0,12.0,2637,1312.0,243.0,2.0,8.0,75.0,1,1,1,0,4.0,38.0,6105.0,75.0,19885.0,55.0,6399.0,76.0,30250,42550.0,42550.0,0,1
175430,0.0,13.0,181,161.0,91.0,0.0,4.0,92.0,1,0,0,0,0.0,57.0,2968.0,100.0,6423.0,53.0,4259.0,100.0,20180,35500.0,35500.0,0,1
175616,27.0,12.0,1231,1231.0,217.0,7.0,8.0,85.0,0,0,1,1,0.0,44.0,6701.0,78.0,5376.0,58.0,7795.0,97.0,8605,22836.0,22836.0,0,0
175856,24.0,14.0,15487,14426.0,955.0,37.0,10.0,29.0,0,1,1,0,0.0,80.0,6791.0,22.0,7557.0,84.0,9556.0,96.0,8965,43352.0,46352.0,0,0
176017,53.0,18.0,33363,32223.0,5972.0,57.0,23.0,60.0,0,1,1,1,8.32,20.0,5930.0,68.0,10869.0,37.0,11439.0,83.0,9772,30272.0,49100.0,0,0
176035,100.0,10.0,557,503.0,174.0,1.0,2.0,98.0,0,1,1,1,0.0,69.0,6569.0,82.0,4492.0,57.0,6511.0,99.0,8492,23464.0,23464.0,0,0
176044,67.0,13.0,1141,1054.0,340.0,97.0,0.0,65.0,0,0,1,0,0.0,83.0,7024.0,96.0,4366.0,71.0,5729.0,100.0,7692,22448.0,22448.0,0,0
176053,0.0,14.0,2212,644.0,586.0,1.0,0.0,85.0,1,1,1,0,7.0,37.0,2939.0,100.0,10518.0,43.0,3856.0,100.0,23500,47357.0,47357.0,0,1
176080,47.0,16.0,23346,18125.0,3596.0,14.0,6.0,85.0,0,1,1,0,8.7,30.0,5861.0,91.0,11518.0,46.0,7975.0,97.0,10202,30713.0,48148.0,0,0
176372,37.0,18.0,7048,6986.0,1745.0,53.0,0.0,99.0,0,1,1,0,0.0,52.0,5903.0,67.0,8334.0,52.0,6717.0,97.0,9998,27860.0,29860.0,0,0
176406,50.0,9.0,2334,1397.0,143.0,0.0,0.0,0.0,1,1,0,0,0.0,76.0,3423.0,48.0,5072.0,49.0,3381.0,94.0,12407,27313.0,27313.0,0,1
176628,0.0,19.0,3975,3490.0,253.0,7.0,4.0,57.0,1,1,1,1,0.0,68.0,6140.0,99.0,27814.0,49.0,7828.0,100.0,42000,56005.0,56005.0,0,1
176770,11.0,8.0,1,1.0,1.0,0.0,0.0,100.0,0,0,1,0,0.0,0.0,5759.0,0.0,12088.0,0.0,7519.5,0.0,14822,43500.0,49618.0,1,0
176789,67.0,7.0,46,33.0,27.0,2.0,19.0,67.0,1,0,1,0,4.49,38.0,5447.0,79.0,2692.0,29.0,8246.0,88.0,14094,24547.0,24547.0,0,1
176965,45.0,18.0,5647,3603.0,1031.0,21.0,0.0,69.0,0,1,1,0,0.0,41.0,5538.0,93.0,4203.0,49.0,7980.0,97.0,10050,24731.0,33281.0,0,0
177117,0.0,6.0,636,440.0,95.0,0.0,0.0,0.0,0,1,0,0,0.0,55.0,5682.0,100.0,20701.0,54.0,7314.0,100.0,27562,41697.0,41697.0,1,0
177542,22.0,8.0,285,207.0,97.0,0.0,0.0,38.0,1,0,1,0,0.0,33.0,6357.0,63.0,14934.0,45.0,9229.0,67.0,26880,41380.0,41380.0,0,1
177968,26.0,14.0,7966,4528.0,638.0,17.0,0.0,6.0,0,1,1,1,4.91,31.0,6083.0,98.0,12189.0,53.0,7717.0,100.0,21600,37702.0,37702.0,1,0
177986,50.0,9.0,14,9.0,7.0,2.0,0.0,0.0,0,0,0,0,0.0,44.0,8137.0,44.0,3563.0,67.0,7000.0,89.0,9000,43500.0,49618.0,1,0
178059,32.0,13.0,4410,4193.0,956.0,127.0,0.0,0.0,0,1,1,1,11.0,30.0,5765.0,96.0,16450.0,47.0,7915.0,99.0,27166,45330.0,45330.0,1,0
178208,30.0,17.0,139,134.0,95.0,10.0,0.0,0.0,1,0,1,0,0.0,46.0,4727.0,57.0,2427.0,46.0,5191.0,72.0,10120,25247.0,25247.0,0,1
178244,30.0,15.0,1118,767.0,314.0,18.0,1.0,4.0,1,1,1,0,3.14,39.0,4976.0,98.0,19183.0,67.0,7403.0,100.0,34612,54317.0,54317.0,0,1
178341,16.0,15.0,3194,3099.0,634.0,50.0,4.0,71.0,0,1,1,0,4.6,42.0,5514.0,70.0,5187.0,45.0,5284.0,95.0,8960,22972.0,31092.0,0,0
178369,67.0,18.0,2489,1722.0,502.0,3.0,2.0,6.0,1,1,0,0,4.53,46.0,5446.0,100.0,15866.0,60.0,5836.0,100.0,23700,39400.0,39400.0,0,1
178396,67.0,17.0,24490,19218.0,5953.0,36.0,10.0,66.0,0,1,1,1,9.0,20.0,5480.0,94.0,10956.0,45.0,9014.0,97.0,14837,33045.0,54264.0,0,0
178402,23.0,13.0,6186,4465.0,1343.0,41.0,3.0,54.0,0,1,1,1,3.14,45.0,6064.0,91.0,6908.0,37.0,6949.0,98.0,12587,34017.0,51657.0,0,0
178411,50.0,17.0,8352,6059.0,1269.0,14.0,13.0,78.0,0,1,1,1,11.03,24.0,5680.0,98.0,11624.0,45.0,8142.0,99.0,14984,30676.0,48940.0,0,0
178420,40.0,13.0,6193,3881.0,490.0,36.0,5.0,26.0,0,1,1,1,3.2,51.0,6622.0,99.0,12376.0,46.0,6324.0,100.0,14112,35802.0,56802.0,0,0
178615,100.0,12.0,2883,2415.0,626.0,4.0,5.0,43.0,0,1,0,1,3.94,24.0,5390.0,100.0,9452.0,40.0,6518.0,100.0,9838,26896.0,35624.0,0,0
178624,47.0,16.0,5185,4464.0,990.0,15.0,2.0,66.0,0,1,0,0,0.0,38.0,5293.0,91.0,6108.0,58.0,6619.0,98.0,10611,25869.0,32582.0,0,0
178679,100.0,17.0,266,249.0,148.0,5.0,0.0,0.0,1,0,0,0,5.41,36.0,5090.0,100.0,5829.0,46.0,6084.0,100.0,16000,29052.0,29052.0,0,1
179159,33.0,9.0,15533,11656.0,1615.0,2.0,10.0,36.0,1,1,1,0,10.2,25.0,5558.0,100.0,42174.0,46.0,7316.0,100.0,55760,77110.0,77110.0,0,1
179326,15.0,10.0,1275,872.0,299.0,3.0,3.0,53.0,1,1,0,0,0.0,44.0,4684.0,93.0,16484.0,61.0,7586.0,99.0,30566,43895.0,43895.0,0,1
179557,35.0,20.0,10461,7691.0,1380.0,36.0,1.0,5.0,0,1,0,0,0.0,44.0,5722.0,85.0,4907.0,43.0,6623.0,96.0,9903,28613.0,28613.0,0,0
179566,62.0,21.0,11584,10487.0,2689.0,140.0,4.0,74.0,0,1,1,1,4.11,36.0,5774.0,79.0,5911.0,48.0,7573.0,95.0,9502,25632.0,34900.0,0,0
179867,60.0,7.0,32754,3951.0,1847.0,4.0,29.0,28.0,0,1,1,1,12.83,21.0,5916.0,47.0,63036.0,7.0,10843.0,56.0,65790,92523.0,92523.0,1,0
179894,15.0,16.0,5206,4489.0,612.0,31.0,3.0,22.0,0,1,1,1,16.99,32.0,5549.0,99.0,18679.0,50.0,7894.0,100.0,31750,53626.0,53626.0,1,0
179964,31.0,16.0,1567,1112.0,262.0,2.0,0.0,0.0,1,1,1,0,16.59,39.0,5577.0,98.0,19233.0,65.0,9683.0,100.0,30340,52822.0,52822.0,0,1
180258,25.0,9.0,352,177.0,89.0,3.0,5.0,17.0,1,0,0,1,0.0,36.0,5967.0,100.0,24046.0,54.0,8719.0,100.0,30448,46732.0,46732.0,0,1
180416,33.0,14.0,1811,1649.0,352.0,5.0,13.0,82.0,0,1,0,1,7.8,27.0,5220.0,70.0,4596.0,44.0,6464.0,96.0,8340,26382.0,44192.0,0,0
180461,55.0,18.0,21652,17786.0,3612.0,301.0,21.0,38.0,0,1,0,1,5.44,17.0,5640.0,80.0,10909.0,39.0,9970.0,90.0,8460,27936.0,52763.0,0,0
180489,43.0,17.0,9576,9180.0,1771.0,120.0,0.0,1.0,0,1,0,0,13.88,33.0,5446.0,75.0,7862.0,49.0,7669.0,91.0,8552,28838.0,53957.0,0,0
180692,100.0,16.0,1371,1368.0,226.0,3.0,0.0,0.0,0,1,0,1,7.0,40.0,4801.0,44.0,3386.0,50.0,9236.0,88.0,6670,23432.0,36892.0,0,0
180832,62.0,10.0,55,43.0,43.0,22.0,0.0,0.0,1,0,0,0,0.0,30.0,3600.0,65.0,5899.0,91.0,6929.0,100.0,16104,39114.0,39114.0,0,1
180878,61.0,9.0,190,128.0,86.0,26.0,0.0,0.0,0,1,0,0,6.25,38.0,5055.0,67.0,5791.0,67.0,14115.0,96.0,20640,43500.0,49618.0,1,0
181215,17.0,14.0,5283,4728.0,875.0,7.0,2.0,82.0,0,1,0,1,7.75,38.0,5201.0,85.0,6757.0,40.0,6406.0,96.0,8676,27358.0,33966.0,0,0
181297,100.0,13.0,173,127.0,66.0,3.0,0.0,0.0,1,0,0,0,12.7,27.0,4859.0,94.0,8616.0,65.0,7273.0,100.0,17885,35667.0,35667.0,0,1
181394,53.0,15.0,9246,8042.0,2116.0,49.0,0.0,69.0,0,1,1,0,5.78,44.0,5923.0,65.0,3843.0,28.0,5894.0,94.0,8718,26106.0,40594.0,0,0
181464,52.0,17.0,17841,15609.0,4650.0,21.0,7.0,82.0,0,1,0,1,5.34,25.0,5391.0,92.0,8732.0,40.0,7225.0,96.0,10434,28654.0,46804.0,0,0
181853,100.0,11.0,613,318.0,135.0,2.0,39.0,59.0,1,1,0,0,0.0,43.0,3320.0,100.0,10685.0,65.0,4719.0,100.0,23000,36900.0,36900.0,0,1
182281,53.0,19.0,12730,12242.0,4430.0,150.0,9.0,65.0,0,1,1,0,4.81,50.0,5942.0,69.0,3598.0,27.0,6345.0,94.0,9748,27988.0,45651.0,0,0
182290,42.0,17.0,17679,13032.0,3447.0,171.0,14.0,59.0,0,1,1,1,14.39,31.0,5669.0,84.0,3096.0,33.0,6890.0,95.0,9578,28214.0,46356.0,0,0
182795,0.0,13.0,2373,2218.0,292.0,0.0,9.0,1.0,0,1,0,0,10.0,33.0,5557.0,100.0,35635.0,78.0,8648.0,100.0,46442,65020.0,65020.0,1,0
182980,100.0,8.0,3251,2995.0,264.0,0.0,0.0,0.0,0,1,1,1,13.59,38.0,5723.0,97.0,29572.0,75.0,10101.0,100.0,41938,62464.0,62464.0,1,0
183026,40.0,24.0,44306,44089.0,16760.0,13180.0,0.0,0.0,0,1,1,0,0.0,60.0,3954.0,19.0,4126.0,64.0,6018.0,79.0,17200,41388.0,41388.0,1,0
183044,0.0,17.0,21175,18667.0,2605.0,4.0,23.0,2.0,0,1,1,1,17.5,19.0,5032.0,96.0,12991.0,59.0,10906.0,97.0,19202,38440.0,59090.0,0,0
183062,100.0,17.0,5314,4800.0,696.0,2.0,0.0,0.0,0,1,1,0,20.0,28.0,5189.0,100.0,9735.0,67.0,9214.0,100.0,14784,31050.0,43106.0,0,0
183071,50.0,8.0,481,389.0,66.0,0.0,18.0,0.0,0,1,1,0,10.2,24.0,5183.0,85.0,8187.0,29.0,4264.0,91.0,15838,43500.0,49618.0,0,0
183080,33.0,15.0,6878,6021.0,826.0,0.0,0.0,0.0,0,1,1,1,18.91,31.0,5898.0,100.0,8634.0,71.0,9553.0,100.0,14626,32070.0,43010.0,0,0
183211,42.0,14.0,1769,1461.0,223.0,0.0,3.0,0.0,1,1,0,0,0.0,30.0,5310.0,98.0,21718.0,75.0,9744.0,98.0,39488,58974.0,58974.0,0,1
183822,0.0,12.0,1596,1113.0,175.0,7.0,2.0,1.0,0,1,1,1,0.0,77.0,5949.0,46.0,3909.0,92.0,3692.0,97.0,15912,37452.0,47562.0,0,0
183910,0.0,12.0,9364,6680.0,568.0,0.0,24.0,0.0,1,1,1,1,11.05,55.0,5621.0,100.0,23890.0,66.0,3460.0,100.0,40848,59536.0,59536.0,0,1
184603,50.0,14.0,5826,5285.0,623.0,37.0,1.0,0.0,0,1,1,0,8.46,61.0,6506.0,98.0,23123.0,50.0,8022.0,99.0,38004,61326.0,61326.0,1,0
184694,67.0,11.0,5652,5380.0,565.0,3.0,1.0,0.0,0,1,1,0,28.13,44.0,6363.0,100.0,20660.0,59.0,10250.0,100.0,38004,61326.0,61326.0,1,0
184773,67.0,11.0,2354,1856.0,223.0,8.0,2.0,0.0,1,1,1,1,4.95,50.0,6867.0,91.0,22805.0,83.0,11431.0,100.0,37260,56950.0,56950.0,0,1
184782,56.0,17.0,19593,15216.0,3506.0,17.0,27.0,2.0,0,1,0,1,19.0,37.0,5928.0,88.0,7399.0,52.0,9347.0,97.0,16574,40459.0,50817.0,0,0
185129,31.0,13.0,5679,5587.0,549.0,5.0,0.0,0.0,0,1,1,0,0.0,63.0,5987.0,35.0,4879.0,26.0,6409.0,85.0,14460,35350.0,35350.0,0,0
185262,32.0,17.0,13936,10578.0,1975.0,45.0,1.0,0.0,0,1,1,1,4.95,63.0,6537.0,64.0,7048.0,48.0,6085.0,97.0,14299,37087.0,45234.0,0,0
185572,100.0,12.0,9321,8298.0,828.0,1.0,18.0,2.0,0,1,1,1,13.0,31.0,6104.0,99.0,24403.0,64.0,12571.0,100.0,46552,69810.0,69810.0,1,0
185590,40.0,18.0,26257,23076.0,4192.0,16.0,9.0,0.0,0,1,1,1,0.0,56.0,6116.0,59.0,3896.0,45.0,7803.0,92.0,15912,37452.0,47562.0,0,0
185828,54.0,17.0,15607,10156.0,1746.0,2.0,45.0,4.0,0,1,1,1,0.0,44.0,6393.0,73.0,12252.0,31.0,8314.0,95.0,19974,45024.0,62714.0,0,0
186201,40.0,17.0,8976,6341.0,1126.0,2.0,25.0,2.0,0,1,1,1,11.8,33.0,6227.0,64.0,6546.0,46.0,9860.0,85.0,16777,36847.0,47778.0,0,0
186283,0.0,14.0,10071,7920.0,720.0,1.0,12.0,2.0,0,1,1,0,12.89,38.0,5751.0,100.0,23119.0,64.0,9895.0,100.0,41120,61150.0,61150.0,1,0
186371,20.0,12.0,32840,21768.0,531.0,7.0,23.0,3.0,0,1,1,1,10.0,55.0,5760.0,88.0,9470.0,43.0,9115.0,95.0,17764,38016.0,57528.0,0,0
186380,82.0,16.0,68614,39899.0,8191.0,4.0,50.0,5.0,0,1,1,1,7.0,27.0,6134.0,42.0,10488.0,40.0,13472.0,69.0,17929,39519.0,59031.0,0,0
186399,20.0,14.0,36793,26254.0,1857.0,11.0,0.0,0.0,0,1,1,1,8.0,54.0,6417.0,47.0,8231.0,25.0,11181.0,82.0,17250,39200.0,58712.0,0,0
186432,67.0,12.0,5217,4711.0,535.0,2.0,0.0,0.0,1,1,0,0,0.0,66.0,5655.0,100.0,25510.0,30.0,6842.0,100.0,42552,62702.0,62702.0,0,1
186584,67.0,14.0,24776,18152.0,1601.0,1.0,25.0,5.0,1,1,1,0,12.0,38.0,6340.0,100.0,28399.0,59.0,11738.0,100.0,53170,75140.0,75140.0,0,1
186618,75.0,8.0,2216,1574.0,119.0,1.0,0.0,0.0,1,1,1,0,9.0,65.0,6802.0,89.0,18394.0,76.0,6801.0,96.0,36741,56093.0,56093.0,0,1
186876,33.0,17.0,10520,9357.0,1453.0,2.0,25.0,1.0,0,1,1,0,8.47,47.0,5964.0,84.0,8224.0,51.0,8525.0,96.0,16266,40231.0,48489.0,0,0
187134,33.0,14.0,12766,7952.0,1563.0,3.0,39.0,3.0,0,1,1,1,0.0,21.0,5937.0,53.0,9175.0,52.0,11855.0,81.0,19632,40158.0,46278.0,0,0
187444,63.0,18.0,9165,8256.0,1037.0,7.0,0.0,0.0,0,1,1,1,0.0,63.0,5969.0,66.0,7443.0,52.0,6287.0,93.0,15704,36710.0,46350.0,0,0
187648,73.0,18.0,1727,1583.0,585.0,17.0,51.0,14.0,0,1,0,0,0.0,55.0,5589.0,74.0,4071.0,21.0,4980.0,99.0,7194,21372.0,23352.0,0,0
187745,43.0,9.0,79,77.0,55.0,6.0,0.0,0.0,0,1,0,0,0.0,57.0,6608.0,93.0,3422.0,2.0,11532.0,100.0,5920,25748.0,25748.0,0,0
187985,59.0,15.0,12269,11678.0,3642.0,102.0,48.0,8.0,0,1,1,1,6.1,43.0,5871.0,76.0,4027.0,17.0,6112.0,100.0,10140,28930.0,51850.0,0,0
188030,4.0,16.0,13095,11650.0,2404.0,66.0,68.0,18.0,0,1,0,0,5.3,46.0,5968.0,70.0,7305.0,23.0,4402.0,96.0,8183,26251.0,43375.0,0,0
188429,50.0,12.0,19705,12987.0,1343.0,7.0,14.0,2.0,0,1,1,0,9.0,35.0,5886.0,95.0,28119.0,63.0,5356.0,96.0,49110,73654.0,73654.0,1,0
189097,91.0,10.0,11836,1046.0,718.0,8.0,35.0,15.0,0,1,0,1,28.0,15.0,6378.0,32.0,57846.0,21.0,4916.0,33.0,69888,94582.0,94582.0,1,0
189705,100.0,11.0,4175,3021.0,397.0,0.0,0.0,0.0,1,1,1,1,10.5,41.0,5632.0,100.0,20376.0,60.0,6994.0,100.0,34500,50830.0,50830.0,0,1
190150,95.0,6.0,60115,2400.0,1558.0,39.0,45.0,18.0,0,1,0,1,14.26,21.0,6190.0,52.0,63956.0,6.0,17037.0,57.0,71845,92373.0,92373.0,1,0
190512,65.0,19.0,28111,13357.0,2532.0,21.0,12.0,0.0,0,1,1,1,4.06,71.0,6400.0,70.0,1285.0,7.0,5856.0,90.0,7464,34012.0,41962.0,0,0
190549,67.0,13.0,30224,17639.0,1782.0,50.0,9.0,0.0,0,1,1,0,0.0,69.0,6241.0,76.0,1388.0,4.0,7386.0,91.0,7452,43500.0,49618.0,0,0
190558,52.0,17.0,14002,12929.0,2195.0,155.0,7.0,0.0,0,1,1,1,4.96,62.0,5977.0,57.0,1465.0,11.0,7174.0,83.0,7490,36361.0,44311.0,0,0
190567,64.0,15.0,34322,20600.0,2543.0,131.0,11.0,0.0,0,1,0,0,3.85,73.0,6191.0,69.0,1018.0,8.0,5559.0,90.0,7340,33896.0,41846.0,0,0
190594,53.0,14.0,32271,17362.0,2897.0,52.0,11.0,0.0,0,1,0,0,4.9,69.0,6285.0,69.0,1200.0,4.0,7107.0,89.0,7382,26930.0,34880.0,0,0
190600,50.0,16.0,19238,10987.0,2128.0,42.0,8.0,0.0,0,1,1,1,0.0,73.0,6323.0,69.0,1117.0,6.0,7411.0,90.0,7470,43500.0,49618.0,0,0
190637,58.0,15.0,22347,12643.0,1545.0,42.0,4.0,0.0,0,1,1,0,3.66,79.0,6286.0,73.0,1054.0,3.0,5044.0,94.0,7410,43500.0,49618.0,0,0
190646,43.0,13.0,12015,10339.0,586.0,83.0,3.0,0.0,0,0,1,1,0.0,78.0,5496.0,73.0,1228.0,4.0,4838.0,89.0,7352,43500.0,49618.0,0,0
190655,57.0,16.0,24745,19867.0,3610.0,337.0,5.0,0.0,0,1,1,1,3.17,73.0,5619.0,64.0,995.0,2.0,4613.0,86.0,7332,43500.0,49618.0,0,0
190664,63.0,13.0,22189,14278.0,1751.0,28.0,7.0,0.0,0,1,1,1,3.83,60.0,6048.0,60.0,1215.0,6.0,6042.0,83.0,7538,32386.0,40336.0,0,0
190691,67.0,13.0,15563,9976.0,766.0,31.0,4.0,0.0,0,1,1,1,4.89,71.0,5959.0,60.0,970.0,3.0,7181.0,84.0,7358,43500.0,49618.0,0,0
190716,0.0,14.0,2786,2267.0,252.0,8.0,12.0,0.0,0,1,1,0,8.0,49.0,6614.0,98.0,21187.0,54.0,8812.0,100.0,34940,52184.0,52184.0,1,0
190725,100.0,12.0,3730,2546.0,292.0,0.0,0.0,0.0,0,1,1,1,15.4,40.0,6022.0,99.0,22175.0,75.0,7792.0,100.0,35218,51948.0,51948.0,1,0
190761,100.0,13.0,2349,1487.0,289.0,0.0,0.0,0.0,0,1,1,0,10.23,55.0,3175.0,100.0,10909.0,78.0,3687.0,100.0,34220,54160.0,54160.0,1,0
190983,100.0,11.0,2674,2058.0,253.0,1.0,6.0,3.0,0,1,1,1,10.7,41.0,5656.0,100.0,25189.0,75.0,9460.0,100.0,38976,54976.0,54976.0,1,0
191126,65.0,16.0,3971,2392.0,1335.0,37.0,0.0,0.0,0,1,1,1,10.0,34.0,6082.0,13.0,1971.0,38.0,9606.0,69.0,6294,37192.0,47772.0,0,0
191241,58.0,14.0,43364,25719.0,2492.0,6.0,18.0,6.0,1,1,0,1,13.2,22.0,6158.0,95.0,33338.0,51.0,10225.0,95.0,64915,94115.0,94115.0,0,1
191649,100.0,13.0,25021,17035.0,1754.0,1.0,25.0,4.0,0,1,0,1,14.0,29.0,5945.0,99.0,32267.0,50.0,10656.0,99.0,57660,78792.0,78792.0,1,0
191676,0.0,12.0,1041,923.0,214.0,2.0,24.0,3.0,1,1,0,0,7.0,40.0,4562.0,98.0,7281.0,64.0,8237.0,100.0,18430,34940.0,34940.0,0,1
191931,100.0,16.0,8479,7372.0,952.0,0.0,7.0,2.0,1,1,0,1,12.0,36.0,5537.0,100.0,27566.0,54.0,8974.0,100.0,47260,68930.0,68930.0,0,1
192323,75.0,12.0,7050,5850.0,619.0,2.0,16.0,2.0,1,1,0,0,8.0,40.0,5688.0,100.0,25619.0,77.0,9000.0,100.0,40330,59820.0,59820.0,0,1
192448,38.0,15.0,20564,17717.0,1426.0,10.0,24.0,4.0,0,1,0,0,0.0,41.0,6062.0,96.0,26575.0,58.0,7091.0,97.0,42432,64778.0,64778.0,1,0
192703,0.0,15.0,9903,7817.0,626.0,5.0,9.0,2.0,1,1,1,1,8.8,34.0,5766.0,90.0,34071.0,54.0,7630.0,100.0,53400,75500.0,75500.0,0,1
193016,30.0,16.0,8642,7418.0,1064.0,24.0,0.0,0.0,0,1,1,1,5.69,75.0,6216.0,98.0,10236.0,41.0,6334.0,99.0,22880,43500.0,43500.0,1,0
193292,33.0,12.0,6330,5174.0,621.0,7.0,17.0,4.0,1,1,1,0,15.13,49.0,5750.0,99.0,20665.0,72.0,8132.0,100.0,39790,62270.0,62270.0,0,1
193353,0.0,12.0,3219,2861.0,201.0,7.0,2.0,6.0,1,1,1,0,18.27,36.0,5835.0,99.0,24698.0,74.0,9832.0,99.0,43450,66440.0,66440.0,0,1
193399,67.0,12.0,3546,3018.0,410.0,14.0,2.0,0.0,1,1,0,0,3.42,62.0,6385.0,79.0,28761.0,63.0,7776.0,93.0,44540,64010.0,64010.0,0,1
193654,84.0,9.0,9828,6238.0,1328.0,25.0,0.0,0.0,0,1,1,0,7.2,15.0,5698.0,94.0,20956.0,30.0,11129.0,94.0,58694,88429.0,88429.0,1,0
193900,64.0,8.0,110807,10232.0,5666.0,21.0,28.0,10.0,0,1,0,1,12.15,19.0,6255.0,35.0,51488.0,18.0,11177.0,46.0,62796,92062.0,92062.0,1,0
193973,0.0,10.0,4197,3667.0,533.0,0.0,17.0,3.0,1,1,1,1,12.3,37.0,6101.0,100.0,29829.0,70.0,8054.0,100.0,39345,55955.0,55955.0,0,1
194091,42.0,12.0,13237,10725.0,908.0,70.0,22.0,2.0,0,1,1,1,0.0,52.0,6197.0,100.0,27205.0,45.0,6669.0,100.0,46560,79642.0,79642.0,1,0
194116,100.0,11.0,159,100.0,29.0,10.0,0.0,0.0,0,1,1,0,3.4,25.0,4238.0,10.0,4500.0,40.0,9625.0,50.0,32330,43500.0,49618.0,1,0
194310,26.0,14.0,30030,22798.0,1850.0,21.0,13.0,3.0,0,1,1,1,37.0,34.0,5963.0,99.0,32123.0,55.0,9924.0,99.0,53290,80451.0,80451.0,1,0
194578,100.0,9.0,8457,6195.0,1135.0,3.0,16.0,2.0,0,1,0,0,15.0,22.0,5845.0,74.0,25017.0,41.0,9919.0,85.0,61845,83540.0,83540.0,1,0
194958,50.0,7.0,1488,1051.0,200.0,0.0,9.0,2.0,1,1,0,0,0.0,40.0,6178.0,92.0,26723.0,65.0,8353.0,98.0,38826,55722.0,55722.0,0,1
195003,33.0,13.0,27911,18682.0,3042.0,2.0,40.0,9.0,0,1,1,1,21.1,32.0,5602.0,98.0,32551.0,62.0,9927.0,99.0,59274,78216.0,78216.0,1,0
195526,100.0,8.0,11889,2503.0,666.0,1.0,23.0,10.0,0,1,0,0,23.84,12.0,6189.0,52.0,51415.0,34.0,6957.0,64.0,67290,88160.0,88160.0,1,0
195544,75.0,12.0,5728,4127.0,520.0,7.0,18.0,3.0,0,1,1,0,6.2,36.0,5487.0,98.0,19132.0,49.0,7234.0,99.0,36550,43500.0,49618.0,1,0
195809,10.0,16.0,24208,20196.0,2350.0,5.0,23.0,2.0,1,1,1,0,5.0,45.0,6146.0,100.0,31560.0,45.0,8249.0,100.0,53020,77492.0,77492.0,0,1
196015,50.0,18.0,3707,3416.0,539.0,8.0,0.0,0.0,0,1,0,1,10.0,63.0,5331.0,83.0,2287.0,70.0,6504.0,95.0,8742,28050.0,32880.0,0,0
196033,25.0,15.0,3805,3197.0,618.0,3.0,0.0,0.0,0,1,0,0,13.5,48.0,5226.0,87.0,3263.0,65.0,7453.0,95.0,8768,29574.0,39484.0,0,0
196042,40.0,18.0,10748,6802.0,1822.0,64.0,19.0,2.0,0,1,1,1,6.79,46.0,5728.0,62.0,1097.0,27.0,5626.0,76.0,8626,26852.0,36762.0,0,0
196051,0.0,14.0,5819,5327.0,772.0,19.0,1.0,0.0,0,0,0,1,13.13,71.0,5472.0,93.0,3298.0,82.0,6023.0,98.0,8825,28041.0,38461.0,0,0
196060,75.0,16.0,32442,22416.0,2830.0,12.0,0.0,0.0,0,1,0,1,5.4,49.0,6072.0,95.0,5549.0,60.0,7056.0,98.0,10866,30537.0,50927.0,0,0
196079,86.0,18.0,53007,20464.0,3248.0,5.0,44.0,9.0,0,1,1,1,13.0,28.0,6111.0,55.0,5312.0,47.0,8204.0,79.0,10567,31376.0,51256.0,0,0
196088,42.0,11.0,40856,30308.0,4265.0,26.0,28.0,3.0,0,1,1,1,6.91,39.0,5889.0,71.0,4170.0,47.0,7857.0,86.0,10936,34692.0,55292.0,0,0
196097,50.0,19.0,55880,27406.0,4042.0,2.0,34.0,3.0,0,1,0,1,8.52,45.0,6225.0,98.0,3536.0,42.0,7246.0,99.0,10931,33275.0,55085.0,0,0
196103,40.0,14.0,3745,2370.0,418.0,5.0,0.0,0.0,0,1,0,1,22.0,27.0,5621.0,96.0,5462.0,55.0,7504.0,99.0,9303,29693.0,42653.0,0,0
196121,50.0,17.0,13031,9210.0,1297.0,6.0,14.0,2.0,0,1,0,1,18.0,42.0,5301.0,83.0,4834.0,67.0,6967.0,94.0,8752,28342.0,35412.0,0,0
196130,36.0,14.0,18219,13290.0,1226.0,12.0,9.0,0.0,0,1,0,1,0.0,69.0,5486.0,100.0,4911.0,54.0,5461.0,100.0,8533,28447.0,39567.0,0,0
196167,20.0,16.0,15293,10162.0,971.0,5.0,4.0,1.0,0,1,0,1,11.91,30.0,5265.0,95.0,3957.0,62.0,7174.0,98.0,8999,28711.0,39281.0,0,0
196176,50.0,16.0,17232,10616.0,1135.0,3.0,12.0,3.0,0,1,0,0,12.88,38.0,6052.0,70.0,3211.0,54.0,7107.0,85.0,8572,29856.0,40106.0,0,0
196194,0.0,15.0,15149,12202.0,1265.0,9.0,23.0,3.0,0,1,0,0,12.6,45.0,5831.0,85.0,4203.0,61.0,7256.0,93.0,8825,28415.0,38325.0,0,0
196219,40.0,12.0,7845,5809.0,750.0,3.0,46.0,14.0,0,1,0,0,24.9,36.0,5643.0,69.0,4954.0,48.0,7298.0,84.0,8953,30079.0,40329.0,0,0
196237,13.0,17.0,7760,6490.0,806.0,9.0,0.0,0.0,0,1,1,0,6.8,61.0,5900.0,72.0,1639.0,34.0,5603.0,83.0,8422,26854.0,37274.0,0,0
196246,38.0,15.0,8830,6924.0,798.0,7.0,6.0,1.0,0,1,0,0,26.0,46.0,5567.0,80.0,5971.0,66.0,7247.0,93.0,9035,29997.0,39907.0,0,0
196413,56.0,15.0,44480,20427.0,3835.0,11.0,22.0,9.0,0,1,1,1,18.1,17.0,5992.0,76.0,34259.0,39.0,11467.0,79.0,65528,88493.0,88493.0,1,0
196592,73.0,10.0,2152,1309.0,569.0,106.0,11.0,2.0,0,1,1,0,4.63,37.0,5788.0,80.0,6369.0,25.0,6045.0,88.0,22450,46411.0,46411.0,1,0
197142,75.0,10.0,999,865.0,209.0,18.0,0.0,0.0,1,0,0,0,15.29,79.0,5486.0,98.0,13280.0,38.0,5145.0,99.0,28670,41590.0,41590.0,0,1
197708,100.0,7.0,1665,926.0,566.0,1.0,19.0,16.0,0,1,1,0,28.3,14.0,5611.0,94.0,30373.0,25.0,6512.0,94.0,51800,74200.0,74200.0,1,0
197869,73.0,16.0,24614,22188.0,4038.0,15.0,9.0,23.0,0,1,0,0,6.95,26.0,5729.0,44.0,3421.0,43.0,8436.0,69.0,7579,24063.0,41696.0,0,0
198109,100.0,11.0,77,18.0,8.0,0.0,38.0,63.0,0,0,0,0,0.0,47.0,7188.0,79.0,2608.0,100.0,7342.0,100.0,16550,43500.0,49618.0,1,0
198136,32.0,13.0,6956,6064.0,616.0,18.0,0.0,0.0,1,1,0,1,9.46,39.0,6301.0,99.0,31413.0,47.0,8674.0,100.0,41600,65087.0,65087.0,0,1
198464,64.0,17.0,26369,23524.0,4022.0,60.0,6.0,13.0,0,1,0,1,5.49,37.0,5884.0,52.0,3695.0,52.0,8704.0,77.0,7361,25013.0,41290.0,0,0
198507,100.0,19.0,5489,3525.0,423.0,4.0,3.0,11.0,0,1,1,0,0.0,67.0,6454.0,79.0,3625.0,65.0,5304.0,93.0,6536,20943.0,24943.0,0,0
198516,0.0,11.0,18105,12012.0,1607.0,0.0,2.0,1.0,0,1,0,1,10.0,10.0,5375.0,77.0,16647.0,29.0,10545.0,81.0,46958,65443.0,65443.0,1,0
198543,32.0,20.0,6515,5352.0,794.0,41.0,2.0,8.0,0,1,1,1,4.18,74.0,6819.0,63.0,2828.0,53.0,5453.0,96.0,4353,18958.0,22958.0,0,0
198756,25.0,12.0,6820,3083.0,396.0,7.0,0.0,0.0,0,1,1,0,8.32,75.0,6171.0,66.0,10581.0,72.0,7115.0,99.0,21300,36350.0,36350.0,1,0
198835,100.0,15.0,3666,3101.0,341.0,4.0,0.0,0.0,1,1,1,0,0.0,44.0,5396.0,100.0,17880.0,60.0,7601.0,100.0,31900,49910.0,49910.0,0,1
198899,33.0,11.0,1642,1115.0,347.0,6.0,0.0,0.0,0,1,1,0,0.0,52.0,5560.0,99.0,25987.0,70.0,8062.0,100.0,37736,52994.0,52994.0,1,0
198969,33.0,11.0,2743,2061.0,316.0,1.0,10.0,15.0,1,1,1,1,0.0,47.0,5614.0,100.0,23599.0,70.0,7643.0,100.0,41250,59550.0,59550.0,0,1
199032,0.0,11.0,1740,1204.0,215.0,2.0,0.0,0.0,1,1,0,0,0.0,44.0,5651.0,89.0,15191.0,70.0,7371.0,94.0,36450,50340.0,50340.0,0,1
199069,50.0,17.0,1926,1459.0,289.0,28.0,0.0,10.0,1,0,0,0,0.0,48.0,5700.0,97.0,14404.0,58.0,7985.0,100.0,27366,42756.0,42756.0,0,1
199102,56.0,20.0,36496,18212.0,2736.0,12.0,19.0,20.0,0,1,0,1,0.0,60.0,6088.0,68.0,5359.0,61.0,7117.0,94.0,6813,20745.0,34605.0,0,0
199111,67.0,13.0,7378,6782.0,725.0,3.0,7.0,17.0,0,1,0,1,14.56,37.0,5546.0,83.0,4354.0,44.0,7266.0,93.0,7501,25943.0,43291.0,0,0
199120,100.0,15.0,66535,10209.0,4640.0,8.0,28.0,41.0,0,1,1,1,10.52,18.0,6056.0,35.0,13927.0,17.0,6917.0,59.0,8994,27020.0,59229.0,0,0
199139,64.0,21.0,23887,19015.0,4657.0,90.0,15.0,25.0,0,1,0,1,3.84,34.0,6077.0,47.0,3814.0,45.0,7853.0,75.0,7239,25437.0,40690.0,0,0
199148,24.0,18.0,12948,11460.0,2433.0,40.0,2.0,10.0,0,1,0,0,13.2,60.0,6321.0,83.0,3762.0,52.0,6059.0,92.0,7661,22585.0,38936.0,0,0
199157,30.0,16.0,18368,15972.0,1753.0,33.0,0.0,3.0,0,1,1,0,11.52,74.0,6504.0,84.0,3939.0,72.0,6108.0,95.0,6699,28065.0,41101.0,0,0
199193,95.0,15.0,44047,18385.0,5839.0,22.0,18.0,29.0,0,1,0,1,7.01,19.0,5636.0,48.0,8053.0,40.0,7922.0,69.0,8799,27237.0,51285.0,0,0
199209,50.0,13.0,1856,1489.0,261.0,4.0,0.0,0.0,1,1,1,0,0.0,61.0,5929.0,54.0,45368.0,76.0,6451.0,100.0,35736,51484.0,51484.0,0,1
199218,86.0,17.0,20393,13101.0,2754.0,2.0,5.0,12.0,0,1,0,0,9.56,20.0,5694.0,54.0,3616.0,47.0,8786.0,73.0,7277,28004.0,44879.0,0,0
199281,32.0,14.0,8178,7627.0,801.0,41.0,2.0,10.0,0,1,0,1,4.36,60.0,6141.0,59.0,2258.0,53.0,5369.0,90.0,3648,19813.0,23813.0,0,0
199458,0.0,9.0,259,161.0,32.0,0.0,17.0,13.0,1,0,0,0,0.0,54.0,5827.0,100.0,6304.0,80.0,8580.0,100.0,17280,34000.0,34000.0,0,1
199582,0.0,10.0,2059,696.0,22.0,0.0,0.0,0.0,1,1,1,0,4.0,72.0,5242.0,89.0,5831.0,55.0,4387.0,95.0,16896,32312.0,32312.0,0,1
199607,50.0,9.0,2246,1722.0,136.0,0.0,6.0,7.0,0,1,0,0,7.0,71.0,5987.0,100.0,21626.0,56.0,6310.0,100.0,33848,55258.0,55258.0,1,0
199643,25.0,14.0,7390,5924.0,243.0,5.0,0.0,0.0,1,1,1,0,0.0,80.0,6014.0,75.0,6896.0,78.0,5309.0,98.0,17538,31488.0,31488.0,0,1
199759,68.0,9.0,201,150.0,118.0,46.0,27.0,20.0,1,0,0,0,3.56,29.0,4489.0,44.0,4430.0,7.0,10167.0,71.0,11318,22974.0,22974.0,0,1
199999,0.0,15.0,9108,7128.0,931.0,2.0,4.0,11.0,0,1,1,0,12.0,80.0,6350.0,62.0,3676.0,78.0,6471.0,97.0,6126,22792.0,33448.0,0,0
200004,62.0,16.0,19742,16154.0,2052.0,29.0,5.0,19.0,0,1,1,1,8.0,40.0,5634.0,78.0,2590.0,58.0,5974.0,90.0,4630,21165.0,25165.0,0,0
200059,46.0,16.0,1356,502.0,260.0,15.0,0.0,0.0,0,1,0,0,0.0,27.0,5047.0,87.0,3469.0,48.0,6464.0,95.0,9118,22652.0,22652.0,0,0
200156,0.0,13.0,965,850.0,307.0,1.0,0.0,0.0,1,1,0,0,0.0,24.0,5765.0,99.0,15184.0,62.0,9160.0,100.0,24990,39480.0,39480.0,0,1
200253,40.0,11.0,701,453.0,353.0,15.0,6.0,54.0,0,1,0,0,0.0,34.0,5000.0,83.0,2992.0,49.0,6003.0,95.0,8702,22138.0,22138.0,0,0
200280,33.0,17.0,8261,6353.0,2205.0,45.0,0.0,0.0,0,1,1,0,0.0,16.0,5160.0,80.0,4972.0,59.0,12313.0,95.0,10951,26587.0,31206.0,0,0
200332,36.0,19.0,7228,6864.0,2197.0,23.0,0.0,2.0,0,1,1,1,7.71,22.0,5127.0,72.0,4297.0,60.0,10514.0,94.0,11110,25614.0,30268.0,0,0
200484,100.0,9.0,167,43.0,33.0,14.0,0.0,0.0,1,1,0,0,0.0,78.0,5756.0,98.0,5643.0,63.0,7957.0,100.0,19700,33568.0,33568.0,0,1
200572,47.0,12.0,324,321.0,173.0,9.0,5.0,63.0,0,1,0,1,4.3,30.0,5702.0,96.0,4140.0,58.0,5996.0,100.0,8514,22518.0,27482.0,0,0
200785,0.0,13.0,92,87.0,60.0,22.0,0.0,0.0,0,0,1,0,0.0,76.0,5590.0,61.0,2900.0,84.0,9465.0,96.0,13450,43500.0,49618.0,1,0
200800,32.0,17.0,18025,10755.0,1967.0,65.0,14.0,64.0,0,1,1,1,12.0,42.0,5460.0,92.0,8032.0,43.0,6891.0,97.0,13135,29835.0,37515.0,0,0
200846,40.0,42.0,387,348.0,141.0,17.0,5.0,82.0,0,1,1,0,4.3,36.0,5496.0,91.0,6219.0,11.0,5613.0,94.0,7723,43500.0,49618.0,0,0
201104,20.0,14.0,3814,2914.0,464.0,33.0,7.0,48.0,1,1,0,0,5.54,37.0,5271.0,99.0,16796.0,62.0,8756.0,100.0,31210,50506.0,50506.0,0,1
201177,100.0,11.0,279,128.0,68.0,10.0,0.0,79.0,0,0,0,0,5.37,41.0,4702.0,44.0,4893.0,66.0,9474.0,91.0,20230,43500.0,49618.0,1,0
201195,0.0,12.0,4819,3648.0,700.0,2.0,18.0,16.0,0,1,1,1,7.05,33.0,5661.0,100.0,24404.0,96.0,8460.0,100.0,39832,61686.0,61686.0,1,0
201441,50.0,17.0,21153,17125.0,3521.0,21.0,21.0,61.0,0,1,0,0,7.6,28.0,5298.0,93.0,6965.0,61.0,8287.0,99.0,14460,33368.0,41356.0,0,0
201645,67.0,9.0,37082,13550.0,1619.0,0.0,46.0,23.0,0,1,0,1,14.0,18.0,5908.0,88.0,40221.0,66.0,6816.0,90.0,66608,88570.0,88570.0,1,0
201690,6.0,16.0,2810,2771.0,537.0,7.0,0.0,0.0,0,1,1,0,0.0,71.0,6186.0,91.0,5433.0,75.0,6196.0,99.0,8058,22884.0,24884.0,0,0
201821,71.0,11.0,341,201.0,118.0,4.0,2.0,22.0,0,0,1,0,10.97,41.0,6082.0,82.0,3342.0,64.0,8209.0,92.0,16836,43500.0,49618.0,1,0
201885,64.0,19.0,34285,29242.0,6584.0,70.0,11.0,30.0,0,1,1,1,7.12,22.0,5455.0,67.0,6128.0,51.0,9698.0,88.0,13976,35764.0,51098.0,0,0
201964,29.0,14.0,964,366.0,181.0,48.0,1.0,2.0,1,0,0,1,0.0,51.0,5604.0,85.0,11923.0,75.0,7942.0,100.0,24600,38100.0,38100.0,0,1
202134,38.0,16.0,11050,10089.0,1580.0,30.0,0.0,0.0,0,1,1,0,8.9,49.0,6074.0,70.0,6267.0,51.0,6710.0,90.0,12988,32792.0,38314.0,0,0
202170,0.0,10.0,1079,730.0,234.0,0.0,0.0,0.0,0,0,1,0,21.4,36.0,5680.0,96.0,20448.0,70.0,8791.0,100.0,40825,61180.0,61180.0,1,0
202480,18.0,14.0,21981,14386.0,1680.0,11.0,9.0,27.0,1,1,0,1,12.5,17.0,5541.0,95.0,31484.0,50.0,12809.0,97.0,49140,69965.0,69965.0,0,1
202514,0.0,11.0,1754,834.0,180.0,2.0,0.0,0.0,1,1,0,0,19.0,66.0,4997.0,99.0,22261.0,79.0,7307.0,100.0,29320,46402.0,46402.0,0,1
202903,33.0,9.0,158,119.0,77.0,18.0,0.0,0.0,1,1,1,0,0.0,56.0,2802.0,87.0,3925.0,2.0,3000.0,98.0,7710,19226.0,19226.0,0,1
203368,0.0,13.0,4623,3740.0,596.0,0.0,13.0,14.0,1,1,0,1,19.67,26.0,5612.0,100.0,33163.0,62.0,7808.0,100.0,50500,69570.0,69570.0,0,1
203517,54.0,20.0,24611,21248.0,4304.0,52.0,17.0,43.0,0,1,1,0,9.0,35.0,5615.0,94.0,6963.0,62.0,8047.0,97.0,13232,32616.0,42466.0,0,0
203544,0.0,9.0,162,124.0,88.0,44.0,0.0,55.0,1,1,0,0,12.7,35.0,6586.0,100.0,6854.0,62.0,9445.0,100.0,16320,37686.0,37686.0,0,1
203757,53.0,12.0,661,490.0,103.0,6.0,0.0,0.0,1,1,1,0,0.0,43.0,6070.0,100.0,19248.0,95.0,5518.0,100.0,29500,46956.0,46956.0,0,1
203960,50.0,5.0,236,220.0,102.0,41.0,18.0,47.0,1,0,1,0,6.9,27.0,5209.0,97.0,9570.0,24.0,4813.0,100.0,19470,43500.0,49618.0,0,1
204024,91.0,16.0,39580,29843.0,4192.0,8.0,8.0,24.0,0,1,0,0,16.53,15.0,5363.0,93.0,12674.0,42.0,10353.0,98.0,18161,39576.0,62636.0,0,0
204200,0.0,12.0,2084,1232.0,303.0,2.0,6.0,17.0,1,1,1,0,7.0,45.0,5963.0,99.0,24569.0,72.0,7544.0,100.0,38150,52090.0,52090.0,0,1
204617,33.0,12.0,1942,1830.0,208.0,2.0,0.0,1.0,1,1,1,1,9.96,49.0,5362.0,100.0,21943.0,69.0,7018.0,100.0,35720,51760.0,51760.0,0,1
204796,31.0,16.0,72829,44116.0,9607.0,45.0,17.0,31.0,0,1,1,1,0.0,19.0,5780.0,69.0,10821.0,32.0,9087.0,80.0,13244,32082.0,58860.0,0,0
204857,35.0,18.0,27486,23360.0,4489.0,102.0,12.0,32.0,0,1,1,0,7.53,24.0,5432.0,91.0,7376.0,60.0,8285.0,97.0,14158,32204.0,42884.0,0,0
205957,63.0,17.0,2968,1732.0,723.0,20.0,29.0,21.0,1,1,0,0,6.4,27.0,4837.0,96.0,20563.0,70.0,7695.0,99.0,34100,47460.0,47460.0,0,1
206048,41.0,22.0,5949,4762.0,517.0,31.0,21.0,50.0,0,1,1,0,0.0,49.0,5699.0,96.0,17952.0,79.0,8766.0,100.0,34790,51088.0,51088.0,1,0
206084,50.0,18.0,11067,10184.0,1919.0,45.0,10.0,24.0,0,1,1,1,7.82,35.0,5873.0,78.0,6191.0,45.0,7206.0,92.0,12744,32691.0,42051.0,0,0
206437,33.0,14.0,2748,1944.0,379.0,1.0,4.0,20.0,1,1,1,1,23.0,38.0,4267.0,96.0,22067.0,86.0,5371.0,100.0,35745,51431.0,51431.0,0,1
206491,50.0,12.0,6338,2567.0,210.0,3.0,0.0,1.0,1,0,1,0,0.0,100.0,7937.0,99.0,8219.0,99.0,5546.0,100.0,16448,28212.0,28212.0,0,1
206604,38.0,16.0,8855,8530.0,1740.0,34.0,0.0,0.0,0,1,0,0,11.49,43.0,5726.0,87.0,4769.0,53.0,6420.0,96.0,11522,27542.0,37242.0,0,0
206695,41.0,20.0,7368,6222.0,1827.0,45.0,10.0,50.0,0,1,0,1,4.25,40.0,5740.0,79.0,5248.0,42.0,6155.0,98.0,11113,28723.0,29083.0,0,0
206941,48.0,18.0,5855,4574.0,1964.0,104.0,0.0,83.0,0,1,1,0,0.0,44.0,5470.0,55.0,2903.0,40.0,8044.0,88.0,8818,28518.0,39404.0,0,0
207041,10.0,18.0,2148,1249.0,529.0,57.0,3.0,60.0,0,1,1,0,5.0,48.0,5857.0,41.0,3556.0,33.0,6384.0,95.0,8032,22470.0,32280.0,0,0
207157,0.0,11.0,159,92.0,64.0,3.0,5.0,91.0,1,0,1,0,0.0,56.0,3060.0,98.0,3339.0,31.0,5801.0,100.0,17714,31035.0,31035.0,0,1
207263,22.0,16.0,1727,1720.0,671.0,38.0,4.0,73.0,0,1,1,0,0.0,55.0,6099.0,51.0,4259.0,41.0,5619.0,92.0,7810,23042.0,32522.0,0,0
207306,50.0,15.0,1375,900.0,348.0,9.0,18.0,100.0,0,1,1,0,0.0,48.0,5577.0,88.0,5146.0,43.0,5060.0,97.0,5970,19740.0,25434.0,0,0
207324,0.0,19.0,1186,1145.0,413.0,12.0,19.0,59.0,1,1,0,0,6.01,26.0,5593.0,96.0,14644.0,48.0,6867.0,99.0,27180,41480.0,41480.0,0,1
207388,66.0,19.0,24910,18693.0,5030.0,85.0,20.0,65.0,0,1,0,0,5.35,30.0,5896.0,92.0,7536.0,45.0,8128.0,96.0,10234,28424.0,43944.0,0,0
207403,100.0,16.0,3653,1805.0,374.0,1.0,21.0,57.0,1,1,1,0,0.0,33.0,5345.0,100.0,21609.0,45.0,7126.0,100.0,35570,49700.0,49700.0,0,1
207500,77.0,18.0,24893,19069.0,5593.0,863.0,23.0,40.0,0,1,1,1,5.86,24.0,5711.0,99.0,8979.0,36.0,10430.0,99.0,9797,31216.0,48796.0,0,0
207582,21.0,18.0,5022,4967.0,935.0,187.0,11.0,7.0,1,1,1,1,12.0,42.0,5945.0,96.0,21085.0,64.0,7835.0,99.0,35470,51850.0,51850.0,0,1
207722,100.0,13.0,980,645.0,230.0,2.0,2.0,51.0,0,1,0,1,9.08,59.0,6912.0,54.0,10850.0,40.0,5843.0,98.0,9000,26740.0,37930.0,0,0
207847,37.0,25.0,1315,1005.0,515.0,52.0,8.0,63.0,0,1,0,1,0.0,47.0,5622.0,84.0,7538.0,33.0,5656.0,97.0,7530,19706.0,28916.0,0,0
207971,71.0,10.0,5121,3150.0,733.0,58.0,23.0,52.0,1,1,0,1,16.65,24.0,5946.0,100.0,49472.0,25.0,7959.0,100.0,50061,70179.0,70179.0,0,1
208646,45.0,14.0,1599,1572.0,316.0,16.0,0.0,0.0,0,1,1,1,10.34,35.0,5966.0,81.0,3351.0,44.0,6239.0,98.0,11076,26898.0,41253.0,0,0
208725,0.0,13.0,50,40.0,14.0,1.0,0.0,0.0,1,0,1,0,0.0,88.0,6116.0,100.0,4496.0,100.0,4102.0,100.0,17620,31020.0,31020.0,0,1
208822,0.0,17.0,4207,3934.0,711.0,2.0,8.0,4.0,1,1,1,0,10.6,27.0,5669.0,94.0,23848.0,67.0,8697.0,99.0,42750,62410.0,62410.0,0,1
209506,23.0,17.0,5098,4844.0,530.0,38.0,7.0,5.0,0,1,0,1,3.98,35.0,5340.0,91.0,6227.0,46.0,6492.0,97.0,13260,30335.0,54271.0,0,0
209542,76.0,18.0,30293,23418.0,4778.0,484.0,10.0,4.0,0,1,0,1,4.0,21.0,5269.0,89.0,8715.0,36.0,7574.0,92.0,14400,34878.0,58668.0,0,0
209551,60.0,19.0,40021,35337.0,5087.0,49.0,8.0,5.0,0,1,0,1,17.3,23.0,5735.0,79.0,7119.0,38.0,8508.0,90.0,16137,37092.0,65553.0,0,0
209603,0.0,9.0,485,363.0,102.0,0.0,0.0,0.0,0,1,0,0,14.0,38.0,5892.0,100.0,26919.0,64.0,7015.0,100.0,49006,73336.0,73336.0,1,0
209612,100.0,10.0,2988,2676.0,351.0,1.0,5.0,5.0,0,1,0,1,22.83,31.0,5506.0,97.0,34413.0,92.0,8288.0,99.0,56374,74844.0,74844.0,1,0
209807,48.0,17.0,9077,8248.0,1502.0,126.0,1.0,0.0,0,1,0,0,11.3,60.0,5454.0,60.0,4277.0,33.0,6762.0,91.0,11679,28389.0,47784.0,0,0
209825,0.0,9.0,8289,7391.0,711.0,0.0,6.0,3.0,1,1,0,1,12.87,30.0,5807.0,100.0,39621.0,45.0,8145.0,100.0,58100,78328.0,78328.0,0,1
209922,0.0,9.0,9431,2321.0,303.0,0.0,52.0,21.0,0,1,0,1,31.41,15.0,5695.0,58.0,53089.0,45.0,6633.0,61.0,69350,89610.0,89610.0,1,0
210146,42.0,23.0,2320,2056.0,603.0,30.0,0.0,0.0,0,1,1,0,11.99,37.0,5611.0,86.0,4567.0,45.0,11131.0,94.0,12762,32229.0,51354.0,0,0
210304,0.0,14.0,447,318.0,37.0,3.0,0.0,0.0,1,1,0,0,0.0,59.0,5568.0,97.0,5782.0,68.0,7043.0,97.0,22220,39778.0,39778.0,0,1
210429,28.0,13.0,3060,3002.0,559.0,26.0,0.0,0.0,0,1,1,1,4.02,50.0,5773.0,90.0,3925.0,92.0,4270.0,100.0,11879,28208.0,48863.0,0,0
210739,25.0,12.0,3977,3066.0,511.0,5.0,25.0,1.0,1,1,1,0,17.41,26.0,5528.0,100.0,28008.0,70.0,11066.0,100.0,46800,65562.0,65562.0,0,1
211088,80.0,10.0,10163,8153.0,602.0,4.0,9.0,0.0,0,1,0,0,10.0,38.0,5889.0,99.0,30639.0,76.0,10733.0,99.0,49610,69390.0,69390.0,1,0
211431,63.0,12.0,1264,1099.0,173.0,2.0,26.0,3.0,1,1,1,0,7.59,45.0,6330.0,95.0,22761.0,79.0,8720.0,100.0,35874,54064.0,54064.0,0,1
211556,100.0,10.0,3446,2135.0,272.0,1.0,22.0,8.0,0,1,0,1,11.88,26.0,5978.0,100.0,27061.0,67.0,10760.0,100.0,44626,61226.0,61226.0,1,0
211583,29.0,10.0,2964,2207.0,158.0,0.0,0.0,0.0,1,1,1,0,11.18,56.0,5832.0,99.0,24632.0,83.0,7086.0,100.0,39870,58470.0,58470.0,0,1
212054,84.0,9.0,37314,29642.0,2399.0,30.0,34.0,5.0,0,1,1,1,7.0,31.0,6173.0,100.0,32004.0,59.0,11386.0,100.0,62412,83708.0,83708.0,1,0
212106,0.0,12.0,12893,10773.0,1441.0,2.0,20.0,4.0,1,1,1,0,9.09,23.0,5351.0,100.0,27015.0,77.0,12477.0,100.0,48986,70847.0,70847.0,0,1
212115,57.0,21.0,7953,7321.0,1387.0,11.0,11.0,1.0,0,1,1,0,0.0,48.0,5580.0,84.0,5132.0,67.0,7172.0,97.0,11536,29929.0,37895.0,0,0
212133,38.0,21.0,3108,2821.0,591.0,84.0,1.0,0.0,1,1,0,0,10.58,50.0,5391.0,100.0,22180.0,72.0,9260.0,100.0,38400,57278.0,57278.0,0,1
212197,100.0,13.0,3624,2822.0,498.0,3.0,30.0,1.0,0,1,1,0,20.3,24.0,5164.0,98.0,20880.0,73.0,10750.0,100.0,37950,53440.0,53440.0,1,0
212601,0.0,11.0,6547,4855.0,554.0,7.0,0.0,0.0,1,1,1,1,9.83,29.0,5714.0,84.0,26180.0,79.0,9529.0,85.0,40656,60812.0,60812.0,0,1
212984,0.0,14.0,3449,2450.0,518.0,2.0,6.0,1.0,1,1,1,0,5.48,54.0,5795.0,100.0,20744.0,72.0,8146.0,100.0,35330,52964.0,52964.0,0,1
213011,100.0,11.0,2571,2205.0,289.0,10.0,8.0,0.0,1,1,1,1,14.8,34.0,5535.0,99.0,14992.0,71.0,10307.0,99.0,29330,46764.0,46764.0,0,1
213020,10.0,23.0,8238,7478.0,1792.0,40.0,28.0,2.0,0,1,1,0,15.0,45.0,5518.0,96.0,4925.0,70.0,8139.0,100.0,11380,27846.0,32763.0,0,0
213303,0.0,12.0,1974,1674.0,180.0,11.0,2.0,0.0,0,1,0,0,4.9,56.0,4608.0,84.0,5485.0,86.0,7357.0,91.0,18300,34180.0,34180.0,1,0
213321,100.0,13.0,3235,3012.0,427.0,0.0,24.0,1.0,1,1,1,0,9.0,40.0,6010.0,100.0,29501.0,84.0,8787.0,100.0,44100,63712.0,63712.0,0,1
213358,100.0,11.0,1976,1497.0,146.0,3.0,16.0,4.0,1,1,0,0,11.0,31.0,5822.0,79.0,18973.0,56.0,9557.0,82.0,34052,56878.0,56878.0,0,1
213400,100.0,19.0,1732,968.0,326.0,127.0,17.0,1.0,0,1,1,0,0.0,49.0,5778.0,92.0,14258.0,69.0,9543.0,100.0,29990,46540.0,46540.0,1,0
213507,50.0,11.0,2729,2286.0,443.0,2.0,20.0,0.0,1,1,0,0,12.43,31.0,5425.0,100.0,34994.0,71.0,10634.0,100.0,52080,72524.0,72524.0,0,1
213598,35.0,12.0,5248,3449.0,424.0,3.0,1.0,0.0,0,1,1,1,12.46,73.0,5952.0,78.0,9271.0,84.0,7068.0,99.0,12512,29069.0,35941.0,0,0
213826,33.0,11.0,4236,2566.0,438.0,3.0,28.0,2.0,1,1,0,1,20.5,38.0,5777.0,100.0,24876.0,89.0,7242.0,100.0,41420,61294.0,61294.0,0,1
213987,75.0,14.0,3567,2890.0,588.0,0.0,0.0,0.0,1,1,1,0,0.0,36.0,5321.0,98.0,30422.0,68.0,10484.0,100.0,45770,63779.0,63779.0,0,1
213996,0.0,12.0,2458,1941.0,564.0,3.0,52.0,6.0,1,1,0,0,11.0,22.0,5394.0,100.0,24042.0,67.0,9563.0,100.0,42240,59478.0,59478.0,0,1
214041,21.0,19.0,7662,6604.0,1205.0,45.0,18.0,0.0,0,1,0,1,10.9,28.0,5316.0,67.0,3518.0,62.0,9895.0,93.0,11128,28358.0,40182.0,0,0
214069,100.0,11.0,3733,2648.0,463.0,0.0,0.0,0.0,1,1,1,0,0.0,34.0,5491.0,100.0,23446.0,82.0,10649.0,100.0,40370,59276.0,59276.0,0,1
214157,33.0,10.0,6192,3354.0,535.0,1.0,19.0,2.0,1,1,1,0,10.77,40.0,5367.0,100.0,30252.0,81.0,10963.0,100.0,53500,77280.0,77280.0,0,1
214166,100.0,11.0,1577,1294.0,318.0,4.0,10.0,0.0,1,1,1,0,8.0,41.0,5374.0,98.0,12196.0,78.0,8820.0,100.0,27072,47086.0,47086.0,0,1
214591,14.0,12.0,6378,6176.0,897.0,0.0,31.0,4.0,0,1,1,1,8.1,32.0,5523.0,71.0,6954.0,65.0,10012.0,89.0,15972,36666.0,47652.0,0,0
214625,0.0,9.0,595,567.0,125.0,0.0,22.0,1.0,0,1,1,1,10.7,37.0,5652.0,90.0,4263.0,52.0,8490.0,97.0,14408,43500.0,49618.0,0,0
214634,50.0,7.0,205,189.0,53.0,6.0,2.0,2.0,0,1,1,1,9.6,38.0,4918.0,97.0,5962.0,62.0,5036.0,97.0,14024,43500.0,49618.0,0,0
214670,0.0,14.0,1827,1779.0,249.0,0.0,22.0,1.0,0,1,1,1,4.3,38.0,6210.0,73.0,4048.0,44.0,6498.0,87.0,15208,43500.0,49618.0,0,0
214689,40.0,13.0,8447,8283.0,850.0,9.0,24.0,3.0,0,1,0,1,9.5,34.0,5647.0,72.0,7576.0,58.0,11307.0,86.0,15972,36666.0,47652.0,0,0
214704,20.0,13.0,6030,5950.0,561.0,4.0,25.0,1.0,0,1,1,1,6.2,30.0,5628.0,64.0,5904.0,56.0,10465.0,83.0,15972,36666.0,47652.0,0,0
214713,40.0,15.0,9316,9092.0,1022.0,8.0,23.0,3.0,0,1,1,1,8.3,26.0,5769.0,58.0,5906.0,42.0,9756.0,72.0,15972,36666.0,47652.0,0,0
214731,25.0,15.0,2431,2385.0,401.0,9.0,29.0,1.0,0,1,1,1,10.0,34.0,5664.0,67.0,5147.0,55.0,9347.0,84.0,15208,35902.0,46086.0,0,0
214768,0.0,12.0,585,564.0,146.0,2.0,23.0,2.0,0,1,1,1,4.9,43.0,5710.0,88.0,8380.0,61.0,8810.0,94.0,15208,35902.0,46086.0,0,0
214777,85.0,16.0,88478,53579.0,9169.0,25.0,31.0,5.0,0,1,1,1,7.7,13.0,5555.0,34.0,8668.0,46.0,14781.0,67.0,20644,41338.0,62484.0,0,0
214786,0.0,9.0,538,519.0,101.0,0.0,19.0,1.0,0,1,0,1,7.1,43.0,5560.0,85.0,6366.0,62.0,6969.0,94.0,14408,35102.0,44828.0,0,0
214801,83.0,14.0,6620,6406.0,716.0,6.0,25.0,2.0,0,1,1,1,3.9,42.0,6030.0,76.0,5076.0,45.0,7942.0,85.0,15268,35962.0,46358.0,0,0
214810,100.0,14.0,864,835.0,167.0,0.0,13.0,1.0,0,1,1,1,4.9,47.0,5830.0,76.0,6542.0,66.0,8056.0,94.0,15208,35902.0,46086.0,0,0
214829,100.0,14.0,1933,1883.0,202.0,9.0,24.0,3.0,0,1,1,1,7.6,28.0,5688.0,79.0,5134.0,47.0,7113.0,86.0,15208,43500.0,49618.0,0,0
215114,67.0,11.0,575,507.0,229.0,14.0,7.0,0.0,0,1,1,0,10.63,38.0,5542.0,61.0,21464.0,57.0,7740.0,100.0,34009,50662.0,50662.0,1,0
215284,100.0,14.0,2422,2297.0,410.0,1.0,49.0,2.0,0,1,0,1,12.0,34.0,5404.0,98.0,8701.0,56.0,8742.0,99.0,14906,33394.0,45268.0,0,0
215293,0.0,13.0,60898,35372.0,4596.0,6.0,40.0,10.0,0,1,1,1,10.03,16.0,5611.0,52.0,13836.0,49.0,11992.0,74.0,21926,39156.0,58660.0,0,0
215442,0.0,12.0,5279,5116.0,521.0,5.0,0.0,0.0,0,1,1,0,12.0,39.0,5744.0,99.0,22362.0,78.0,9630.0,99.0,39570,57030.0,57030.0,1,0
215655,25.0,14.0,6933,6232.0,633.0,6.0,0.0,0.0,0,1,1,0,7.7,35.0,5391.0,91.0,23543.0,62.0,9358.0,92.0,35970,54642.0,54642.0,1,0
215691,50.0,12.0,1450,1107.0,87.0,3.0,0.0,0.0,1,1,1,0,14.5,60.0,6475.0,92.0,12046.0,84.0,8532.0,100.0,23845,41292.0,41292.0,0,1
215770,50.0,11.0,10631,9443.0,1332.0,8.0,24.0,2.0,1,1,1,1,7.12,21.0,5799.0,100.0,34791.0,67.0,10960.0,100.0,53260,72180.0,72180.0,0,1
215929,0.0,11.0,9666,7852.0,887.0,2.0,25.0,4.0,1,1,0,1,8.0,27.0,5521.0,95.0,33197.0,65.0,9870.0,100.0,53983,74535.0,74535.0,0,1
216010,40.0,18.0,7224,6249.0,1094.0,1.0,0.0,1.0,0,1,0,0,7.3,38.0,5556.0,75.0,3045.0,71.0,8667.0,98.0,13720,32042.0,34296.0,0,0
216038,50.0,20.0,6464,4620.0,1548.0,1.0,19.0,3.0,0,1,1,1,7.1,35.0,5213.0,64.0,2081.0,69.0,9067.0,96.0,10568,26348.0,30456.0,0,0
216339,53.0,12.0,39754,31966.0,4857.0,51.0,0.0,0.0,0,1,1,1,15.19,38.0,5613.0,84.0,11551.0,59.0,10640.0,93.0,23011,46506.0,62453.0,0,0
216542,100.0,12.0,616,377.0,105.0,1.0,0.0,0.0,1,1,0,0,8.63,64.0,5606.0,97.0,14271.0,83.0,11967.0,100.0,25240,47032.0,47032.0,0,1
216597,77.0,10.0,23256,6274.0,1740.0,15.0,19.0,9.0,1,1,1,1,15.56,12.0,5678.0,48.0,45769.0,35.0,12050.0,69.0,67776,88480.0,88480.0,0,1
216694,100.0,12.0,1562,1403.0,266.0,0.0,15.0,3.0,1,1,1,1,17.32,50.0,5738.0,100.0,19987.0,81.0,7910.0,100.0,30480,47000.0,47000.0,0,1
216764,67.0,20.0,17193,13479.0,3022.0,17.0,14.0,1.0,0,1,0,1,7.7,28.0,5520.0,58.0,2654.0,67.0,9796.0,88.0,10775,31651.0,43475.0,0,0
216852,0.0,11.0,9350,6632.0,916.0,0.0,9.0,0.0,0,1,1,1,9.53,47.0,5640.0,100.0,38967.0,81.0,9942.0,100.0,55730,75558.0,75558.0,1,0
216931,33.0,13.0,7660,6943.0,647.0,1.0,19.0,2.0,0,1,1,0,7.82,43.0,5448.0,100.0,23820.0,80.0,10492.0,100.0,43496,63255.0,63255.0,1,0
217013,64.0,15.0,925,852.0,183.0,19.0,13.0,0.0,1,1,1,1,0.0,31.0,6088.0,95.0,14449.0,95.0,8205.0,99.0,27100,42201.0,42201.0,0,1
217059,0.0,15.0,7657,5646.0,822.0,2.0,24.0,2.0,0,1,1,1,13.81,36.0,5606.0,98.0,13914.0,67.0,8815.0,99.0,25588,42528.0,42528.0,1,0
217235,40.0,14.0,7828,6921.0,1092.0,3.0,14.0,2.0,0,1,0,1,19.33,37.0,6021.0,100.0,25721.0,79.0,10892.0,100.0,42419,65377.0,65377.0,1,0
217402,83.0,11.0,12521,6372.0,1223.0,1.0,19.0,5.0,1,1,1,1,13.18,13.0,5207.0,83.0,30758.0,63.0,11342.0,84.0,63550,84080.0,84080.0,0,1
217420,50.0,15.0,5415,4972.0,1149.0,10.0,19.0,0.0,0,1,0,0,12.16,51.0,5462.0,94.0,3004.0,47.0,7777.0,95.0,11300,27354.0,43353.0,0,0
217484,48.0,17.0,26987,19475.0,2995.0,27.0,27.0,0.0,0,1,1,1,15.4,24.0,5836.0,96.0,10865.0,64.0,12750.0,98.0,16942,36477.0,56681.0,0,0
217518,50.0,10.0,8029,7042.0,918.0,19.0,19.0,2.0,0,1,1,1,20.0,20.0,5600.0,100.0,21878.0,72.0,12863.0,100.0,44418,66939.0,66939.0,1,0
217624,0.0,12.0,3529,2560.0,156.0,1.0,0.0,0.0,1,0,1,0,0.0,74.0,6148.0,79.0,8506.0,75.0,5906.0,97.0,14304,26696.0,26696.0,0,1
217688,25.0,12.0,4660,4495.0,795.0,7.0,49.0,31.0,1,1,1,0,8.8,43.0,5505.0,97.0,15936.0,58.0,7484.0,99.0,32520,47790.0,47790.0,0,1
217721,45.0,13.0,5098,4879.0,390.0,3.0,0.0,0.0,1,1,1,0,0.0,78.0,4829.0,57.0,9820.0,81.0,6881.0,100.0,17440,31592.0,31592.0,0,1
217776,0.0,10.0,427,425.0,142.0,7.0,11.0,9.0,1,1,1,0,5.64,41.0,5159.0,97.0,11617.0,51.0,6402.0,100.0,29800,43451.0,43451.0,0,1
217819,40.0,16.0,31680,19016.0,2265.0,5.0,18.0,11.0,0,1,0,1,12.0,19.0,5630.0,84.0,6332.0,48.0,11021.0,95.0,12978,33689.0,59007.0,0,0
217882,80.0,16.0,61517,23586.0,4880.0,7.0,35.0,20.0,0,1,0,1,7.68,15.0,5560.0,53.0,8182.0,37.0,12377.0,86.0,15554,35814.0,61126.0,0,0
217925,0.0,13.0,416,393.0,138.0,0.0,1.0,1.0,0,1,0,0,6.7,49.0,5901.0,48.0,20578.0,65.0,7037.0,95.0,27900,43330.0,43330.0,1,0
217934,75.0,12.0,2634,2474.0,211.0,15.0,0.0,0.0,1,1,1,1,5.74,67.0,6213.0,86.0,7864.0,78.0,8603.0,98.0,22214,38048.0,38048.0,0,1
217998,0.0,15.0,1892,1187.0,264.0,2.0,0.0,0.0,1,1,0,0,0.0,44.0,5487.0,99.0,24786.0,77.0,6146.0,100.0,36710,56160.0,56160.0,0,1
218061,20.0,13.0,3616,3124.0,702.0,3.0,16.0,11.0,0,1,0,1,4.06,57.0,5983.0,59.0,5238.0,53.0,5776.0,98.0,11160,26206.0,36590.0,0,0
218070,0.0,10.0,10813,4644.0,608.0,1.0,27.0,22.0,0,1,0,1,20.27,15.0,5747.0,100.0,39103.0,31.0,9779.0,100.0,59770,79924.0,79924.0,1,0
218229,14.0,18.0,4565,3712.0,843.0,1.0,38.0,17.0,0,1,0,0,5.0,45.0,6318.0,66.0,6402.0,66.0,6864.0,99.0,11700,29555.0,39155.0,0,0
218238,29.0,11.0,3027,2944.0,337.0,8.0,0.0,0.0,0,0,1,1,0.0,45.0,5904.0,96.0,14990.0,66.0,7332.0,99.0,27800,43484.0,43484.0,1,0
218441,13.0,13.0,2631,1754.0,566.0,6.0,29.0,20.0,1,1,0,1,7.97,35.0,5437.0,98.0,13638.0,55.0,6729.0,100.0,25800,44860.0,44860.0,0,1
218539,100.0,11.0,3297,2254.0,262.0,1.0,31.0,18.0,1,1,0,1,11.85,43.0,6093.0,100.0,31714.0,61.0,7506.0,100.0,44910,63540.0,63540.0,0,1
218645,60.0,16.0,3005,2360.0,666.0,4.0,23.0,14.0,0,1,0,1,6.14,51.0,6067.0,24.0,2945.0,52.0,5855.0,96.0,10760,24198.0,34656.0,0,0
218654,20.0,15.0,2895,2099.0,547.0,7.0,0.0,0.0,0,1,1,0,0.0,43.0,6303.0,44.0,2978.0,56.0,7293.0,92.0,10730,30333.0,41379.0,0,0
218663,38.0,19.0,52703,31701.0,7272.0,6.0,29.0,15.0,0,1,1,0,8.98,20.0,5819.0,67.0,3032.0,48.0,11052.0,94.0,12688,32190.0,55474.0,0,0
218724,17.0,17.0,21028,15828.0,2677.0,5.0,23.0,8.0,0,1,0,1,5.75,27.0,5609.0,66.0,8070.0,65.0,11864.0,97.0,11640,29300.0,47288.0,0,0
218733,6.0,19.0,11017,9102.0,1042.0,100.0,0.0,0.0,0,1,1,0,3.22,79.0,6324.0,76.0,4385.0,72.0,6774.0,96.0,11060,30060.0,40750.0,0,0
218742,25.0,15.0,4682,3149.0,757.0,1.0,7.0,3.0,0,1,0,0,0.0,59.0,6088.0,40.0,3970.0,58.0,6677.0,98.0,11588,27321.0,38823.0,0,0
218964,67.0,13.0,7552,5985.0,900.0,3.0,31.0,14.0,0,1,1,0,11.0,53.0,5982.0,83.0,8173.0,64.0,7448.0,99.0,14678,32894.0,46892.0,0,0
219000,50.0,12.0,3017,2044.0,534.0,1.0,4.0,51.0,1,1,0,0,11.0,22.0,5281.0,100.0,28439.0,56.0,7522.0,100.0,40160,58176.0,58176.0,0,1
219046,50.0,17.0,1690,1628.0,490.0,48.0,6.0,66.0,0,1,1,0,0.0,38.0,5104.0,55.0,3114.0,55.0,6920.0,89.0,8764,25690.0,28792.0,0,0
219082,75.0,18.0,2418,2129.0,383.0,11.0,16.0,67.0,0,1,0,0,7.32,28.0,5165.0,79.0,3560.0,61.0,6503.0,97.0,9654,26773.0,29875.0,0,0
219259,63.0,19.0,1086,1010.0,356.0,17.0,2.0,74.0,0,1,0,1,4.3,32.0,5382.0,90.0,4084.0,62.0,6087.0,98.0,8845,23845.0,26947.0,0,0
219347,67.0,12.0,1565,1250.0,476.0,25.0,25.0,79.0,0,1,0,0,10.7,21.0,4899.0,75.0,3860.0,51.0,7879.0,93.0,10500,26700.0,31100.0,0,0
219356,60.0,17.0,7287,7166.0,2441.0,68.0,2.0,75.0,0,1,0,1,4.31,21.0,4967.0,92.0,3021.0,57.0,7940.0,97.0,9299,25099.0,28609.0,0,0
219471,46.0,16.0,5965,5892.0,1418.0,47.0,4.0,62.0,0,1,1,1,4.4,25.0,5406.0,74.0,3836.0,61.0,7924.0,95.0,9432,25736.0,29246.0,0,0
219602,34.0,14.0,6331,6104.0,1677.0,156.0,1.0,52.0,0,1,1,0,13.4,57.0,5869.0,80.0,3062.0,43.0,5705.0,99.0,9006,27344.0,33104.0,0,0
219639,75.0,6.0,367,301.0,105.0,12.0,0.0,100.0,1,0,1,0,0.0,61.0,5775.0,39.0,4233.0,61.0,6727.0,100.0,13796,24862.0,24862.0,0,1
219709,57.0,12.0,9165,8732.0,1547.0,8.0,18.0,37.0,1,1,1,0,12.14,23.0,5679.0,93.0,20480.0,35.0,11851.0,95.0,42540,64800.0,64800.0,0,1
219718,10.0,15.0,1486,895.0,288.0,16.0,11.0,88.0,1,0,1,0,0.0,58.0,5823.0,95.0,10695.0,61.0,5365.0,99.0,18712,32465.0,32465.0,0,1
219806,0.0,12.0,2460,2225.0,373.0,3.0,5.0,70.0,1,1,0,0,8.07,46.0,5521.0,100.0,21114.0,60.0,5788.0,100.0,34700,51964.0,51964.0,0,1
219833,0.0,9.0,1504,1304.0,175.0,0.0,5.0,59.0,1,1,1,1,0.0,50.0,6154.0,99.0,23945.0,33.0,8598.0,100.0,38420,53103.0,53103.0,0,1
219949,100.0,19.0,2495,1680.0,681.0,6.0,0.0,0.0,0,0,1,0,0.0,44.0,5229.0,100.0,17655.0,19.0,6357.0,100.0,27840,46220.0,46220.0,1,0
219976,0.0,13.0,4261,2886.0,719.0,3.0,12.0,50.0,1,1,1,1,7.3,32.0,5866.0,99.0,23433.0,32.0,8193.0,100.0,40572,62296.0,62296.0,0,1
220075,62.0,15.0,10050,8662.0,2138.0,46.0,7.0,76.0,0,1,1,0,0.0,43.0,5561.0,53.0,4325.0,38.0,7552.0,94.0,10472,30296.0,34346.0,0,0
220181,50.0,12.0,11421,4274.0,374.0,15.0,33.0,66.0,0,1,0,0,0.0,53.0,6112.0,87.0,16407.0,66.0,11319.0,87.0,25858,45898.0,45898.0,1,0
220473,18.0,12.0,794,517.0,167.0,5.0,25.0,78.0,1,1,0,0,10.91,39.0,5657.0,96.0,6039.0,59.0,7464.0,100.0,21122,36798.0,36798.0,0,1
220516,33.0,11.0,725,723.0,147.0,2.0,0.0,0.0,1,1,1,1,0.0,48.0,5120.0,97.0,21345.0,60.0,6978.0,100.0,36194,52092.0,52092.0,0,1
220604,11.0,10.0,259,257.0,133.0,7.0,0.0,0.0,1,0,1,0,7.0,90.0,6947.0,28.0,6518.0,60.0,8740.0,97.0,12076,19676.0,19676.0,0,1
220613,17.0,13.0,2388,1684.0,589.0,0.0,21.0,69.0,1,1,0,0,8.19,31.0,5922.0,99.0,10596.0,50.0,8103.0,99.0,23790,39460.0,39460.0,0,1
220631,60.0,10.0,3603,2255.0,357.0,12.0,12.0,63.0,0,1,1,1,3.18,45.0,6127.0,66.0,21298.0,39.0,5797.0,100.0,26938,44839.0,44839.0,1,0
220701,0.0,14.0,760,659.0,172.0,1.0,6.0,90.0,0,1,1,1,0.0,46.0,6094.0,82.0,4052.0,24.0,4557.0,99.0,10924,25319.0,25319.0,0,0
220862,50.0,16.0,15084,10865.0,1962.0,30.0,4.0,90.0,0,1,0,1,6.7,64.0,6926.0,59.0,3594.0,47.0,5633.0,95.0,10728,29644.0,34300.0,0,0
220978,60.0,17.0,14989,10356.0,3149.0,35.0,6.0,93.0,0,1,1,0,4.7,41.0,5868.0,53.0,5148.0,32.0,6461.0,96.0,10266,29482.0,50790.0,0,0
221351,100.0,9.0,6365,3205.0,388.0,7.0,21.0,41.0,1,1,0,1,22.0,17.0,6247.0,99.0,36854.0,60.0,6363.0,100.0,57110,74474.0,74474.0,0,1
221661,60.0,19.0,2907,1904.0,703.0,11.0,46.0,60.0,1,1,1,0,0.0,34.0,5859.0,99.0,9894.0,46.0,9375.0,100.0,27300,42300.0,42300.0,0,1
221740,41.0,18.0,10494,8510.0,2489.0,16.0,7.0,94.0,0,1,0,1,0.0,37.0,5785.0,58.0,4207.0,43.0,7322.0,96.0,10448,28552.0,36616.0,0,0
221759,80.0,18.0,59764,24863.0,6804.0,10.0,24.0,81.0,0,1,0,1,7.57,16.0,5603.0,88.0,7652.0,30.0,9536.0,96.0,13812,35064.0,54508.0,0,0
221768,75.0,16.0,6077,5360.0,1220.0,8.0,3.0,98.0,0,1,0,1,9.35,51.0,5979.0,84.0,3135.0,41.0,5852.0,99.0,10560,24204.0,30244.0,0,0
221838,25.0,13.0,9660,6773.0,880.0,4.0,33.0,65.0,0,1,1,0,0.0,55.0,5142.0,28.0,10271.0,49.0,6461.0,75.0,8616,27177.0,40977.0,0,0
221847,50.0,16.0,11538,8784.0,2006.0,7.0,2.0,95.0,0,1,0,1,5.73,37.0,5472.0,70.0,4632.0,42.0,6448.0,97.0,11376,31758.0,35958.0,0,0
221953,40.0,18.0,1660,1198.0,196.0,2.0,0.0,0.0,1,1,1,0,0.0,46.0,6245.0,94.0,17306.0,53.0,6999.0,100.0,29250,47130.0,47130.0,0,1
221971,53.0,9.0,1970,1190.0,358.0,12.0,15.0,78.0,1,1,1,1,8.14,30.0,5353.0,98.0,24791.0,41.0,8059.0,100.0,40025,58131.0,58131.0,0,1
221999,100.0,8.0,45409,2662.0,1630.0,0.0,27.0,25.0,0,1,1,1,15.0,24.0,5841.0,66.0,61870.0,9.0,12263.0,70.0,67498,94142.0,94142.0,1,0
222831,32.0,19.0,6415,5325.0,1494.0,21.0,47.0,31.0,0,1,0,1,0.0,54.0,5840.0,74.0,3168.0,45.0,6899.0,98.0,8460,25786.0,35626.0,0,0
223232,50.0,15.0,46946,24075.0,3427.0,6.0,32.0,18.0,1,1,0,1,10.55,10.0,5727.0,98.0,25690.0,38.0,15571.0,99.0,58100,78816.0,78816.0,0,1
224004,89.0,16.0,2401,2191.0,176.0,8.0,0.0,0.0,1,1,1,0,8.54,52.0,6277.0,100.0,21737.0,65.0,6168.0,100.0,23500,40566.0,40566.0,0,1
224147,46.0,19.0,12049,10673.0,2237.0,73.0,46.0,8.0,0,1,1,1,4.53,48.0,6037.0,57.0,2866.0,45.0,6447.0,83.0,9748,27306.0,38352.0,0,0
224226,17.0,16.0,6163,5475.0,614.0,12.0,29.0,15.0,1,1,1,0,8.11,30.0,5928.0,96.0,19529.0,45.0,12090.0,97.0,40190,55876.0,55876.0,0,1
224244,100.0,13.0,665,145.0,60.0,0.0,65.0,20.0,1,0,1,0,0.0,55.0,6051.0,97.0,6874.0,59.0,7658.0,97.0,21730,38630.0,38630.0,0,1
224323,0.0,11.0,3664,1958.0,395.0,0.0,40.0,19.0,1,1,0,0,7.7,29.0,5674.0,99.0,36287.0,48.0,7437.0,99.0,53930,72845.0,72845.0,0,1
224527,56.0,14.0,1759,1016.0,354.0,4.0,0.0,0.0,1,0,1,0,7.23,40.0,5448.0,100.0,14509.0,65.0,8474.0,100.0,30680,45330.0,45330.0,0,1
224545,44.0,14.0,3431,2180.0,368.0,25.0,0.0,0.0,0,1,1,0,0.0,57.0,6241.0,54.0,4916.0,45.0,6337.0,97.0,8349,29381.0,66112.0,0,0
224554,42.0,17.0,10625,9801.0,1202.0,34.0,35.0,13.0,0,1,1,0,6.0,68.0,6567.0,61.0,3419.0,59.0,5582.0,95.0,10026,25156.0,37456.0,0,0
225247,67.0,15.0,3479,3131.0,383.0,0.0,32.0,20.0,1,1,0,0,12.94,46.0,6131.0,99.0,19711.0,93.0,7080.0,100.0,32960,49136.0,49136.0,0,1
225399,44.0,18.0,8455,7139.0,751.0,60.0,33.0,6.0,1,1,1,0,5.17,61.0,6028.0,100.0,22334.0,63.0,6205.0,100.0,39430,58132.0,58132.0,0,1
225414,67.0,15.0,2352,2129.0,473.0,109.0,69.0,6.0,0,1,0,0,0.0,55.0,5915.0,33.0,5109.0,21.0,5341.0,80.0,7770,26058.0,39402.0,0,0
225432,56.0,18.0,6551,5893.0,1181.0,324.0,41.0,4.0,0,1,1,1,0.0,71.0,6733.0,25.0,2869.0,21.0,4946.0,88.0,7708,43500.0,49618.0,0,0
225502,50.0,15.0,1880,1803.0,221.0,17.0,0.0,0.0,0,1,1,1,0.0,56.0,6948.0,72.0,3494.0,28.0,6825.0,91.0,7149,23153.0,32993.0,0,0
225511,74.0,22.0,31716,23446.0,6218.0,440.0,46.0,13.0,0,1,1,1,4.0,45.0,6210.0,56.0,5776.0,36.0,7249.0,83.0,9717,27761.0,40591.0,0,0
225548,33.0,10.0,1189,801.0,216.0,29.0,41.0,17.0,1,1,0,0,5.2,50.0,5362.0,91.0,15194.0,79.0,10098.0,91.0,34982,49576.0,49576.0,0,1
225575,0.0,14.0,3190,1247.0,290.0,2.0,5.0,6.0,1,1,1,0,5.0,69.0,3583.0,18.0,2317.0,96.0,5966.0,96.0,26709,38078.0,38078.0,0,1
225627,25.0,12.0,11316,11105.0,1016.0,3.0,0.0,0.0,1,1,1,0,5.5,57.0,5492.0,100.0,19167.0,94.0,6831.0,100.0,37090,56078.0,56078.0,0,1
226091,44.0,20.0,8990,7768.0,1703.0,94.0,43.0,8.0,0,1,1,0,6.57,56.0,6136.0,67.0,6685.0,44.0,5943.0,93.0,8905,25709.0,35549.0,0,0
226152,65.0,21.0,8499,3771.0,1363.0,18.0,51.0,6.0,0,1,0,0,0.0,73.0,6306.0,52.0,5195.0,13.0,4431.0,99.0,7894,22762.0,34322.0,0,0
226231,71.0,11.0,3673,1396.0,311.0,11.0,96.0,58.0,1,1,1,0,0.0,24.0,5580.0,98.0,18946.0,55.0,9812.0,99.0,37160,54388.0,54388.0,0,1
226383,0.0,11.0,1669,1220.0,316.0,0.0,30.0,18.0,1,1,0,1,19.5,40.0,6004.0,99.0,13528.0,79.0,7424.0,100.0,28540,45980.0,45980.0,0,1
226833,56.0,18.0,7803,7297.0,944.0,18.0,0.0,0.0,0,1,0,1,0.0,58.0,5881.0,68.0,6211.0,51.0,5827.0,96.0,10580,26340.0,28290.0,0,0
227216,48.0,25.0,38477,27793.0,6730.0,172.0,43.0,9.0,0,1,0,0,6.4,45.0,5759.0,70.0,5582.0,44.0,6248.0,90.0,11309,27711.0,37551.0,0,0
227368,62.0,20.0,18377,17310.0,7013.0,1522.0,27.0,23.0,0,1,1,1,0.0,76.0,6718.0,55.0,3275.0,14.0,3905.0,95.0,9987,24883.0,34723.0,0,0
227429,56.0,20.0,3088,1244.0,169.0,29.0,0.0,0.0,1,1,1,0,0.0,84.0,7726.0,88.0,2123.0,84.0,6786.0,100.0,13498,25348.0,25348.0,0,1
227526,67.0,17.0,12936,10259.0,1885.0,63.0,63.0,16.0,0,1,1,0,0.0,70.0,5827.0,52.0,7424.0,68.0,6304.0,88.0,11299,27798.0,43373.0,0,0
227863,67.0,16.0,2878,2588.0,769.0,15.0,31.0,3.0,1,1,1,1,14.0,58.0,6178.0,89.0,18834.0,31.0,5933.0,94.0,34634,50414.0,50414.0,0,1
227881,61.0,19.0,17179,15506.0,3270.0,99.0,52.0,6.0,0,1,1,1,6.03,50.0,5813.0,8.0,5337.0,54.0,5704.0,85.0,9228,26194.0,36034.0,0,0
228149,33.0,11.0,4724,4618.0,583.0,4.0,41.0,11.0,1,1,0,0,5.78,50.0,5530.0,98.0,22507.0,58.0,7821.0,100.0,37434,54728.0,54728.0,0,1
228343,100.0,11.0,6313,2718.0,374.0,0.0,44.0,13.0,1,1,0,1,18.0,30.0,5649.0,98.0,31958.0,50.0,7647.0,99.0,53813,71865.0,71865.0,0,1
228431,57.0,16.0,13596,12779.0,2186.0,25.0,43.0,12.0,0,1,0,1,0.0,47.0,6089.0,77.0,4863.0,47.0,7041.0,91.0,11128,28830.0,41128.0,0,0
228459,57.0,21.0,34146,30498.0,8195.0,305.0,41.0,6.0,0,1,1,1,6.41,45.0,5874.0,41.0,6808.0,48.0,6695.0,87.0,11450,29130.0,40610.0,0,0
228468,0.0,12.0,758,594.0,123.0,5.0,98.0,31.0,1,1,0,0,0.0,58.0,6229.0,99.0,9712.0,65.0,6433.0,100.0,25380,39288.0,39288.0,0,1
228501,43.0,11.0,1159,1144.0,209.0,5.0,15.0,5.0,0,1,0,1,4.1,62.0,5549.0,71.0,3316.0,53.0,5201.0,92.0,7592,26578.0,36658.0,0,0
228529,62.0,20.0,13705,12273.0,2986.0,151.0,47.0,14.0,0,1,1,0,9.4,38.0,6731.0,85.0,2755.0,51.0,9738.0,97.0,8302,24352.0,34192.0,0,0
228705,33.0,18.0,8846,8043.0,1286.0,36.0,1.0,0.0,0,1,1,1,4.76,67.0,6179.0,77.0,3726.0,46.0,6128.0,96.0,9892,25776.0,41630.0,0,0
228723,92.0,20.0,54669,31397.0,12530.0,1602.0,79.0,21.0,0,1,1,1,8.69,22.0,5980.0,53.0,7942.0,28.0,8684.0,74.0,13154,33876.0,60846.0,0,0
228769,29.0,23.0,24623,19675.0,5202.0,553.0,70.0,12.0,0,1,1,1,4.57,56.0,5700.0,75.0,5902.0,28.0,5680.0,92.0,11950,29562.0,47194.0,0,0
228778,90.0,18.0,72885,19417.0,9210.0,135.0,56.0,18.0,0,1,0,0,0.0,26.0,6003.0,37.0,5615.0,27.0,6066.0,65.0,11688,32446.0,65666.0,0,0
228787,75.0,23.0,31789,20704.0,4196.0,189.0,78.0,15.0,0,1,1,1,4.03,27.0,5876.0,62.0,8390.0,29.0,7586.0,74.0,14644,34188.0,59688.0,0,0
228796,66.0,21.0,11996,11986.0,4019.0,834.0,54.0,2.0,0,1,1,1,0.0,70.0,6273.0,31.0,2777.0,17.0,5003.0,88.0,9744,25916.0,41674.0,0,0
228802,39.0,17.0,5603,5268.0,1423.0,203.0,35.0,13.0,0,1,1,1,7.68,47.0,6162.0,66.0,6006.0,28.0,6233.0,90.0,9736,29550.0,45308.0,0,0
228875,60.0,14.0,22307,9925.0,2453.0,7.0,22.0,21.0,1,1,1,1,14.2,16.0,5884.0,80.0,33125.0,27.0,14942.0,89.0,61740,83662.0,83662.0,0,1
229018,45.0,19.0,1565,1485.0,653.0,49.0,37.0,5.0,0,1,1,1,0.0,49.0,5103.0,90.0,3929.0,22.0,5566.0,98.0,9236,28572.0,40840.0,0,0
229027,35.0,24.0,25422,22063.0,5980.0,1309.0,61.0,7.0,0,1,0,1,3.47,54.0,5934.0,64.0,5420.0,37.0,5124.0,86.0,9011,27925.0,40965.0,0,0
229063,43.0,19.0,9391,9101.0,1628.0,106.0,37.0,14.0,0,1,1,0,0.0,80.0,6233.0,69.0,2351.0,71.0,6674.0,97.0,9173,29655.0,41955.0,0,0
229115,62.0,20.0,34356,24958.0,6772.0,71.0,33.0,11.0,0,1,1,1,8.8,31.0,5851.0,76.0,7149.0,42.0,8565.0,90.0,11852,28525.0,41124.0,0,0
229160,33.0,12.0,5036,3483.0,479.0,1.0,16.0,1.0,1,1,1,0,5.27,63.0,6005.0,99.0,25015.0,40.0,6599.0,99.0,39582,58974.0,58974.0,0,1
229179,39.0,16.0,8353,8029.0,1596.0,30.0,0.0,0.0,0,1,1,0,6.86,60.0,5715.0,69.0,4767.0,51.0,6213.0,94.0,8640,25366.0,35206.0,0,0
229780,37.0,10.0,1939,1085.0,347.0,31.0,0.0,0.0,1,1,1,1,0.0,59.0,5502.0,74.0,11511.0,71.0,7331.0,95.0,23782,38136.0,38136.0,0,1
229814,65.0,14.0,3717,3668.0,1197.0,30.0,48.0,32.0,0,1,1,0,3.96,44.0,5463.0,58.0,2936.0,40.0,6866.0,94.0,9101,25955.0,27850.0,0,0
230038,72.0,21.0,11698,7929.0,6147.0,147.0,12.0,46.0,1,1,0,0,11.02,12.0,5241.0,48.0,4481.0,8.0,5759.0,68.0,6688,21940.0,21940.0,0,1
230047,0.0,18.0,1020,479.0,360.0,6.0,12.0,24.0,1,0,0,0,0.0,11.0,6494.0,69.0,12116.0,5.0,7970.0,73.0,6630,24173.0,24173.0,0,1
230603,32.0,22.0,19080,15605.0,2134.0,184.0,0.0,0.0,0,1,0,0,6.2,28.0,7535.0,89.0,7574.0,25.0,5697.0,96.0,6962,20898.0,35128.0,0,0
230728,42.0,19.0,20871,19299.0,4598.0,452.0,13.0,72.0,0,1,1,1,7.9,23.0,7133.0,73.0,7600.0,20.0,7059.0,92.0,9228,23436.0,39010.0,0,0
230764,64.0,19.0,26822,23062.0,6001.0,143.0,10.0,38.0,0,1,1,1,10.0,18.0,5407.0,69.0,11587.0,21.0,8594.0,79.0,9620,33875.0,55115.0,0,0
230807,50.0,8.0,2964,1973.0,192.0,0.0,9.0,35.0,0,1,1,1,20.0,27.0,6071.0,100.0,28390.0,85.0,6597.0,100.0,43528,59396.0,59396.0,1,0
230852,67.0,13.0,3835,3180.0,366.0,26.0,13.0,4.0,0,1,1,0,7.0,26.0,5519.0,94.0,25559.0,62.0,9729.0,99.0,47850,69122.0,69122.0,1,0
230995,43.0,13.0,5313,3955.0,544.0,25.0,3.0,0.0,0,1,0,1,5.95,28.0,5397.0,100.0,40209.0,64.0,9985.0,100.0,49740,69476.0,69476.0,1,0
231165,36.0,13.0,3529,2882.0,662.0,52.0,0.0,0.0,0,1,1,0,9.0,43.0,5479.0,87.0,4126.0,73.0,9846.0,95.0,11952,33274.0,43618.0,0,0
231174,33.0,17.0,27138,17722.0,2808.0,17.0,28.0,11.0,0,1,0,0,24.51,14.0,5186.0,93.0,18339.0,47.0,10037.0,95.0,19058,36802.0,63246.0,0,0
231420,33.0,16.0,2573,1456.0,263.0,11.0,7.0,3.0,1,1,0,0,6.8,46.0,5866.0,95.0,25602.0,77.0,6673.0,99.0,38550,57276.0,57276.0,0,1
231651,25.0,18.0,8414,3207.0,690.0,260.0,11.0,4.0,0,1,1,0,0.0,51.0,6102.0,71.0,9664.0,53.0,6716.0,97.0,21650,34148.0,34148.0,1,0
231712,100.0,13.0,7341,6316.0,1140.0,1.0,38.0,3.0,0,1,0,0,10.32,19.0,5552.0,57.0,5278.0,45.0,10046.0,78.0,16828,35272.0,49622.0,0,0
232025,0.0,12.0,2569,2149.0,256.0,0.0,10.0,11.0,1,1,0,0,14.6,34.0,5469.0,98.0,26921.0,61.0,6751.0,98.0,39000,56548.0,56548.0,0,1
232043,100.0,9.0,1470,1470.0,183.0,2.0,0.0,0.0,1,1,1,0,9.6,40.0,5315.0,96.0,26071.0,64.0,8303.0,99.0,43920,61110.0,61110.0,0,1
232089,50.0,11.0,1787,1590.0,183.0,0.0,0.0,0.0,1,1,1,0,0.0,59.0,6341.0,98.0,26904.0,97.0,5169.0,100.0,28520,45300.0,45300.0,0,1
232186,68.0,16.0,25234,22074.0,4464.0,194.0,19.0,2.0,0,1,1,1,6.52,29.0,6083.0,45.0,9417.0,37.0,8375.0,79.0,14220,34900.0,59368.0,0,0
232256,100.0,9.0,3177,1300.0,296.0,0.0,7.0,5.0,0,1,0,1,9.4,25.0,5411.0,99.0,36468.0,43.0,7729.0,100.0,54550,75676.0,75676.0,1,0
232265,63.0,15.0,17885,11133.0,1147.0,10.0,49.0,16.0,0,1,0,0,0.0,36.0,5844.0,65.0,14886.0,55.0,8078.0,82.0,30592,48800.0,48800.0,1,0
232423,67.0,17.0,38428,27482.0,4990.0,4.0,14.0,3.0,0,1,0,1,11.53,14.0,5374.0,27.0,7731.0,35.0,9773.0,58.0,14250,33276.0,50630.0,0,0
232557,11.0,18.0,24942,24687.0,6021.0,1367.0,0.0,0.0,1,1,0,0,4.7,31.0,5685.0,97.0,9684.0,51.0,8360.0,97.0,22465,44489.0,44489.0,0,1
232566,67.0,15.0,5391,4864.0,827.0,8.0,25.0,3.0,0,1,1,1,15.3,34.0,5524.0,90.0,7486.0,53.0,6782.0,99.0,15744,37316.0,49550.0,0,0
232609,60.0,11.0,6948,2988.0,438.0,4.0,11.0,1.0,1,1,1,1,9.88,31.0,5760.0,99.0,21860.0,75.0,6853.0,100.0,36750,53500.0,53500.0,0,1
232681,95.0,13.0,5124,4088.0,725.0,4.0,26.0,4.0,0,1,1,1,15.81,21.0,5685.0,94.0,5720.0,33.0,8577.0,99.0,14640,32900.0,45820.0,0,0
232706,67.0,14.0,4329,4033.0,466.0,9.0,0.0,0.0,1,1,1,1,7.54,32.0,5928.0,96.0,21401.0,52.0,9869.0,99.0,40920,65280.0,65280.0,0,1
232982,51.0,13.0,15100,13645.0,2721.0,56.0,13.0,2.0,0,1,1,1,11.89,43.0,5922.0,68.0,4993.0,49.0,7268.0,94.0,12750,32988.0,54018.0,0,0
233277,0.0,14.0,10960,9813.0,1416.0,5.0,11.0,2.0,0,1,0,1,10.08,40.0,5811.0,88.0,5062.0,56.0,6571.0,96.0,12548,30148.0,43233.0,0,0
233295,100.0,11.0,3242,2808.0,532.0,0.0,26.0,2.0,1,1,0,1,19.5,20.0,5222.0,100.0,29991.0,62.0,9542.0,100.0,49466,66706.0,66706.0,0,1
233374,0.0,7.0,16152,3585.0,841.0,1.0,19.0,14.0,0,1,1,1,17.0,15.0,5977.0,52.0,51249.0,27.0,7729.0,63.0,65230,84930.0,84930.0,1,0
233541,33.0,12.0,4200,3232.0,540.0,1.0,0.0,0.0,1,1,1,0,8.0,26.0,5696.0,100.0,20606.0,65.0,10669.0,100.0,36950,53540.0,53540.0,0,1
233611,100.0,14.0,1451,1399.0,300.0,3.0,0.0,0.0,0,1,0,0,7.0,38.0,5780.0,100.0,7255.0,55.0,9634.0,100.0,21280,36174.0,36174.0,1,0
233897,50.0,14.0,6581,1878.0,284.0,2.0,10.0,8.0,0,1,0,0,0.0,65.0,5546.0,99.0,5416.0,44.0,7342.0,99.0,11780,28606.0,44836.0,0,0
233921,56.0,17.0,52498,28758.0,7289.0,8.0,41.0,9.0,0,1,1,1,9.0,15.0,5712.0,60.0,6031.0,38.0,11377.0,67.0,15948,39670.0,61486.0,0,0
234030,50.0,17.0,20954,19408.0,4190.0,41.0,34.0,3.0,0,1,1,1,14.9,35.0,5916.0,81.0,8038.0,44.0,8490.0,92.0,16945,42793.0,65957.0,0,0
234155,25.0,13.0,11775,10436.0,1489.0,7.0,10.0,1.0,0,1,0,0,0.0,67.0,6654.0,62.0,3072.0,90.0,7367.0,92.0,10043,28338.0,40945.0,0,0
234164,31.0,16.0,2835,2778.0,396.0,49.0,10.0,0.0,1,1,1,0,0.0,73.0,6520.0,35.0,5988.0,73.0,14855.0,88.0,17450,36610.0,36610.0,0,1
234827,52.0,15.0,8919,8082.0,1619.0,105.0,0.0,0.0,0,1,1,1,7.95,38.0,5345.0,74.0,3208.0,47.0,6266.0,90.0,9417,32722.0,50831.0,0,0
235097,38.0,18.0,6581,5972.0,1357.0,76.0,0.0,0.0,0,1,1,0,10.79,46.0,5306.0,70.0,4005.0,44.0,6375.0,91.0,8586,28582.0,45955.0,0,0
235167,44.0,17.0,1296,1249.0,317.0,10.0,7.0,5.0,0,1,1,1,15.1,43.0,5605.0,78.0,6510.0,45.0,6634.0,93.0,9264,28005.0,50646.0,0,0
236133,0.0,9.0,625,520.0,160.0,1.0,15.0,2.0,1,1,0,1,11.0,28.0,5767.0,100.0,21570.0,50.0,8553.0,100.0,36035,51367.0,51367.0,0,1
236230,100.0,12.0,4992,3895.0,550.0,2.0,15.0,2.0,1,1,1,0,12.0,40.0,5699.0,98.0,33166.0,46.0,7919.0,99.0,52254,68792.0,68792.0,0,1
236452,0.0,11.0,2127,1910.0,245.0,1.0,12.0,4.0,1,1,1,0,0.0,44.0,5495.0,99.0,26661.0,81.0,3985.0,100.0,45510,66324.0,66324.0,0,1
236577,100.0,13.0,2885,2406.0,379.0,3.0,0.0,0.0,1,1,0,0,9.6,48.0,5409.0,99.0,23846.0,49.0,6824.0,99.0,40407,62440.0,62440.0,0,1
236595,50.0,10.0,8468,6514.0,888.0,5.0,8.0,1.0,1,1,0,0,15.44,27.0,5983.0,98.0,31089.0,59.0,7670.0,100.0,56721,75128.0,75128.0,0,1
236939,40.0,15.0,25462,22060.0,4350.0,88.0,0.0,0.0,0,1,0,0,7.24,28.0,5586.0,72.0,6100.0,35.0,7804.0,89.0,13391,31219.0,47778.0,0,0
236948,87.0,20.0,69166,27076.0,7196.0,75.0,0.0,0.0,0,1,1,1,8.0,18.0,5613.0,40.0,8656.0,19.0,7651.0,56.0,12973,35305.0,65541.0,0,0
237011,49.0,18.0,14115,13162.0,3019.0,49.0,9.0,2.0,0,1,1,0,17.3,21.0,5323.0,90.0,3995.0,37.0,7517.0,95.0,9582,31275.0,50400.0,0,0
237066,0.0,11.0,4197,3768.0,525.0,1.0,13.0,5.0,1,1,0,0,0.0,34.0,5974.0,96.0,35314.0,61.0,7358.0,98.0,52880,71402.0,71402.0,0,1
237136,0.0,7.0,99,77.0,61.0,1.0,36.0,31.0,1,1,0,0,0.0,60.0,5375.0,100.0,14302.0,21.0,4536.0,100.0,18760,32598.0,32598.0,0,1
237215,45.0,13.0,687,668.0,219.0,11.0,50.0,11.0,0,1,0,0,0.0,64.0,5248.0,84.0,5313.0,71.0,6652.0,98.0,10648,27260.0,34988.0,0,0
237312,40.0,15.0,2573,1583.0,266.0,6.0,0.0,0.0,0,1,1,0,0.0,35.0,5587.0,94.0,22654.0,61.0,7582.0,100.0,33800,50950.0,50950.0,1,0
237330,40.0,16.0,2582,2390.0,436.0,6.0,57.0,21.0,0,0,0,1,5.43,53.0,5910.0,83.0,5543.0,45.0,6624.0,99.0,10664,27750.0,39086.0,0,0
237367,37.0,14.0,1955,1928.0,651.0,17.0,78.0,31.0,0,1,1,0,5.53,45.0,5307.0,78.0,3072.0,45.0,8881.0,96.0,8708,23364.0,33580.0,0,0
237525,24.0,16.0,6816,6525.0,1831.0,13.0,71.0,51.0,0,1,1,1,9.15,51.0,6499.0,86.0,6785.0,44.0,6424.0,98.0,9162,27754.0,38934.0,0,0
237792,71.0,17.0,1646,1593.0,505.0,8.0,54.0,8.0,0,1,0,1,8.44,40.0,5779.0,87.0,3647.0,50.0,8980.0,98.0,9056,25435.0,35461.0,0,0
237899,50.0,13.0,6163,5914.0,326.0,6.0,2.0,2.0,0,1,0,1,0.0,57.0,5377.0,58.0,5008.0,47.0,7134.0,91.0,9570,28059.0,33479.0,0,0
237932,38.0,12.0,1356,1319.0,416.0,3.0,61.0,36.0,0,1,1,0,0.0,44.0,5126.0,38.0,5583.0,63.0,10493.0,97.0,8893,26835.0,35384.0,0,0
237950,0.0,13.0,1453,533.0,279.0,3.0,78.0,32.0,0,1,0,0,11.1,45.0,5406.0,83.0,5265.0,37.0,6132.0,98.0,8424,28440.0,41088.0,0,0
238032,43.0,19.0,18729,16669.0,4129.0,17.0,58.0,24.0,0,1,0,0,11.6,24.0,5333.0,91.0,9092.0,56.0,5505.0,97.0,10104,31716.0,50220.0,0,0
238193,25.0,13.0,624,535.0,89.0,1.0,0.0,0.0,1,1,1,1,13.0,65.0,5970.0,98.0,20289.0,53.0,6244.0,99.0,34086,54402.0,54402.0,0,1
238324,100.0,10.0,71,69.0,59.0,5.0,0.0,0.0,0,1,0,0,4.0,23.0,6045.0,98.0,1832.0,70.0,8522.0,100.0,30952,43500.0,49618.0,1,0
238458,50.0,14.0,6164,4120.0,722.0,2.0,10.0,26.0,1,1,1,0,10.94,24.0,4864.0,94.0,24595.0,71.0,8919.0,100.0,38890,58172.0,58172.0,0,1
238476,0.0,14.0,7777,6771.0,762.0,0.0,0.0,3.0,1,1,1,0,13.0,35.0,5026.0,100.0,21419.0,96.0,7527.0,100.0,38750,55300.0,55300.0,0,1
238661,0.0,15.0,2274,1722.0,275.0,7.0,0.0,0.0,1,1,0,0,23.1,36.0,5259.0,98.0,19750.0,68.0,8489.0,100.0,35860,52822.0,52822.0,0,1
238980,33.0,12.0,1261,1088.0,175.0,3.0,0.0,0.0,1,1,1,0,0.0,51.0,5430.0,100.0,20155.0,96.0,5703.0,100.0,33396,51118.0,51118.0,0,1
239017,100.0,7.0,3270,2091.0,351.0,1.0,21.0,33.0,0,1,0,0,15.67,24.0,5730.0,100.0,40646.0,53.0,7331.0,100.0,56982,71697.0,71697.0,1,0
239071,80.0,11.0,274,197.0,135.0,22.0,16.0,58.0,1,1,0,0,0.0,55.0,5447.0,90.0,5430.0,30.0,6221.0,98.0,21550,39986.0,39986.0,0,1
239080,75.0,11.0,1619,1214.0,219.0,38.0,0.0,0.0,1,1,1,0,5.0,36.0,5270.0,100.0,18581.0,87.0,6537.0,100.0,35178,49027.0,49027.0,0,1
239105,75.0,14.0,18701,15212.0,2149.0,1.0,14.0,26.0,1,1,1,1,12.4,20.0,5820.0,100.0,30756.0,44.0,9660.0,100.0,51170,71819.0,71819.0,0,1
239390,0.0,9.0,1322,824.0,116.0,1.0,1.0,17.0,1,1,1,1,17.0,73.0,6057.0,100.0,21243.0,71.0,5614.0,100.0,35420,54143.0,54143.0,0,1
240189,44.0,21.0,10187,8732.0,2160.0,59.0,0.0,71.0,0,1,1,1,12.11,29.0,5177.0,29.0,1962.0,55.0,6552.0,80.0,8616,20216.0,30316.0,0,0
240268,50.0,19.0,8824,7266.0,2044.0,8.0,0.0,44.0,0,1,0,0,8.0,22.0,5070.0,49.0,2149.0,51.0,7919.0,80.0,9642,22386.0,31972.0,0,0
240277,30.0,25.0,5899,5226.0,1318.0,66.0,0.0,32.0,0,1,0,0,3.7,36.0,5423.0,34.0,3547.0,45.0,6136.0,81.0,8700,22138.0,30726.0,0,0
240329,50.0,20.0,7136,5388.0,2325.0,2.0,0.0,34.0,0,1,0,0,10.44,14.0,4882.0,37.0,2113.0,47.0,7482.0,78.0,10070,21040.0,30487.0,0,0
240365,38.0,22.0,7660,6626.0,1417.0,23.0,0.0,30.0,0,1,0,0,11.6,30.0,5098.0,29.0,3316.0,43.0,6327.0,73.0,8532,22442.0,30356.0,0,0
240374,43.0,20.0,2649,1997.0,522.0,35.0,0.0,29.0,0,1,1,1,11.48,41.0,5423.0,24.0,3099.0,40.0,5816.0,81.0,8270,22618.0,31777.0,0,0
240392,77.0,19.0,596,562.0,387.0,268.0,0.0,0.0,0,0,1,0,0.0,75.0,4770.0,57.0,2188.0,70.0,7345.0,97.0,13450,43500.0,49618.0,1,0
240417,40.0,18.0,5547,4863.0,1187.0,42.0,0.0,32.0,0,1,0,0,10.4,25.0,5145.0,36.0,2576.0,58.0,8488.0,78.0,10701,23693.0,32257.0,0,0
240426,25.0,18.0,1517,1411.0,272.0,8.0,0.0,17.0,0,1,0,0,7.4,31.0,5005.0,51.0,2999.0,42.0,6413.0,78.0,8812,23469.0,31383.0,0,0
240444,81.0,18.0,65894,29782.0,8514.0,23.0,15.0,29.0,0,1,0,1,10.98,17.0,5553.0,32.0,15169.0,24.0,9678.0,60.0,11603,30005.0,60505.0,0,0
240453,27.0,17.0,16079,14581.0,3464.0,73.0,0.0,66.0,0,1,0,1,5.1,40.0,5621.0,82.0,1992.0,47.0,7034.0,93.0,10398,26624.0,38624.0,0,0
240462,50.0,20.0,4934,4410.0,1310.0,24.0,0.0,28.0,0,1,0,0,7.8,24.0,5126.0,72.0,2590.0,48.0,7191.0,91.0,8644,21776.0,30735.0,0,0
240471,64.0,19.0,5519,4510.0,1133.0,21.0,0.0,19.0,0,1,0,1,13.97,26.0,5145.0,72.0,1753.0,54.0,7789.0,93.0,9008,21250.0,29712.0,0,0
240480,32.0,21.0,8590,7886.0,1852.0,35.0,0.0,44.0,0,1,0,0,11.44,31.0,5105.0,75.0,1834.0,52.0,7162.0,92.0,9488,22098.0,31118.0,0,0
240727,54.0,13.0,6217,6023.0,1434.0,19.0,0.0,0.0,0,1,0,1,8.16,21.0,5601.0,85.0,5677.0,36.0,9206.0,94.0,7768,26478.0,42888.0,0,0
241191,40.0,18.0,232,232.0,120.0,11.0,0.0,0.0,1,0,0,0,6.4,87.0,6876.0,40.0,573.0,5.0,3500.0,95.0,8350,19750.0,19750.0,0,1
241225,33.0,13.0,138,91.0,81.0,5.0,0.0,0.0,1,0,0,0,0.0,95.0,7171.0,58.0,684.0,1.0,2228.0,99.0,5986,18861.0,18861.0,0,1
241331,33.0,20.0,237,237.0,180.0,12.0,0.0,0.0,0,0,0,0,0.0,86.0,8884.0,0.0,12088.0,11.0,4845.0,89.0,8505,43500.0,49618.0,1,0
241395,100.0,10.0,193,181.0,30.0,3.0,0.0,0.0,1,1,0,0,6.77,100.0,7226.0,8.0,338.0,8.0,4500.0,100.0,6550,43500.0,49618.0,0,1
241410,100.0,16.0,2817,2763.0,885.0,9.0,3.0,0.0,1,1,0,0,10.04,90.0,6825.0,38.0,1008.0,21.0,3833.0,96.0,6650,23552.0,23552.0,0,1
241766,83.0,4.0,97,76.0,66.0,55.0,0.0,0.0,0,0,0,0,5.0,50.0,5221.0,25.0,650.0,0.0,7519.5,50.0,3370,43500.0,49618.0,0,0
241836,60.0,15.0,188,180.0,180.0,84.0,0.0,0.0,0,1,1,0,0.0,95.0,8055.0,0.0,12088.0,28.0,6286.0,95.0,7050,43500.0,49618.0,1,0
241951,100.0,10.0,62,62.0,61.0,1.0,7.0,0.0,0,0,0,0,14.49,75.0,3224.0,0.0,12088.0,0.0,7519.5,75.0,4902,43500.0,49618.0,0,0
242617,20.0,25.0,1410,599.0,589.0,9.0,0.0,0.0,0,1,1,0,0.0,92.0,6785.0,36.0,732.0,2.0,2947.0,94.0,5780,22162.0,22162.0,1,0
242626,57.0,26.0,1463,611.0,596.0,12.0,0.0,0.0,0,1,0,0,5.33,93.0,6785.0,55.0,531.0,3.0,2590.0,97.0,5742,43500.0,49618.0,1,0
242635,0.0,26.0,1042,398.0,362.0,5.0,0.0,0.0,0,0,0,0,0.0,92.0,6751.0,82.0,608.0,2.0,3728.0,96.0,5780,43500.0,49618.0,1,0
242644,60.0,21.0,491,422.0,237.0,4.0,0.0,0.0,0,1,1,0,0.0,97.0,6756.0,60.0,514.0,7.0,2432.0,99.0,5742,43500.0,49618.0,1,0
242653,0.0,18.0,1922,1340.0,368.0,12.0,0.0,0.0,0,1,0,1,7.0,85.0,6534.0,25.0,943.0,3.0,5691.0,91.0,5780,28212.0,28212.0,1,0
242662,50.0,22.0,1251,422.0,357.0,2.0,0.0,0.0,0,1,0,0,4.0,91.0,6560.0,18.0,612.0,1.0,3877.0,92.0,5780,43500.0,49618.0,1,0
242680,29.0,22.0,761,202.0,199.0,3.0,0.0,0.0,0,0,1,0,0.0,96.0,6618.0,13.0,661.0,2.0,3629.0,98.0,5780,43500.0,49618.0,1,0
242699,0.0,26.0,735,267.0,264.0,5.0,0.0,0.0,0,0,1,0,0.0,83.0,6856.0,28.0,325.0,7.0,2938.0,84.0,5780,43500.0,49618.0,1,0
242705,46.0,30.0,2062,817.0,795.0,13.0,0.0,0.0,0,0,0,1,0.0,89.0,6443.0,28.0,1263.0,4.0,3092.0,94.0,5780,24562.0,24562.0,1,0
243142,100.0,20.0,1764,962.0,678.0,3.0,99.0,0.0,0,0,0,0,4.41,89.0,6182.0,22.0,1405.0,3.0,2704.0,93.0,7986,43500.0,49618.0,0,0
243151,0.0,24.0,1168,619.0,475.0,1.0,99.0,0.0,0,1,1,0,5.82,85.0,6179.0,0.0,1427.0,1.0,3500.0,92.0,5354,43500.0,49618.0,0,0
243179,0.0,14.0,1323,725.0,624.0,4.0,0.0,0.0,0,1,0,1,5.6,88.0,6645.0,17.0,2342.0,3.0,3663.0,95.0,5364,43500.0,49618.0,0,0
243197,50.0,19.0,4446,2513.0,1775.0,1.0,0.0,0.0,0,1,0,0,4.7,72.0,6472.0,26.0,2468.0,4.0,3569.0,83.0,5274,43500.0,49618.0,0,0
243221,10.0,11.0,4799,2620.0,1867.0,0.0,0.0,0.0,0,1,0,0,4.0,71.0,6396.0,28.0,1594.0,2.0,3609.0,82.0,5354,43500.0,49618.0,0,0
243443,58.0,21.0,3073,1783.0,1089.0,56.0,0.0,0.0,1,1,0,0,0.0,83.0,6391.0,36.0,1451.0,11.0,4552.0,93.0,6410,25710.0,25710.0,0,1
243586,100.0,13.0,604,599.0,92.0,3.0,0.0,0.0,1,1,0,0,8.36,91.0,6972.0,18.0,486.0,16.0,4453.0,93.0,6550,43500.0,49618.0,0,1
243638,17.0,13.0,1322,1151.0,569.0,53.0,0.0,0.0,0,0,0,0,0.0,98.0,3656.0,13.0,879.0,0.0,7519.5,98.0,5050,12413.0,12413.0,0,0
243665,57.0,10.0,977,967.0,340.0,43.0,17.0,2.0,0,1,1,0,0.0,61.0,6603.0,61.0,3018.0,20.0,4123.0,93.0,5957,22675.0,33275.0,0,0
243780,58.0,14.0,78745,39272.0,11467.0,128.0,79.0,25.0,0,1,1,0,9.5,13.0,5650.0,37.0,8003.0,26.0,8942.0,59.0,9992,26172.0,44974.0,0,0
243832,13.0,14.0,356,216.0,167.0,152.0,0.0,0.0,0,1,1,0,0.0,88.0,6903.0,0.0,12088.0,37.0,7778.0,88.0,7050,43500.0,49618.0,1,0
245953,33.0,14.0,376,345.0,238.0,52.0,2.0,20.0,1,0,1,0,0.0,59.0,5831.0,73.0,10815.0,45.0,6870.0,95.0,21294,37796.0,37796.0,0,1
247649,50.0,7.0,447,221.0,107.0,31.0,0.0,0.0,0,1,0,1,100.0,21.0,5780.0,100.0,20273.0,36.0,11863.0,100.0,66540,86926.0,86926.0,1,0
366711,58.0,24.0,19721,18755.0,2624.0,151.0,0.0,0.0,0,1,1,1,6.0,46.0,5999.0,46.0,5568.0,32.0,6065.0,79.0,8082,27008.0,39608.0,0,0
377555,73.0,22.0,5172,4686.0,1118.0,45.0,1.0,0.0,0,1,1,1,7.0,28.0,5552.0,33.0,5654.0,22.0,5482.0,55.0,12919,35467.0,65703.0,0,0
377564,64.0,15.0,4068,3357.0,721.0,40.0,0.0,0.0,0,1,1,1,7.0,39.0,5266.0,78.0,4676.0,24.0,5672.0,91.0,13168,34021.0,64257.0,0,0
386472,100.0,16.0,69,65.0,45.0,20.0,0.0,0.0,0,0,1,0,0.0,73.0,5069.0,62.0,3130.0,87.0,8126.0,98.0,13450,43500.0,49618.0,1,0
409698,14.0,24.0,14933,14545.0,1419.0,22.0,0.0,0.0,0,1,0,1,8.0,43.0,5872.0,48.0,5986.0,34.0,5452.0,76.0,7779,30097.0,42697.0,0,0
426314,49.0,23.0,2079,1204.0,624.0,493.0,4.0,2.0,0,1,1,1,0.0,30.0,5618.0,24.0,1803.0,9.0,6263.0,50.0,12097,43500.0,49618.0,1,0
433536,0.0,14.0,50,46.0,32.0,5.0,0.0,0.0,0,0,1,0,0.0,96.0,6027.0,76.0,1416.0,76.0,8308.0,100.0,13450,43500.0,49618.0,1,0
433660,65.0,20.0,20422,12956.0,2704.0,450.0,80.0,45.0,0,1,1,1,10.0,26.0,6115.0,46.0,3376.0,29.0,10899.0,77.0,6118,23983.0,43027.0,0,0
436827,67.0,13.0,1497,1320.0,164.0,2.0,35.0,2.0,0,1,0,1,15.4,40.0,5350.0,63.0,9517.0,42.0,7049.0,82.0,18140,43500.0,49618.0,0,0
436836,50.0,21.0,10937,9076.0,935.0,15.0,28.0,2.0,0,1,0,1,14.15,53.0,5972.0,71.0,9620.0,44.0,8696.0,82.0,18150,41698.0,64366.0,0,0
439701,50.0,10.0,94,57.0,11.0,6.0,0.0,0.0,1,1,1,0,6.57,7.0,3698.0,36.0,3108.0,14.0,3217.0,36.0,12480,43500.0,49618.0,0,1
440396,100.0,19.0,180,151.0,99.0,3.0,42.0,26.0,1,0,0,0,0.0,0.0,5759.0,85.0,4058.0,4.0,14753.0,90.0,16800,43500.0,49618.0,0,1
440828,79.0,9.0,2342,1478.0,204.0,36.0,5.0,1.0,0,1,0,0,6.4,24.0,4939.0,88.0,8090.0,40.0,6270.0,93.0,13566,34044.0,57834.0,0,0
441900,40.0,18.0,1828,1587.0,527.0,67.0,0.0,0.0,0,1,0,0,3.04,53.0,6191.0,71.0,2766.0,15.0,4895.0,92.0,6765,24443.0,39511.0,0,0
441937,23.0,16.0,8810,8353.0,520.0,20.0,0.0,0.0,0,1,0,1,7.0,52.0,5995.0,61.0,6656.0,30.0,5445.0,83.0,7159,27471.0,40071.0,0,0
442356,100.0,11.0,512,211.0,86.0,16.0,1.0,0.0,1,0,1,0,6.3,39.0,5382.0,5.0,3280.0,68.0,8790.0,88.0,32933,43500.0,49618.0,0,1
445188,42.0,20.0,31928,28906.0,2093.0,20.0,0.0,0.0,0,1,0,1,3.75,60.0,6193.0,84.0,12518.0,30.0,5215.0,91.0,15623,43966.0,78166.0,0,0
445267,37.0,28.0,409,358.0,289.0,231.0,0.0,2.0,1,0,1,0,0.0,88.0,7238.0,0.0,12088.0,2.0,9500.0,90.0,7440,43500.0,49618.0,0,1
445708,0.0,14.0,4105,3279.0,450.0,2.0,10.0,6.0,0,1,0,1,9.31,56.0,6116.0,100.0,24723.0,83.0,9015.0,100.0,42419,60377.0,60377.0,1,0
446640,11.0,18.0,1423,1243.0,119.0,6.0,0.0,0.0,0,0,1,1,12.5,62.0,5869.0,97.0,14081.0,63.0,6242.0,100.0,24400,39506.0,39506.0,1,0
447689,50.0,19.0,6153,5876.0,2612.0,444.0,0.0,0.0,0,1,1,1,5.45,64.0,5958.0,5.0,6050.0,29.0,5448.0,86.0,4532,27252.0,36564.0,0,0
447953,75.0,18.0,59,24.0,24.0,3.0,0.0,0.0,1,0,0,0,0.0,30.0,1840.0,27.0,2626.0,27.0,2594.0,55.0,10460,23386.0,23386.0,0,1
451927,63.0,14.0,266,206.0,98.0,8.0,64.0,47.0,1,1,0,0,0.0,0.0,5759.0,100.0,13345.0,10.0,15734.0,100.0,28425,40445.0,40445.0,0,1
456959,0.0,13.0,1269,901.0,183.0,2.0,3.0,21.0,0,1,0,1,15.0,33.0,5649.0,77.0,7149.0,57.0,9802.0,93.0,15016,32320.0,32320.0,0,0
459842,86.0,16.0,50,46.0,32.0,11.0,0.0,0.0,0,0,1,0,0.0,83.0,4569.0,30.0,1842.0,83.0,8657.0,96.0,13450,43500.0,49618.0,1,0
459949,31.0,18.0,9482,8799.0,1265.0,62.0,41.0,7.0,0,1,1,0,0.0,66.0,5923.0,41.0,3102.0,31.0,5771.0,90.0,9654,27090.0,40691.0,0,0
460349,39.0,13.0,476,433.0,236.0,212.0,0.0,0.0,0,0,0,0,4.12,65.0,7063.0,4.0,1500.0,70.0,8656.0,96.0,13365,43500.0,49618.0,1,0
461528,50.0,10.0,93,49.0,16.0,6.0,0.0,0.0,1,0,1,0,0.0,17.0,5146.0,33.0,2474.0,33.0,4454.0,50.0,9105,43500.0,49618.0,0,1
461759,20.0,10.0,178,178.0,145.0,18.0,0.0,0.0,1,0,1,0,0.0,38.0,7493.0,14.0,7104.0,6.0,8792.0,54.0,16398,31157.0,31157.0,0,1
462354,0.0,15.0,216,172.0,74.0,3.0,24.0,14.0,1,1,0,0,0.0,28.0,5228.0,100.0,13763.0,67.0,5914.0,100.0,30265,44130.0,44130.0,0,1
463056,50.0,26.0,3265,2884.0,646.0,9.0,35.0,1.0,0,1,0,1,18.4,44.0,5787.0,70.0,8580.0,44.0,7071.0,85.0,18130,43500.0,49618.0,0,0
464226,18.0,11.0,1355,1059.0,279.0,24.0,3.0,8.0,1,1,0,0,0.0,46.0,5287.0,100.0,15533.0,90.0,7470.0,100.0,35880,59046.0,59046.0,0,1
475608,100.0,5.0,33,33.0,29.0,0.0,0.0,0.0,1,0,0,0,14.0,41.0,6081.0,100.0,19379.0,18.0,4123.0,100.0,15750,30456.0,30456.0,0,1
476975,43.0,23.0,501,493.0,490.0,377.0,0.0,0.0,0,0,1,0,0.0,68.0,5927.0,10.0,974.0,72.0,6424.0,88.0,9000,43500.0,49618.0,0,0
479956,59.0,16.0,1198,1092.0,337.0,120.0,12.0,2.0,0,1,0,1,4.5,45.0,6097.0,57.0,3610.0,53.0,6488.0,81.0,15356,43500.0,49618.0,0,0
480198,0.0,9.0,123,73.0,4.0,4.0,0.0,0.0,1,0,1,0,0.0,0.0,5759.0,0.0,12088.0,0.0,7519.5,0.0,14640,43500.0,49618.0,0,1
480569,0.0,6.0,112,45.0,17.0,5.0,0.0,0.0,0,1,0,0,3.02,53.0,5496.0,6.0,11860.0,59.0,6793.0,82.0,12780,43500.0,49618.0,1,0
482149,50.0,16.0,6011,5194.0,1303.0,30.0,20.0,4.0,0,1,0,0,0.0,41.0,5718.0,15.0,8136.0,35.0,5888.0,93.0,8414,26942.0,43262.0,0,0
482158,35.0,18.0,4346,4332.0,1319.0,181.0,18.0,7.0,0,1,0,1,3.2,53.0,6151.0,13.0,4046.0,42.0,5617.0,90.0,5038,20733.0,32085.0,0,0
482228,100.0,7.0,20,19.0,13.0,6.0,0.0,0.0,1,0,0,0,0.0,56.0,2793.0,56.0,377.0,22.0,2750.0,89.0,10522,43500.0,49618.0,0,1
482680,61.0,19.0,13298,9035.0,4331.0,307.0,38.0,17.0,0,1,0,1,7.45,32.0,5590.0,19.0,2486.0,22.0,6236.0,91.0,5285,23315.0,34533.0,0,0
482936,40.0,17.0,4110,2364.0,477.0,28.0,71.0,28.0,0,1,0,0,11.53,34.0,5312.0,95.0,4033.0,31.0,5219.0,100.0,4940,24217.0,40282.0,0,0
484473,85.0,61.0,1386,849.0,761.0,65.0,74.0,45.0,0,1,0,0,5.62,19.0,5688.0,20.0,2820.0,7.0,6205.0,87.0,3876,43500.0,49618.0,0,0
484905,53.0,19.0,5029,4247.0,468.0,76.0,6.0,0.0,0,1,0,0,0.0,75.0,5894.0,88.0,3796.0,25.0,4056.0,97.0,9595,24853.0,37152.0,0,0
486488,0.0,4.0,3,2.0,1.0,0.0,0.0,0.0,0,0,0,0,10.0,0.0,5759.0,0.0,12088.0,0.0,7519.5,0.0,15000,43500.0,49618.0,1,0
486840,62.0,23.0,34680,23995.0,9117.0,482.0,39.0,16.0,0,1,1,1,7.32,44.0,5839.0,6.0,7539.0,38.0,6091.0,94.0,5808,26478.0,38406.0,0,0
487524,24.0,15.0,2856,2312.0,553.0,137.0,8.0,0.0,0,1,1,0,7.05,41.0,5410.0,100.0,11600.0,84.0,7607.0,100.0,23304,38936.0,38936.0,1,0
488305,100.0,7.0,37,37.0,26.0,1.0,0.0,0.0,1,0,0,0,10.64,43.0,6358.0,93.0,5180.0,29.0,4687.0,93.0,10480,20130.0,20130.0,0,1
490805,22.0,17.0,8617,6235.0,1139.0,21.0,72.0,3.0,0,1,1,0,6.78,42.0,5639.0,74.0,2360.0,31.0,5226.0,92.0,8675,22392.0,29811.0,0,0
491525,0.0,20.0,131,119.0,109.0,76.0,0.0,0.0,1,0,0,0,0.0,11.0,4805.0,18.0,4035.0,0.0,7519.5,23.0,6700,16860.0,16860.0,0,1
491631,100.0,9.0,49,48.0,46.0,0.0,0.0,0.0,0,0,0,0,0.0,37.0,6769.0,0.0,12088.0,4.0,1000.0,54.0,9780,43500.0,49618.0,1,0
492476,0.0,14.0,115,87.0,61.0,61.0,0.0,0.0,0,1,1,0,0.0,68.0,5734.0,0.0,12088.0,45.0,8412.0,73.0,7050,43500.0,49618.0,1,0
494278,0.0,24.0,84,50.0,38.0,32.0,0.0,0.0,0,1,1,0,0.0,90.0,6892.0,0.0,12088.0,69.0,12626.0,90.0,7050,43500.0,49618.0,1,0
494603,54.0,20.0,279,161.0,100.0,31.0,0.0,0.0,1,0,0,0,0.0,0.0,5759.0,40.0,4561.0,11.0,12383.0,41.0,11934,27474.0,27474.0,0,1
494685,0.0,21.0,74,62.0,52.0,7.0,36.0,32.0,1,0,0,0,0.0,37.0,3646.0,26.0,1251.0,47.0,2798.0,73.0,8756,17425.0,17425.0,0,1
496973,100.0,14.0,29,26.0,18.0,4.0,0.0,0.0,0,0,1,0,0.0,92.0,4544.0,69.0,2385.0,100.0,5768.0,100.0,13450,43500.0,49618.0,1,0
497037,30.0,25.0,182,182.0,146.0,72.0,0.0,0.0,1,0,0,0,0.0,71.0,7159.0,50.0,837.0,67.0,7076.0,100.0,14520,43500.0,49618.0,0,1
497213,0.0,3.0,12,12.0,11.0,1.0,0.0,0.0,0,0,1,0,0.0,40.0,6820.0,0.0,12088.0,0.0,7519.5,40.0,18300,32106.0,32106.0,1,0
497824,0.0,8.0,61,30.0,15.0,3.0,0.0,0.0,1,0,0,0,0.0,67.0,4370.0,0.0,12088.0,100.0,4277.0,100.0,8175,43500.0,49618.0,0,1
498562,37.0,19.0,8891,8277.0,2414.0,10.0,30.0,0.0,0,1,0,0,10.0,39.0,5309.0,89.0,5765.0,60.0,8032.0,98.0,11046,27454.0,39278.0,0,0
498571,37.0,18.0,5930,5594.0,1529.0,62.0,21.0,3.0,0,1,0,0,9.14,43.0,5443.0,81.0,4437.0,69.0,8151.0,98.0,11436,28956.0,33574.0,0,0
499149,0.0,15.0,55,51.0,35.0,20.0,0.0,0.0,0,0,1,0,0.0,77.0,7150.0,62.0,2662.0,85.0,10424.0,100.0,13450,43500.0,49618.0,1,0
499875,0.0,23.0,375,335.0,265.0,0.0,0.0,0.0,0,0,0,0,0.0,0.0,5759.0,90.0,5140.0,0.0,7519.5,90.0,8760,15986.0,15986.0,1,0
