unit_id,retention_fulltime,student_faculty_ratio,applicants,admitted,enrolled_total,enrolled_fulltime,sat_submission_pct,act_submission_pct,religious_affiliation,study_abroad,evening_weekend,undergrad_research,disability_pct,pell_grant_pct,pell_grant_avg,institutional_grant_pct,institutional_grant_avg,loan_pct,loan_avg,any_aid_pct,tuition_fees,coa_instate_oncampus,coa_outofstate_oncampus,control_3,control_4
100654,70.0,19.0,23406,13564.0,1968.0,1939.0,27.0,67.0,0,1,1,1,3.42,67.0,6594.0,67.0,9530.0,76.0,6883.0,90.0,10024,27732.0,36342.0,0,0
100663,80.0,18.0,11379,10034.0,2014.0,1993.0,4.0,43.0,0,1,0,1,6.66,42.0,6870.0,76.0,9131.0,52.0,6747.0,95.0,9098,30249.0,43713.0,0,0
100706,84.0,17.0,7630,5232.0,1212.0,1200.0,5.0,56.0,0,1,1,0,5.43,26.0,5506.0,91.0,7926.0,37.0,7668.0,97.0,12132,32089.0,46365.0,0,0
100724,70.0,15.0,7229,7052.0,1056.0,1053.0,1.0,34.0,0,1,0,0,0.0,66.0,6447.0,57.0,9381.0,55.0,6870.0,87.0,11248,24056.0,32384.0,0,0
100751,89.0,19.0,56795,43531.0,8032.0,7973.0,15.0,43.0,0,1,1,1,9.13,20.0,5795.0,76.0,16835.0,37.0,11529.0,88.0,12180,33924.0,55916.0,0,0
100830,68.0,13.0,2694,2467.0,364.0,346.0,6.0,65.0,0,1,1,0,0.0,51.0,6257.0,96.0,4402.0,43.0,5204.0,98.0,9700,23113.0,34081.0,0,0
100858,95.0,21.0,55056,25284.0,6103.0,6081.0,15.0,75.0,0,1,0,1,3.54,12.0,5736.0,78.0,9950.0,29.0,9702.0,85.0,12890,36882.0,58914.0,0,0
101189,64.0,14.0,1073,784.0,269.0,232.0,2.0,14.0,1,1,1,0,10.0,52.0,5795.0,88.0,13905.0,66.0,7750.0,88.0,23920,38670.0,38670.0,0,1
101365,67.0,14.0,89,83.0,58.0,10.0,0.0,0.0,0,0,1,0,0.0,95.0,6271.0,74.0,2386.0,84.0,10220.0,100.0,13450,43500.0,49618.0,1,0
101435,67.0,15.0,2717,1888.0,280.0,280.0,4.0,30.0,1,1,0,0,4.85,46.0,5687.0,99.0,13782.0,75.0,8164.0,99.0,29070,42360.0,42360.0,0,1
101453,0.0,8.0,10,9.0,8.0,5.0,0.0,63.0,1,1,0,0,0.0,40.0,3330.0,100.0,4372.0,20.0,2750.0,100.0,11982,24212.0,24212.0,0,1
101480,65.0,19.0,11199,8701.0,1737.0,1722.0,6.0,45.0,0,1,0,1,8.0,56.0,6101.0,100.0,5886.0,57.0,7882.0,100.0,12894,27240.0,37680.0,0,0
101587,65.0,19.0,2729,1164.0,389.0,383.0,3.0,61.0,0,1,0,0,0.0,65.0,6496.0,69.0,5668.0,71.0,8717.0,99.0,10990,24026.0,33126.0,0,0
101693,74.0,14.0,1805,1406.0,273.0,271.0,3.0,27.0,1,0,0,0,3.9,36.0,4735.0,65.0,15307.0,39.0,6625.0,100.0,26910,44788.0,44788.0,0,1
101709,73.0,13.0,6280,3382.0,559.0,552.0,0.0,0.0,0,1,0,0,11.63,40.0,6193.0,98.0,10231.0,55.0,6640.0,99.0,13948,29520.0,42540.0,0,0
101879,80.0,18.0,5052,4411.0,992.0,876.0,0.0,0.0,0,1,0,0,3.89,37.0,6058.0,90.0,10105.0,48.0,6425.0,98.0,12120,28880.0,39080.0,0,0
101912,71.0,14.0,1873,847.0,255.0,255.0,0.0,0.0,1,1,0,1,13.0,42.0,5415.0,99.0,10686.0,77.0,6455.0,100.0,22512,41096.0,41096.0,0,1
102049,93.0,14.0,4559,3755.0,1087.0,1087.0,25.0,66.0,1,1,1,0,16.7,11.0,5987.0,100.0,21317.0,29.0,9110.0,100.0,40150,59741.0,59741.0,0,1
102094,76.0,19.0,12982,9212.0,1939.0,1919.0,6.0,84.0,0,1,1,1,0.0,44.0,6127.0,93.0,6159.0,52.0,11354.0,97.0,10116,27863.0,36839.0,0,0
102234,70.0,11.0,2420,1853.0,153.0,153.0,1.0,54.0,1,1,1,1,6.11,34.0,6245.0,97.0,13611.0,40.0,7003.0,99.0,24054,43276.0,43276.0,0,1
102270,53.0,13.0,3094,1926.0,148.0,134.0,0.0,0.0,1,1,0,0,0.0,84.0,6560.0,45.0,6799.0,76.0,6774.0,96.0,12126,27470.0,27470.0,0,1
102298,54.0,17.0,10307,8804.0,244.0,242.0,0.0,0.0,1,1,1,0,0.0,53.0,7002.0,86.0,12511.0,48.0,5842.0,89.0,15650,25654.0,25654.0,0,1
102368,71.0,16.0,9474,9099.0,1881.0,1650.0,6.0,56.0,0,1,1,0,0.0,46.0,5997.0,64.0,9370.0,84.0,4169.0,96.0,10176,25192.0,35368.0,0,0
102377,81.0,14.0,11632,5663.0,787.0,786.0,1.0,25.0,0,1,0,1,0.0,54.0,6213.0,61.0,16781.0,48.0,5532.0,100.0,25386,46052.0,46052.0,1,0
102395,43.0,14.0,277,170.0,76.0,73.0,0.0,0.0,0,0,0,0,0.0,71.0,5163.0,71.0,4433.0,71.0,8385.0,100.0,13800,43500.0,49618.0,1,0
102632,76.0,9.0,346,219.0,165.0,90.0,0.0,0.0,0,1,1,1,4.4,29.0,5172.0,53.0,4358.0,20.0,4181.0,84.0,7056,29190.0,42774.0,0,0
102669,68.0,7.0,592,571.0,29.0,22.0,0.0,0.0,1,0,1,0,0.0,36.0,5411.0,100.0,8177.0,44.0,4273.0,100.0,20760,36392.0,36392.0,0,1
104151,87.0,18.0,70928,63756.0,14099.0,13981.0,0.0,0.0,0,1,1,1,8.14,32.0,6066.0,84.0,9535.0,29.0,8207.0,93.0,12223,34175.0,55091.0,0,0
104179,83.0,20.0,58339,50252.0,9240.0,8808.0,11.0,18.0,0,1,1,1,7.81,28.0,5822.0,93.0,11634.0,30.0,8295.0,96.0,13926,35722.0,64074.0,0,0
104586,82.0,17.0,4141,3171.0,748.0,742.0,30.0,24.0,0,1,0,1,5.66,20.0,5431.0,95.0,19883.0,51.0,21086.0,97.0,44149,63807.0,63807.0,1,0
105330,75.0,19.0,35100,31453.0,4975.0,4868.0,0.0,0.0,0,1,0,1,6.56,37.0,6114.0,98.0,9702.0,41.0,7064.0,99.0,13009,33277.0,50149.0,0,0
105589,74.0,8.0,164,155.0,9.0,9.0,0.0,0.0,0,1,0,0,18.0,43.0,6241.0,91.0,22979.0,48.0,5682.0,96.0,35685,49919.0,49919.0,1,0
105899,54.0,16.0,1297,916.0,327.0,326.0,0.0,0.0,1,1,0,0,0.0,43.0,5629.0,97.0,19836.0,90.0,12579.0,99.0,35098,58328.0,58328.0,0,1
106245,76.0,13.0,4335,2548.0,556.0,526.0,5.0,84.0,0,1,1,0,7.75,60.0,6082.0,76.0,7688.0,34.0,5767.0,98.0,9748,29168.0,41578.0,0,0
106342,71.0,11.0,1654,1038.0,234.0,234.0,0.0,0.0,1,1,0,0,0.0,43.0,5896.0,100.0,21702.0,76.0,12621.0,100.0,31000,45750.0,45750.0,0,1
106397,86.0,20.0,30555,22703.0,6618.0,6567.0,31.0,73.0,0,1,0,1,10.09,20.0,5420.0,44.0,5811.0,41.0,9231.0,77.0,10104,31430.0,51292.0,0,0
106412,64.0,12.0,6625,2728.0,411.0,388.0,13.0,67.0,0,1,0,0,5.14,77.0,6162.0,45.0,10078.0,63.0,5771.0,96.0,9412,23960.0,32540.0,0,0
106458,78.0,17.0,12252,10078.0,1969.0,1672.0,3.0,78.0,0,1,1,1,8.78,44.0,6369.0,93.0,9833.0,46.0,6000.0,98.0,8090,27114.0,33546.0,0,0
106467,74.0,17.0,3654,3504.0,1179.0,1104.0,2.0,88.0,0,1,1,1,4.72,54.0,5917.0,70.0,6833.0,40.0,7526.0,94.0,8674,24559.0,30553.0,0,0
106704,73.0,15.0,7039,6299.0,2182.0,2172.0,2.0,95.0,0,1,0,0,12.59,47.0,5841.0,72.0,5672.0,49.0,6754.0,97.0,10523,27840.0,35340.0,0,0
106713,63.0,9.0,260,165.0,109.0,108.0,11.0,69.0,1,1,1,1,7.0,50.0,5856.0,99.0,9349.0,59.0,5154.0,99.0,21330,34802.0,34802.0,0,1
107044,86.0,13.0,2714,1914.0,854.0,845.0,18.0,75.0,1,1,1,0,7.0,23.0,5088.0,98.0,14835.0,48.0,7793.0,100.0,26262,39986.0,39986.0,0,1
107080,80.0,11.0,3161,1759.0,318.0,318.0,10.0,50.0,1,1,0,1,14.77,25.0,5763.0,100.0,26884.0,52.0,8036.0,100.0,38200,57472.0,57472.0,0,1
107141,81.0,15.0,1647,1254.0,388.0,381.0,11.0,50.0,0,1,0,0,6.86,34.0,5398.0,98.0,20652.0,42.0,5293.0,99.0,31756,45418.0,45418.0,1,0
107512,83.0,14.0,2155,1455.0,421.0,421.0,15.0,74.0,1,1,0,1,7.0,23.0,5521.0,100.0,20276.0,73.0,7382.0,100.0,34500,50360.0,50360.0,0,1
107558,69.0,14.0,2230,1327.0,208.0,208.0,26.0,74.0,1,1,0,1,11.8,50.0,6296.0,99.0,15007.0,65.0,7140.0,100.0,25950,40145.0,40145.0,0,1
107877,70.0,14.0,609,508.0,147.0,147.0,1.0,95.0,1,1,0,0,0.0,100.0,5996.0,100.0,13860.0,58.0,6699.0,100.0,21070,43142.0,43142.0,0,1
107983,66.0,16.0,2708,2040.0,709.0,705.0,7.0,100.0,0,0,0,0,0.0,60.0,5817.0,91.0,8220.0,46.0,5904.0,99.0,9960,26153.0,31883.0,0,0
108092,70.0,18.0,2769,2228.0,895.0,796.0,0.0,77.0,0,1,1,0,5.39,57.0,5829.0,81.0,4132.0,30.0,5355.0,99.0,7334,24308.0,29156.0,0,0
109651,86.0,9.0,1461,1089.0,343.0,343.0,0.0,0.0,0,1,0,0,15.0,18.0,6278.0,60.0,17756.0,32.0,6835.0,64.0,54170,43500.0,49618.0,1,0
109785,84.0,9.0,3404,3010.0,412.0,410.0,3.0,2.0,1,1,1,0,9.56,31.0,5324.0,99.0,25933.0,46.0,6528.0,100.0,44458,59438.0,59438.0,0,1
110097,84.0,15.0,3781,2811.0,836.0,818.0,21.0,8.0,1,1,0,0,11.07,23.0,5626.0,99.0,25795.0,47.0,8922.0,99.0,48984,67442.0,67442.0,0,1
110361,74.0,21.0,7990,6782.0,1612.0,1590.0,0.0,0.0,1,1,1,1,4.56,44.0,5774.0,99.0,19969.0,62.0,8592.0,99.0,41228,58878.0,58878.0,0,1
110370,87.0,8.0,2371,2160.0,172.0,171.0,0.0,0.0,0,1,0,0,21.0,30.0,5943.0,96.0,30192.0,69.0,7949.0,97.0,60226,87623.0,87623.0,1,0
110404,97.0,3.0,13856,356.0,218.0,218.0,0.0,0.0,0,1,0,1,11.73,21.0,6365.0,53.0,68019.0,20.0,11846.0,70.0,65898,90822.0,90822.0,1,0
110413,79.0,13.0,6005,4544.0,502.0,502.0,13.0,3.0,1,1,1,1,11.6,34.0,5801.0,99.0,30687.0,58.0,7725.0,99.0,52560,74816.0,74816.0,0,1
110422,96.0,19.0,68371,21416.0,5271.0,5260.0,0.0,0.0,0,1,0,1,11.0,20.0,6246.0,42.0,8721.0,30.0,6648.0,62.0,13596,36576.0,57645.0,0,0
110486,79.0,20.0,13229,12416.0,1294.0,1263.0,0.0,0.0,0,1,0,1,0.0,68.0,6235.0,69.0,5829.0,15.0,4554.0,93.0,8090,27822.0,40422.0,0,0
110495,82.0,18.0,5419,5318.0,1018.0,960.0,0.0,0.0,0,1,0,1,0.0,63.0,6012.0,63.0,5560.0,12.0,4896.0,89.0,8246,26331.0,38931.0,0,0
110510,80.0,22.0,14543,13632.0,2090.0,2016.0,0.0,0.0,0,1,0,1,4.0,69.0,6284.0,65.0,5634.0,19.0,5039.0,91.0,8093,26932.0,39532.0,0,0
110529,87.0,25.0,49944,37545.0,4679.0,4586.0,0.0,0.0,0,1,0,1,5.0,49.0,6011.0,46.0,5495.0,27.0,5525.0,80.0,7780,29722.0,42322.0,0,0
110538,82.0,23.0,23322,21623.0,2197.0,2151.0,0.0,0.0,0,1,0,1,7.2,41.0,6038.0,41.0,5880.0,36.0,5265.0,75.0,8472,29088.0,41688.0,0,0
110547,74.0,21.0,19921,18586.0,1732.0,1627.0,0.0,0.0,0,1,1,1,6.0,80.0,6210.0,78.0,5481.0,11.0,4679.0,95.0,7449,30925.0,43525.0,0,0
110556,82.0,22.0,21521,20501.0,3591.0,3307.0,0.0,0.0,0,1,0,1,0.0,65.0,6197.0,62.0,6223.0,15.0,4964.0,88.0,7350,25028.0,37628.0,0,0
110565,82.0,26.0,53559,48482.0,6887.0,6595.0,0.0,0.0,0,1,0,1,0.0,54.0,6036.0,50.0,5867.0,24.0,5751.0,83.0,7470,31998.0,44598.0,0,0
110574,76.0,22.0,11867,11557.0,792.0,767.0,0.0,0.0,0,1,0,1,7.0,53.0,5909.0,60.0,5932.0,22.0,5486.0,82.0,7583,30143.0,42743.0,0,0
110583,87.0,23.0,83967,38854.0,6482.0,6298.0,0.0,0.0,0,1,0,1,5.0,52.0,5999.0,46.0,5761.0,25.0,5495.0,82.0,7350,28970.0,41570.0,0,0
110592,72.0,21.0,32723,29860.0,2814.0,2743.0,0.0,0.0,0,1,0,1,6.0,79.0,6168.0,79.0,5113.0,13.0,5017.0,95.0,7160,34518.0,47118.0,0,0
110608,73.0,25.0,33005,30842.0,5543.0,5472.0,0.0,0.0,0,1,0,1,6.0,66.0,6177.0,64.0,5851.0,20.0,5466.0,86.0,7458,25990.0,38590.0,0,0
110617,82.0,24.0,27702,26036.0,3989.0,3893.0,0.0,0.0,0,1,0,1,4.0,57.0,5947.0,57.0,5934.0,22.0,5072.0,86.0,8018,33256.0,45856.0,0,0
110635,97.0,18.0,124242,13639.0,6272.0,6232.0,0.0,0.0,0,1,1,1,13.34,27.0,6033.0,50.0,17071.0,18.0,5924.0,63.0,16347,48259.0,82459.0,0,0
110644,93.0,22.0,98864,41353.0,6767.0,6615.0,0.0,0.0,0,1,0,1,9.03,33.0,5889.0,56.0,11512.0,22.0,5827.0,65.0,16774,44202.0,78402.0,0,0
110653,94.0,19.0,122699,35054.0,6736.0,6717.0,0.0,0.0,0,1,0,1,4.47,31.0,5968.0,45.0,10594.0,21.0,6055.0,61.0,15722,41878.0,76078.0,0,0
110662,97.0,20.0,146272,13114.0,6610.0,6603.0,0.0,0.0,0,1,0,1,4.83,27.0,6390.0,45.0,13085.0,18.0,7079.0,59.0,15203,41990.0,76190.0,0,0
110671,88.0,22.0,58048,44343.0,5422.0,5401.0,0.0,0.0,0,1,1,0,0.0,48.0,5955.0,64.0,9934.0,35.0,5297.0,80.0,15606,43603.0,77803.0,0,0
110680,94.0,19.0,134450,35917.0,7330.0,7317.0,0.0,0.0,0,1,0,1,0.0,37.0,6058.0,54.0,11860.0,25.0,5557.0,66.0,16758,42902.0,77102.0,0,0
110705,93.0,17.0,110259,36347.0,5008.0,4988.0,0.0,0.0,0,1,0,1,7.8,28.0,6026.0,46.0,12088.0,24.0,7653.0,61.0,16414,44907.0,79107.0,0,0
110714,88.0,22.0,71722,47186.0,4383.0,4373.0,0.0,0.0,0,1,0,1,19.54,28.0,5862.0,49.0,10857.0,31.0,6694.0,64.0,16005,44047.0,78247.0,0,0
111081,82.0,7.0,2004,648.0,181.0,181.0,0.0,0.0,0,1,0,0,0.0,20.0,6076.0,94.0,19687.0,38.0,7207.0,95.0,58996,81346.0,81346.0,1,0
111188,77.0,11.0,961,913.0,189.0,187.0,0.0,0.0,0,1,0,1,20.0,18.0,5938.0,33.0,7052.0,37.0,8072.0,68.0,9944,31001.0,43601.0,0,0
111948,92.0,12.0,15634,10230.0,1631.0,1627.0,14.0,5.0,1,1,0,1,16.93,20.0,5674.0,88.0,31889.0,79.0,7096.0,90.0,64984,87730.0,87730.0,0,1
111966,50.0,4.0,808,313.0,11.0,11.0,0.0,0.0,0,1,1,0,8.0,75.0,2910.0,75.0,2125.0,50.0,5875.0,100.0,23000,43500.0,49618.0,1,0
112075,75.0,13.0,4413,2912.0,338.0,337.0,0.0,0.0,1,1,1,0,10.44,29.0,5029.0,100.0,25245.0,56.0,8078.0,100.0,43480,63340.0,63340.0,0,1
112084,86.0,9.0,185,57.0,9.0,9.0,0.0,0.0,1,0,0,0,10.0,33.0,7395.0,100.0,12500.0,0.0,7519.5,100.0,28012,45452.0,45452.0,0,1
112260,98.0,8.0,6529,626.0,337.0,337.0,26.0,13.0,0,1,0,0,12.4,13.0,5868.0,43.0,49400.0,28.0,8411.0,50.0,67980,91510.0,91510.0,1,0
113616,86.0,5.0,29,12.0,7.0,7.0,0.0,0.0,1,1,0,0,0.0,0.0,5759.0,100.0,22430.0,0.0,7519.5,100.0,21000,32850.0,32850.0,0,1
113698,85.0,8.0,2006,1675.0,213.0,212.0,2.0,1.0,0,1,1,0,0.0,40.0,5474.0,99.0,29174.0,67.0,8434.0,100.0,52161,72626.0,72626.0,1,0
114813,72.0,10.0,1773,1136.0,196.0,193.0,0.0,0.0,1,1,1,0,14.75,55.0,6373.0,100.0,21140.0,48.0,4782.0,100.0,36660,51145.0,51145.0,0,1
115409,96.0,8.0,5094,645.0,231.0,231.0,52.0,16.0,0,1,0,1,20.11,17.0,5000.0,63.0,42786.0,34.0,7331.0,73.0,68613,93131.0,93131.0,1,0
115755,76.0,16.0,15725,15442.0,909.0,887.0,0.0,0.0,0,1,0,1,13.0,37.0,5868.0,47.0,5801.0,35.0,5937.0,74.0,8250,27570.0,40170.0,0,0
117104,73.0,12.0,238,228.0,77.0,69.0,0.0,0.0,1,0,0,0,0.0,56.0,5291.0,94.0,9175.0,68.0,6992.0,100.0,22118,39916.0,39916.0,0,1
117140,64.0,10.0,7110,5060.0,496.0,483.0,5.0,2.0,0,1,1,0,0.0,58.0,5819.0,99.0,32260.0,71.0,6291.0,100.0,49470,70288.0,70288.0,1,0
117168,84.0,9.0,528,498.0,115.0,115.0,0.0,0.0,0,1,0,0,17.0,19.0,4216.0,100.0,8979.0,44.0,9468.0,100.0,37500,63823.0,63823.0,1,0
117627,77.0,12.0,1917,1754.0,233.0,231.0,0.0,0.0,1,1,1,1,6.07,54.0,5530.0,98.0,20611.0,58.0,5159.0,99.0,37710,56649.0,56649.0,0,1
117751,85.0,13.0,1051,883.0,404.0,402.0,0.0,0.0,1,1,1,0,8.0,19.0,5573.0,97.0,14532.0,49.0,8114.0,98.0,39020,58396.0,58396.0,0,1
117946,89.0,10.0,23089,10409.0,1541.0,1537.0,18.0,8.0,1,1,1,1,14.26,13.0,5712.0,100.0,22080.0,34.0,10053.0,100.0,62357,89891.0,89891.0,0,1
118693,70.0,14.0,4637,3175.0,167.0,165.0,0.0,0.0,0,1,0,1,8.0,40.0,5519.0,99.0,35074.0,53.0,6681.0,100.0,53630,77454.0,77454.0,1,0
118888,0.0,7.0,18030,3002.0,446.0,446.0,20.0,5.0,0,1,0,1,0.0,25.0,6779.0,65.0,55269.0,52.0,9137.0,76.0,67778,90158.0,90158.0,1,0
119173,71.0,8.0,4882,3570.0,428.0,428.0,0.0,0.0,1,1,1,1,6.59,79.0,6038.0,100.0,28269.0,82.0,6018.0,100.0,49564,75016.0,75016.0,0,1
120166,72.0,10.0,853,817.0,46.0,45.0,0.0,0.0,0,0,1,0,0.0,0.0,5759.0,100.0,11841.0,0.0,7519.5,100.0,8830,24730.0,24730.0,1,0
120254,90.0,9.0,6461,2854.0,509.0,509.0,20.0,8.0,0,1,0,1,16.0,16.0,5825.0,75.0,33952.0,38.0,8943.0,84.0,66274,88656.0,88656.0,1,0
120403,74.0,9.0,2549,2084.0,218.0,218.0,4.0,0.0,0,1,1,0,9.81,37.0,5843.0,99.0,17295.0,49.0,8361.0,99.0,56488,81547.0,81547.0,1,0
120537,52.0,13.0,940,310.0,119.0,119.0,11.0,3.0,1,1,0,0,0.0,45.0,5380.0,100.0,16854.0,72.0,7471.0,100.0,38050,55293.0,55293.0,0,1
120865,89.0,12.0,1313,621.0,87.0,87.0,0.0,0.0,1,1,0,0,19.57,43.0,5478.0,100.0,21640.0,65.0,7500.0,100.0,37173,52497.0,52497.0,0,1
120883,88.0,13.0,7780,5549.0,766.0,764.0,21.0,5.0,0,1,1,1,13.7,36.0,5949.0,98.0,35054.0,43.0,6966.0,98.0,57080,79532.0,79532.0,1,0
121150,88.0,12.0,11526,7245.0,843.0,840.0,18.0,10.0,1,1,1,1,16.0,20.0,5943.0,90.0,23920.0,41.0,11074.0,94.0,69918,95168.0,95168.0,0,1
121257,94.0,10.0,3438,865.0,310.0,310.0,0.0,0.0,0,1,0,0,31.0,8.0,6365.0,39.0,48966.0,17.0,4057.0,45.0,65192,89742.0,89742.0,1,0
121309,86.0,13.0,3265,2732.0,585.0,584.0,8.0,6.0,1,1,1,0,12.0,13.0,5366.0,94.0,18616.0,54.0,8020.0,95.0,46250,65410.0,65410.0,0,1
121345,98.0,7.0,12249,868.0,436.0,436.0,36.0,14.0,0,1,0,1,26.69,20.0,6013.0,58.0,62820.0,16.0,12142.0,69.0,65420,89414.0,89414.0,1,0
121691,84.0,10.0,3766,3115.0,494.0,494.0,16.0,3.0,0,1,1,0,7.95,40.0,6983.0,97.0,39982.0,60.0,7740.0,99.0,60878,84808.0,84808.0,1,0
122409,91.0,27.0,89972,32561.0,6629.0,6552.0,0.0,0.0,0,1,1,1,8.0,25.0,6162.0,27.0,6866.0,27.0,8710.0,62.0,8728,36090.0,48690.0,0,0
122436,91.0,13.0,17008,8908.0,1104.0,1102.0,0.0,0.0,1,1,0,1,9.4,23.0,5630.0,84.0,37484.0,35.0,7430.0,87.0,59486,84912.0,84912.0,0,1
122506,93.0,5.0,428,235.0,64.0,64.0,0.0,0.0,0,0,0,0,7.08,18.0,5690.0,100.0,34320.0,69.0,6257.0,100.0,56150,88844.0,88844.0,1,0
122597,83.0,19.0,28221,27215.0,2340.0,2218.0,0.0,0.0,0,1,0,1,7.0,51.0,6199.0,54.0,5983.0,25.0,5735.0,81.0,7950,36050.0,48650.0,0,0
122612,84.0,11.0,24888,15358.0,920.0,918.0,12.0,3.0,1,1,1,0,19.0,29.0,5654.0,95.0,30534.0,52.0,8991.0,96.0,60492,84784.0,84784.0,0,1
122728,77.0,10.0,1289,1203.0,236.0,231.0,6.0,0.0,1,1,1,0,8.83,34.0,5829.0,98.0,19311.0,48.0,8882.0,98.0,37150,56264.0,56264.0,0,1
122755,87.0,25.0,37132,31419.0,4604.0,4414.0,0.0,0.0,0,1,0,1,0.0,37.0,5793.0,37.0,6531.0,23.0,5287.0,69.0,8410,34889.0,47489.0,0,0
122931,94.0,11.0,18970,9105.0,1611.0,1605.0,24.0,10.0,1,1,1,1,14.32,12.0,6082.0,71.0,25696.0,48.0,12247.0,76.0,61293,86694.0,86694.0,0,1
123165,94.0,10.0,3199,1225.0,313.0,313.0,24.0,16.0,0,1,0,1,36.13,12.0,5623.0,56.0,40875.0,21.0,5225.0,62.0,65950,90886.0,90886.0,1,0
123457,60.0,17.0,823,708.0,171.0,171.0,0.0,0.0,1,1,1,0,4.0,41.0,5439.0,100.0,20993.0,74.0,9438.0,100.0,39708,55808.0,55808.0,0,1
123554,85.0,10.0,5175,4478.0,424.0,421.0,0.0,0.0,1,1,1,1,17.81,25.0,6513.0,100.0,38486.0,47.0,7396.0,100.0,57803,80911.0,80911.0,0,1
123572,79.0,17.0,11246,10507.0,873.0,856.0,0.0,0.0,0,1,0,1,9.0,35.0,5655.0,76.0,4140.0,27.0,6107.0,87.0,8624,28882.0,41482.0,0,0
123651,70.0,13.0,3948,2465.0,485.0,468.0,0.0,0.0,1,1,1,1,6.47,52.0,5840.0,99.0,22079.0,60.0,9896.0,100.0,41700,60445.0,60445.0,0,1
123952,91.0,9.0,748,573.0,40.0,40.0,0.0,0.0,0,1,0,0,0.0,26.0,5467.0,26.0,34107.0,26.0,11325.0,26.0,56162,43500.0,49618.0,1,0
123961,96.0,9.0,82027,8050.0,3489.0,3487.0,34.0,12.0,0,1,0,1,13.0,21.0,6014.0,69.0,42947.0,26.0,9000.0,73.0,72097,95234.0,95234.0,1,0
124292,92.0,11.0,272,226.0,153.0,153.0,42.0,16.0,1,0,0,0,0.0,33.0,5341.0,72.0,15418.0,75.0,4512.0,80.0,30200,45920.0,45920.0,0,1
125727,85.0,10.0,2479,1910.0,303.0,303.0,20.0,7.0,1,1,0,0,16.53,28.0,5664.0,100.0,35291.0,60.0,7738.0,100.0,53584,73544.0,73544.0,0,1
125763,66.0,8.0,4778,3860.0,209.0,209.0,0.0,0.0,0,1,0,0,15.5,36.0,5894.0,98.0,30850.0,63.0,7357.0,100.0,51350,70432.0,70432.0,1,0
125897,74.0,13.0,2572,2100.0,124.0,123.0,0.0,0.0,0,1,1,0,12.87,45.0,5093.0,98.0,17425.0,51.0,5575.0,100.0,47056,67407.0,67407.0,1,0
126076,95.0,12.0,134,78.0,78.0,78.0,0.0,0.0,0,0,0,0,0.0,75.0,6598.0,89.0,5582.0,0.0,7519.5,89.0,16900,31504.0,31504.0,1,0
126562,73.0,17.0,14931,11151.0,1458.0,1299.0,23.0,2.0,0,1,1,0,6.93,46.0,6552.0,79.0,3316.0,32.0,7916.0,94.0,10383,33729.0,52737.0,0,0
126580,68.0,15.0,13147,12799.0,1645.0,1538.0,34.0,6.0,0,1,1,1,9.0,30.0,5308.0,73.0,4004.0,41.0,8807.0,87.0,10149,30355.0,44542.0,0,0
126614,90.0,19.0,67286,52539.0,7432.0,7351.0,18.0,6.0,0,1,0,1,11.0,15.0,5573.0,53.0,8563.0,31.0,10899.0,67.0,15666,38456.0,67708.0,0,0
126678,94.0,9.0,8511,1572.0,476.0,476.0,29.0,16.0,0,1,0,0,20.87,11.0,5776.0,56.0,48772.0,45.0,6269.0,62.0,70734,91024.0,91024.0,1,0
126775,93.0,18.0,11436,6940.0,1602.0,1602.0,42.0,18.0,0,1,0,1,9.65,15.0,5740.0,96.0,10673.0,36.0,10414.0,98.0,21914,43745.0,67655.0,0,0
126818,86.0,17.0,38465,34057.0,5485.0,5417.0,0.0,0.0,0,1,0,1,10.0,20.0,5462.0,66.0,7876.0,36.0,9688.0,79.0,13373,34684.0,56094.0,0,0
127060,89.0,9.0,18786,14618.0,1337.0,1325.0,20.0,13.0,0,1,1,0,23.46,14.0,6152.0,98.0,32374.0,31.0,9341.0,99.0,61398,82566.0,82566.0,1,0
127185,66.0,14.0,4986,3854.0,751.0,737.0,9.0,11.0,0,1,0,0,14.05,33.0,7110.0,61.0,5193.0,40.0,5734.0,97.0,9958,29068.0,40636.0,0,0
127556,79.0,18.0,12465,10225.0,2359.0,2188.0,53.0,8.0,0,1,0,0,7.66,35.0,5664.0,57.0,4797.0,40.0,6133.0,91.0,9927,27230.0,42427.0,0,0
127565,63.0,14.0,11622,11483.0,2196.0,1414.0,20.0,2.0,0,1,1,1,8.0,48.0,5435.0,38.0,3201.0,23.0,6886.0,74.0,11124,43500.0,49618.0,0,0
127653,54.0,10.0,66,66.0,18.0,16.0,0.0,0.0,0,0,1,0,10.0,54.0,7160.0,83.0,20025.0,50.0,9631.0,88.0,36620,55062.0,55062.0,1,0
127741,76.0,14.0,11127,9553.0,1243.0,1227.0,22.0,3.0,0,1,0,1,9.9,33.0,5598.0,93.0,5393.0,46.0,7229.0,97.0,12416,33480.0,48330.0,0,0
127918,71.0,11.0,5722,4947.0,585.0,578.0,0.0,3.0,1,1,1,0,6.83,53.0,5613.0,97.0,26516.0,39.0,7197.0,99.0,46340,65874.0,65874.0,0,1
128106,64.0,16.0,2902,2754.0,618.0,552.0,1.0,3.0,0,1,1,0,5.2,50.0,5425.0,83.0,6675.0,35.0,6162.0,97.0,9720,26574.0,34798.0,0,0
128391,72.0,17.0,3119,3110.0,357.0,356.0,11.0,8.0,0,1,0,0,0.0,27.0,5337.0,86.0,5942.0,52.0,6397.0,96.0,11318,26722.0,39838.0,0,0
128498,67.0,17.0,3485,2067.0,226.0,226.0,0.0,0.0,1,1,1,0,7.84,47.0,7375.0,96.0,24263.0,78.0,11601.0,100.0,41908,66104.0,66104.0,0,1
128586,71.0,9.0,27,27.0,27.0,27.0,0.0,0.0,0,0,0,0,0.0,67.0,6983.0,25.0,1982.0,0.0,7519.5,79.0,9450,20286.0,20286.0,1,0
128744,61.0,15.0,9237,7669.0,372.0,280.0,1.0,0.0,0,1,1,0,0.0,59.0,5685.0,81.0,24755.0,67.0,7880.0,96.0,35760,59482.0,59482.0,1,0
128771,77.0,14.0,8919,6540.0,1349.0,1328.0,21.0,0.0,0,1,1,1,6.0,47.0,5743.0,92.0,4739.0,59.0,6741.0,95.0,13050,29992.0,33492.0,0,0
128902,90.0,9.0,7950,2945.0,451.0,451.0,18.0,6.0,0,1,0,1,15.8,14.0,5754.0,100.0,37920.0,35.0,9019.0,100.0,67242,87800.0,87800.0,1,0
129020,92.0,17.0,55479,29065.0,4478.0,4471.0,36.0,5.0,0,1,0,1,28.7,25.0,5956.0,81.0,13916.0,49.0,10213.0,88.0,21044,40744.0,63412.0,0,0
129215,84.0,15.0,6491,5386.0,808.0,804.0,18.0,0.0,0,1,0,1,18.0,36.0,5385.0,87.0,7439.0,64.0,7747.0,99.0,13928,34399.0,37899.0,0,0
129242,91.0,12.0,18509,6162.0,1461.0,1460.0,14.0,5.0,1,1,1,0,27.0,6.0,5438.0,96.0,25888.0,49.0,11268.0,97.0,58350,81368.0,81368.0,0,1
129525,83.0,11.0,12221,11701.0,1174.0,1170.0,22.0,2.0,0,1,1,0,11.17,40.0,5501.0,100.0,30587.0,75.0,9205.0,100.0,49075,68441.0,68441.0,1,0
129774,59.0,11.0,1030,975.0,70.0,70.0,0.0,0.0,0,0,0,1,36.2,61.0,5298.0,100.0,18662.0,78.0,9337.0,100.0,40490,60550.0,60550.0,1,0
129941,76.0,17.0,21765,13142.0,1305.0,1301.0,26.0,0.0,0,1,1,0,13.78,41.0,5883.0,99.0,29117.0,92.0,10077.0,99.0,47332,70634.0,70634.0,1,0
130226,89.0,12.0,23949,17280.0,1917.0,1916.0,22.0,3.0,0,1,0,1,34.0,18.0,5266.0,100.0,30056.0,67.0,12996.0,100.0,55480,76500.0,76500.0,1,0
130253,83.0,15.0,16495,10781.0,1885.0,1885.0,0.0,0.0,1,1,1,1,16.0,17.0,5640.0,99.0,20237.0,65.0,15500.0,100.0,50404,73394.0,73394.0,0,1
130314,82.0,10.0,2050,1611.0,196.0,196.0,13.0,0.0,1,1,1,1,21.55,36.0,5481.0,100.0,27613.0,75.0,10555.0,100.0,47278,64530.0,64530.0,0,1
130493,78.0,11.0,8803,8052.0,1096.0,1079.0,0.0,0.0,0,1,1,0,12.0,55.0,5778.0,59.0,4530.0,64.0,7398.0,91.0,13438,34124.0,48064.0,0,0
130590,90.0,9.0,7460,2182.0,542.0,541.0,7.0,3.0,0,1,0,1,0.0,13.0,5863.0,73.0,50834.0,37.0,9652.0,76.0,70770,92160.0,92160.0,1,0
130697,95.0,8.0,14389,2373.0,825.0,825.0,29.0,16.0,0,1,0,0,25.06,14.0,6081.0,42.0,63501.0,16.0,8380.0,50.0,70342,92964.0,92964.0,1,0
130776,73.0,11.0,5910,5142.0,861.0,843.0,2.0,1.0,0,1,1,1,9.85,39.0,5724.0,77.0,5008.0,58.0,6677.0,86.0,13401,31698.0,35198.0,0,0
130794,99.0,5.0,57517,2227.0,1554.0,1554.0,61.0,25.0,0,1,0,1,19.8,22.0,5929.0,56.0,63074.0,4.0,5119.0,59.0,67250,91950.0,91950.0,1,0
130934,70.0,17.0,8445,3934.0,1325.0,1155.0,26.0,2.0,0,1,0,0,0.0,56.0,5935.0,65.0,6075.0,56.0,7927.0,92.0,10670,33804.0,43768.0,0,0
130943,92.0,16.0,39995,28238.0,4424.0,4417.0,19.0,3.0,0,1,0,1,12.53,17.0,5533.0,82.0,11778.0,55.0,11809.0,94.0,16810,35446.0,60036.0,0,0
130989,72.0,18.0,988,835.0,168.0,168.0,0.0,0.0,0,0,1,0,7.26,53.0,6274.0,95.0,7259.0,54.0,6106.0,100.0,14940,33144.0,33144.0,1,0
131159,88.0,10.0,17173,10640.0,1662.0,1655.0,22.0,8.0,1,1,0,1,13.76,16.0,5837.0,66.0,35415.0,47.0,7551.0,83.0,58771,79371.0,79371.0,0,1
131283,87.0,11.0,6714,5558.0,742.0,742.0,0.0,0.0,1,1,1,0,0.0,27.0,5785.0,99.0,40497.0,57.0,9274.0,99.0,58378,81296.0,81296.0,0,1
131450,71.0,6.0,403,234.0,142.0,142.0,70.0,31.0,0,1,0,0,10.07,61.0,5855.0,89.0,10632.0,42.0,6220.0,100.0,19654,42746.0,42746.0,1,0
131469,92.0,13.0,27016,12723.0,2459.0,2440.0,26.0,11.0,0,1,0,0,10.0,17.0,5751.0,78.0,35915.0,36.0,10039.0,80.0,67710,87780.0,87780.0,1,0
131496,97.0,11.0,26131,3374.0,1575.0,1572.0,78.0,30.0,1,1,1,1,12.0,8.0,5489.0,33.0,47972.0,19.0,9840.0,44.0,68017,92563.0,92563.0,0,1
131520,91.0,13.0,34211,14144.0,2738.0,2735.0,23.0,9.0,0,1,0,1,3.5,40.0,5833.0,96.0,19228.0,73.0,8259.0,100.0,35810,58032.0,58032.0,1,0
131876,69.0,9.0,1240,1234.0,249.0,215.0,0.0,0.0,1,0,1,0,7.0,70.0,6121.0,98.0,13968.0,39.0,4997.0,98.0,26610,42190.0,42190.0,0,1
132408,45.0,8.0,364,131.0,74.0,13.0,0.0,0.0,1,0,0,0,4.53,40.0,6598.0,75.0,4177.0,30.0,6583.0,90.0,15000,25270.0,25270.0,0,1
132471,63.0,7.0,10838,8371.0,627.0,626.0,0.0,0.0,1,1,1,1,0.0,59.0,5938.0,100.0,18127.0,67.0,7066.0,100.0,34350,58242.0,58242.0,0,1
132602,62.0,17.0,10994,9701.0,1012.0,1011.0,46.0,0.0,1,1,0,0,0.0,81.0,7069.0,79.0,8698.0,82.0,6216.0,98.0,14794,29940.0,29940.0,0,1
132657,77.0,16.0,7285,5352.0,715.0,694.0,16.0,4.0,0,1,1,0,21.74,23.0,6202.0,95.0,19814.0,46.0,10539.0,98.0,44480,71948.0,71948.0,1,0
132842,83.0,12.0,70,53.0,44.0,15.0,0.0,0.0,0,0,1,0,0.0,83.0,7903.0,0.0,12088.0,67.0,9030.0,92.0,13818,43500.0,49618.0,1,0
132903,92.0,28.0,61456,24653.0,8259.0,6967.0,71.0,28.0,0,1,1,1,0.0,25.0,6745.0,42.0,2553.0,17.0,6941.0,92.0,6368,25250.0,41349.0,0,0
133492,76.0,11.0,5071,3844.0,474.0,473.0,27.0,17.0,1,1,0,1,23.0,23.0,5398.0,99.0,22097.0,51.0,11735.0,100.0,51884,71068.0,71068.0,0,1
133526,54.0,14.0,10283,8735.0,264.0,264.0,0.0,0.0,1,0,0,1,0.0,81.0,6557.0,75.0,6976.0,63.0,5728.0,98.0,16366,29269.0,29269.0,0,1
133553,88.0,18.0,11232,7279.0,1875.0,1866.0,52.0,25.0,0,1,0,1,8.7,20.0,5822.0,97.0,18589.0,51.0,18256.0,98.0,44249,65873.0,65873.0,1,0
133650,89.0,14.0,22756,4678.0,1429.0,1342.0,83.0,45.0,0,1,1,1,0.0,56.0,6329.0,56.0,4917.0,53.0,6393.0,93.0,5785,25045.0,36985.0,0,0
133669,84.0,24.0,31511,20838.0,4232.0,3366.0,76.0,23.0,0,1,1,1,6.83,33.0,7590.0,79.0,3625.0,33.0,7975.0,91.0,4879,29937.0,42382.0,0,0
133711,76.0,15.0,5004,4041.0,652.0,652.0,35.0,21.0,0,1,0,0,15.13,29.0,5594.0,98.0,8553.0,62.0,8944.0,99.0,29900,50442.0,50442.0,1,0
133809,76.0,14.0,323,225.0,175.0,175.0,39.0,61.0,1,0,0,0,4.57,30.0,4991.0,89.0,7361.0,45.0,6955.0,98.0,20360,36715.0,36715.0,0,1
133881,80.0,13.0,17295,9979.0,940.0,937.0,72.0,31.0,0,1,0,1,10.14,25.0,5731.0,99.0,20714.0,50.0,12476.0,99.0,45900,65940.0,65940.0,1,0
133951,92.0,24.0,32855,17957.0,5238.0,3511.0,90.0,10.0,0,1,1,1,6.6,47.0,6028.0,60.0,3599.0,10.0,5751.0,91.0,6565,27235.0,39634.0,0,0
133979,50.0,17.0,9121,7777.0,371.0,362.0,0.0,0.0,1,1,1,0,0.0,87.0,6517.0,24.0,5793.0,82.0,6857.0,99.0,20174,37162.0,37162.0,0,1
134079,80.0,11.0,10800,6957.0,762.0,762.0,22.0,19.0,1,1,1,0,0.0,31.0,6056.0,99.0,25638.0,61.0,8999.0,100.0,44040,63200.0,63200.0,0,1
134097,96.0,17.0,78272,18954.0,5855.0,5764.0,64.0,36.0,0,1,0,1,8.01,21.0,6712.0,50.0,3732.0,19.0,6422.0,94.0,5656,25400.0,38530.0,0,0
134130,98.0,16.0,73557,17804.0,7513.0,7475.0,80.0,40.0,0,1,1,1,14.67,21.0,5867.0,38.0,5329.0,10.0,6988.0,94.0,6381,23521.0,45799.0,0,0
134945,75.0,11.0,8184,4660.0,760.0,759.0,21.0,20.0,0,1,1,0,8.38,36.0,5676.0,99.0,35042.0,51.0,11504.0,100.0,47830,68366.0,68366.0,1,0
135081,71.0,14.0,3238,3140.0,1901.0,1314.0,0.0,0.0,0,1,1,0,0.0,73.0,7463.0,88.0,5101.0,78.0,12796.0,99.0,25056,54128.0,54128.0,1,0
135364,50.0,9.0,12,11.0,8.0,1.0,0.0,0.0,1,0,0,0,0.0,50.0,3697.0,0.0,12088.0,0.0,7519.5,50.0,11320,43500.0,49618.0,0,1
135726,94.0,11.0,53954,10195.0,2473.0,2467.0,33.0,19.0,0,1,1,1,7.0,14.0,5874.0,76.0,38185.0,27.0,11802.0,81.0,62616,93892.0,93892.0,1,0
136172,85.0,19.0,21778,11594.0,1908.0,1801.0,66.0,34.0,0,1,1,1,6.58,35.0,6454.0,61.0,3754.0,27.0,5983.0,86.0,6389,24796.0,39200.0,0,0
136215,76.0,16.0,17765,13006.0,2030.0,2018.0,42.0,16.0,0,1,1,1,6.34,39.0,5899.0,100.0,19744.0,47.0,9077.0,100.0,38700,62188.0,62188.0,1,0
136330,68.0,13.0,10335,8474.0,841.0,828.0,25.0,14.0,1,1,1,0,6.82,30.0,6131.0,99.0,18175.0,56.0,8751.0,100.0,40650,62342.0,62342.0,0,1
136774,86.0,11.0,2244,1563.0,367.0,367.0,0.0,0.0,0,1,0,0,15.16,20.0,6131.0,99.0,15656.0,37.0,15276.0,100.0,57900,84874.0,84874.0,1,0
136950,85.0,12.0,8860,4212.0,568.0,568.0,26.0,15.0,0,1,1,1,27.8,18.0,5437.0,90.0,32967.0,42.0,8393.0,93.0,60580,81380.0,81380.0,1,0
137032,59.0,25.0,6684,5240.0,680.0,680.0,0.0,0.0,1,1,1,0,3.36,44.0,6024.0,100.0,16759.0,56.0,7661.0,100.0,30000,53118.0,53118.0,0,1
137272,100.0,4.0,28,26.0,26.0,26.0,0.0,0.0,1,0,0,0,0.0,0.0,5759.0,0.0,12088.0,0.0,7519.5,0.0,25500,44800.0,44800.0,0,1
137351,91.0,22.0,68576,29621.0,6904.0,6764.0,78.0,22.0,0,1,1,1,6.49,28.0,6877.0,59.0,4697.0,25.0,9423.0,89.0,6410,26516.0,37430.0,0,0
137476,57.0,17.0,7095,6947.0,726.0,720.0,0.0,0.0,1,1,1,1,0.0,68.0,6017.0,99.0,15964.0,76.0,6555.0,99.0,34770,53356.0,53356.0,0,1
137546,78.0,10.0,11674,8359.0,686.0,686.0,19.0,9.0,0,1,1,1,12.96,40.0,5966.0,100.0,45601.0,51.0,7645.0,100.0,57410,77837.0,77837.0,1,0
137564,70.0,19.0,4581,2427.0,1180.0,1083.0,0.0,0.0,1,1,1,1,0.0,42.0,5637.0,91.0,12637.0,55.0,7328.0,96.0,32950,53480.0,53480.0,0,1
137847,85.0,17.0,37954,15311.0,2544.0,2541.0,0.0,0.0,0,1,1,1,16.37,15.0,5253.0,89.0,14010.0,82.0,8592.0,97.0,34408,59650.0,59650.0,1,0
137953,57.0,11.0,259,138.0,84.0,79.0,14.0,13.0,1,0,1,0,0.0,52.0,6074.0,82.0,2734.0,92.0,6603.0,100.0,15100,28273.0,28273.0,0,1
137962,28.0,12.0,37,34.0,17.0,15.0,0.0,0.0,1,0,1,0,0.0,63.0,5552.0,97.0,4354.0,88.0,4707.0,97.0,16300,31550.0,31550.0,0,1
138275,44.0,13.0,1259,539.0,248.0,244.0,35.0,24.0,1,1,0,0,0.0,60.0,5329.0,100.0,12542.0,64.0,7222.0,100.0,29992,48152.0,48152.0,0,1
138293,41.0,17.0,1722,1195.0,281.0,276.0,0.0,0.0,0,0,0,0,0.0,54.0,5623.0,77.0,17953.0,70.0,7444.0,97.0,33770,53298.0,53298.0,1,0
138354,89.0,22.0,10201,5941.0,1552.0,1229.0,49.0,70.0,0,1,1,1,0.0,35.0,7137.0,69.0,3805.0,30.0,6180.0,91.0,6360,23416.0,36297.0,0,0
138558,69.0,21.0,2694,2040.0,960.0,892.0,26.0,13.0,0,1,1,1,8.09,44.0,5952.0,43.0,3303.0,27.0,5401.0,94.0,3268,17518.0,24838.0,0,0
138600,81.0,10.0,2090,1299.0,210.0,210.0,27.0,17.0,1,1,1,1,30.0,38.0,5858.0,100.0,30361.0,58.0,8074.0,100.0,50604,68201.0,68201.0,0,1
138761,40.0,19.0,1581,723.0,257.0,255.0,0.0,0.0,1,1,0,0,0.0,57.0,5816.0,97.0,9858.0,69.0,8191.0,98.0,19604,38090.0,38090.0,0,1
138868,74.0,15.0,958,424.0,352.0,171.0,0.0,0.0,1,0,1,0,0.0,42.0,3903.0,97.0,13339.0,19.0,8506.0,100.0,24000,37935.0,37935.0,0,1
138947,71.0,16.0,27245,17497.0,1000.0,994.0,0.0,0.0,1,1,1,0,0.0,73.0,6339.0,48.0,11400.0,79.0,8455.0,100.0,28310,46270.0,46270.0,0,1
139144,84.0,12.0,6544,4188.0,616.0,616.0,4.0,15.0,0,1,0,0,19.98,26.0,5686.0,100.0,25687.0,43.0,8530.0,100.0,41686,59500.0,59500.0,1,0
139199,65.0,11.0,3625,3182.0,290.0,276.0,12.0,4.0,0,1,1,0,0.0,58.0,6317.0,97.0,18631.0,91.0,7504.0,99.0,34027,51077.0,51077.0,1,0
139205,48.0,15.0,996,961.0,257.0,240.0,0.0,0.0,1,0,0,1,0.0,65.0,5919.0,97.0,7223.0,63.0,7222.0,100.0,20120,39289.0,39289.0,0,1
139250,59.0,22.0,2627,2578.0,772.0,666.0,10.0,5.0,0,1,0,1,0.0,49.0,6078.0,24.0,2515.0,37.0,6299.0,87.0,3616,26710.0,34030.0,0,0
139311,71.0,20.0,1870,1280.0,518.0,439.0,43.0,13.0,0,1,1,0,0.0,76.0,6503.0,18.0,4125.0,46.0,6308.0,95.0,5180,22590.0,33942.0,0,0
139366,70.0,16.0,3648,3616.0,1150.0,1070.0,14.0,12.0,0,1,1,1,0.0,57.0,6170.0,22.0,6074.0,44.0,6135.0,93.0,5898,25530.0,37242.0,0,0
139393,88.0,13.0,823,712.0,282.0,282.0,36.0,47.0,1,1,0,0,17.0,19.0,5108.0,98.0,26901.0,41.0,8415.0,100.0,42040,60126.0,60126.0,0,1
139630,71.0,11.0,500,370.0,237.0,236.0,0.0,0.0,1,0,0,0,0.0,33.0,5821.0,63.0,19255.0,53.0,6559.0,99.0,25500,41208.0,41208.0,0,1
139658,96.0,10.0,33450,3562.0,1438.0,1437.0,43.0,20.0,1,1,1,1,11.2,18.0,5840.0,45.0,53982.0,11.0,10331.0,52.0,64280,88414.0,88414.0,0,1
139719,79.0,21.0,5201,3426.0,781.0,753.0,4.0,1.0,0,1,1,0,3.58,80.0,6480.0,24.0,5310.0,76.0,5903.0,98.0,5526,23026.0,34432.0,0,0
139755,98.0,17.0,59789,8413.0,3836.0,3828.0,77.0,35.0,0,1,1,1,0.0,12.0,5764.0,30.0,10698.0,18.0,7256.0,73.0,12058,29666.0,52092.0,0,0
139764,58.0,18.0,2328,1750.0,551.0,521.0,25.0,11.0,0,1,0,1,4.24,68.0,6479.0,35.0,3730.0,51.0,5552.0,96.0,5220,22710.0,34062.0,0,0
139861,82.0,17.0,6310,4936.0,1801.0,1796.0,68.0,32.0,0,1,0,1,8.7,19.0,5395.0,9.0,3569.0,38.0,7337.0,97.0,9186,31211.0,51537.0,0,0
139931,78.0,25.0,20840,18317.0,5170.0,5011.0,35.0,18.0,0,1,0,1,6.91,41.0,5936.0,30.0,5818.0,43.0,6427.0,91.0,6022,26906.0,38618.0,0,0
139940,80.0,25.0,33447,18543.0,4208.0,3990.0,33.0,12.0,0,1,1,1,3.32,53.0,6046.0,28.0,5271.0,38.0,5712.0,94.0,8664,29166.0,45342.0,0,0
139959,94.0,17.0,42732,16108.0,6169.0,6149.0,61.0,38.0,0,1,0,0,7.2,14.0,5659.0,26.0,6460.0,20.0,6825.0,89.0,11450,28872.0,49110.0,0,0
139968,51.0,20.0,1958,1682.0,607.0,499.0,14.0,6.0,0,1,0,0,4.6,66.0,6350.0,12.0,2197.0,54.0,5374.0,94.0,3628,19448.0,26768.0,0,0
140234,67.0,13.0,1522,945.0,236.0,236.0,0.0,0.0,1,1,1,1,11.0,51.0,5330.0,99.0,21770.0,75.0,5941.0,100.0,35400,52616.0,52616.0,0,1
140252,63.0,15.0,574,534.0,225.0,217.0,19.0,8.0,0,0,0,0,0.0,48.0,5558.0,72.0,8319.0,56.0,6562.0,93.0,15036,42321.0,42321.0,1,0
140340,25.0,14.0,80,75.0,52.0,30.0,0.0,0.0,0,0,1,0,0.0,57.0,5534.0,43.0,1976.0,43.0,8525.0,75.0,13450,43500.0,49618.0,1,0
140447,82.0,11.0,9813,6760.0,859.0,826.0,40.0,17.0,0,1,1,1,0.0,36.0,6043.0,100.0,26131.0,68.0,8746.0,100.0,42312,61534.0,61534.0,1,0
140553,87.0,14.0,5733,2520.0,684.0,683.0,0.0,11.0,0,1,0,0,15.0,48.0,6034.0,63.0,12790.0,63.0,9291.0,92.0,32893,52545.0,52545.0,1,0
140696,73.0,13.0,2216,1960.0,351.0,351.0,20.0,7.0,0,1,1,0,0.0,42.0,6461.0,99.0,32484.0,75.0,7656.0,100.0,47590,67320.0,67320.0,1,0
140720,54.0,11.0,3105,2963.0,106.0,106.0,0.0,0.0,1,0,1,1,0.0,87.0,5879.0,99.0,3875.0,86.0,7016.0,100.0,14596,27632.0,27632.0,0,1
140818,70.0,12.0,1770,1651.0,241.0,238.0,25.0,10.0,1,1,1,0,7.53,45.0,6356.0,99.0,17648.0,67.0,8037.0,100.0,31700,49728.0,49728.0,0,1
140872,62.0,11.0,1841,1133.0,334.0,333.0,0.0,0.0,1,1,1,0,12.01,48.0,5926.0,99.0,15222.0,70.0,7328.0,100.0,30074,50166.0,50166.0,0,1
140951,86.0,21.0,15956,13241.0,3496.0,3337.0,16.0,12.0,0,1,0,0,29.0,20.0,5609.0,97.0,10984.0,43.0,14749.0,98.0,41630,66008.0,66008.0,1,0
140988,61.0,14.0,904,872.0,292.0,288.0,6.0,7.0,1,1,0,0,0.0,43.0,6058.0,79.0,15852.0,62.0,6275.0,100.0,24630,37910.0,37910.0,0,1
141060,94.0,11.0,12023,2990.0,705.0,701.0,23.0,16.0,0,1,0,0,16.0,39.0,6101.0,95.0,6788.0,73.0,8173.0,97.0,31556,56142.0,56142.0,1,0
141167,49.0,12.0,517,198.0,140.0,127.0,26.0,6.0,0,0,1,0,0.0,92.0,1797.0,58.0,2543.0,84.0,2609.0,100.0,11640,23980.0,23980.0,1,0
141185,63.0,18.0,1125,742.0,270.0,248.0,9.0,8.0,1,1,0,0,3.9,50.0,6052.0,86.0,10258.0,63.0,6558.0,99.0,23950,38620.0,38620.0,0,1
141237,67.0,15.0,667,522.0,242.0,241.0,0.0,0.0,1,0,0,0,3.09,33.0,5719.0,100.0,11186.0,55.0,7439.0,100.0,26792,41828.0,41828.0,0,1
141264,72.0,17.0,6253,4520.0,1173.0,1121.0,31.0,13.0,0,1,1,0,0.0,59.0,6253.0,22.0,9829.0,43.0,5812.0,93.0,6124,23218.0,34930.0,0,0
141325,76.0,8.0,1352,799.0,107.0,107.0,19.0,7.0,1,1,0,1,11.77,63.0,6370.0,100.0,19812.0,54.0,4632.0,100.0,27650,41810.0,41810.0,0,1
141334,78.0,18.0,8860,4573.0,1423.0,1354.0,40.0,28.0,0,1,0,1,0.0,48.0,5928.0,48.0,3787.0,41.0,6183.0,97.0,6088,25982.0,37694.0,0,0
141361,65.0,13.0,1384,867.0,220.0,220.0,0.0,0.0,1,1,0,0,10.0,38.0,6102.0,100.0,20208.0,66.0,9184.0,100.0,32305,47708.0,47708.0,0,1
141486,70.0,11.0,1937,1771.0,292.0,281.0,4.0,0.0,1,1,1,0,0.0,47.0,6549.0,79.0,17009.0,39.0,7277.0,100.0,30874,52720.0,52720.0,0,1
141565,73.0,11.0,2301,1395.0,344.0,320.0,15.0,41.0,0,1,1,1,7.22,44.0,5889.0,78.0,4406.0,40.0,6408.0,88.0,7838,25768.0,38728.0,0,0
141574,81.0,15.0,16722,14481.0,3103.0,2967.0,1.0,3.0,0,1,1,1,11.24,27.0,5466.0,60.0,5959.0,32.0,7050.0,76.0,12186,32316.0,54348.0,0,0
141644,56.0,15.0,14206,12198.0,465.0,460.0,15.0,9.0,0,1,1,0,0.0,38.0,5636.0,100.0,17326.0,50.0,8822.0,100.0,34392,58714.0,58714.0,1,0
141981,78.0,17.0,773,737.0,237.0,196.0,7.0,48.0,0,1,1,1,3.88,32.0,6127.0,44.0,3448.0,13.0,4656.0,66.0,7584,43500.0,49618.0,0,0
142090,56.0,14.0,42,38.0,30.0,29.0,20.0,0.0,1,0,0,0,0.0,48.0,5466.0,95.0,2988.0,48.0,4896.0,100.0,11802,26275.0,26275.0,0,1
142115,79.0,20.0,16082,14025.0,3379.0,3266.0,0.0,0.0,0,1,1,1,0.0,26.0,5614.0,63.0,7854.0,36.0,8082.0,84.0,9048,31191.0,49931.0,0,0
142285,76.0,18.0,13443,10154.0,2025.0,1991.0,53.0,4.0,0,1,0,1,13.0,30.0,5425.0,93.0,10315.0,52.0,5848.0,99.0,9084,26883.0,46119.0,0,0
142294,82.0,10.0,3650,1792.0,263.0,262.0,39.0,5.0,0,1,0,1,14.54,29.0,4929.0,100.0,27433.0,45.0,7013.0,100.0,37845,54068.0,54068.0,1,0
142328,61.0,16.0,4086,3583.0,527.0,486.0,0.0,0.0,0,1,1,1,3.41,43.0,5071.0,72.0,4773.0,45.0,5512.0,94.0,7610,26190.0,40608.0,0,0
142461,77.0,14.0,3247,2102.0,209.0,209.0,44.0,7.0,1,1,1,1,8.0,29.0,4953.0,98.0,23537.0,65.0,9974.0,100.0,40794,58594.0,58594.0,0,1
142522,71.0,22.0,18951,18146.0,7962.0,4509.0,21.0,25.0,1,0,0,0,0.0,23.0,6647.0,39.0,3943.0,14.0,5367.0,60.0,4800,16600.0,16600.0,0,1
142957,100.0,3.0,9,9.0,8.0,4.0,0.0,0.0,0,0,0,0,0.0,0.0,5759.0,100.0,7625.0,0.0,7519.5,100.0,7650,43500.0,49618.0,1,0
143048,84.0,10.0,6626,5133.0,604.0,604.0,0.0,0.0,0,1,0,0,33.47,20.0,5949.0,99.0,18265.0,42.0,9600.0,99.0,56420,80950.0,80950.0,1,0
143084,82.0,12.0,7857,4925.0,664.0,664.0,38.0,10.0,1,1,0,0,9.0,25.0,5495.0,100.0,36094.0,54.0,7591.0,100.0,51598,67629.0,67629.0,0,1
143118,77.0,18.0,5384,4353.0,677.0,673.0,18.0,2.0,0,1,1,1,4.56,51.0,5674.0,99.0,14088.0,49.0,6457.0,100.0,29170,47460.0,47460.0,1,0
143288,67.0,11.0,910,575.0,148.0,145.0,0.0,0.0,1,1,0,0,0.0,59.0,5920.0,100.0,11619.0,68.0,5495.0,100.0,28149,42064.0,42064.0,0,1
143358,83.0,11.0,9458,7260.0,811.0,807.0,0.0,0.0,0,1,0,0,9.99,38.0,5705.0,100.0,25339.0,67.0,7475.0,100.0,42160,59644.0,59644.0,1,0
144005,57.0,9.0,10638,4602.0,173.0,135.0,0.0,0.0,0,1,1,0,5.37,74.0,6827.0,85.0,8244.0,87.0,4958.0,99.0,12754,31704.0,31704.0,0,0
144050,99.0,5.0,43612,1955.0,1726.0,1726.0,49.0,27.0,0,1,0,1,21.0,16.0,6356.0,47.0,58947.0,5.0,17312.0,51.0,70662,94971.0,94971.0,1,0
144281,66.0,15.0,7079,6333.0,959.0,944.0,0.0,0.0,0,1,0,1,8.0,54.0,5990.0,100.0,16131.0,53.0,7506.0,100.0,34088,59907.0,59907.0,1,0
144351,61.0,13.0,4200,3897.0,300.0,298.0,0.0,0.0,1,1,0,0,6.73,57.0,5583.0,95.0,19951.0,67.0,5947.0,97.0,37488,51598.0,51598.0,0,1
144740,86.0,17.0,31266,23729.0,2566.0,2555.0,31.0,12.0,1,1,1,0,9.12,34.0,5468.0,99.0,24831.0,48.0,6859.0,100.0,45999,69027.0,69027.0,0,1
144892,72.0,14.0,12539,8194.0,804.0,797.0,3.0,0.0,0,1,1,1,4.4,54.0,5640.0,91.0,5204.0,54.0,7578.0,96.0,13679,28055.0,30593.0,0,0
144962,80.0,15.0,6245,4599.0,576.0,576.0,23.0,5.0,1,1,1,1,8.92,45.0,5582.0,100.0,23624.0,89.0,6589.0,100.0,42955,64049.0,64049.0,0,1
144971,50.0,14.0,1186,1008.0,160.0,160.0,0.0,0.0,1,1,0,0,6.6,64.0,5382.0,100.0,12686.0,88.0,6998.0,100.0,29096,42494.0,42494.0,0,1
145336,56.0,11.0,2944,1421.0,239.0,226.0,0.0,0.0,0,1,1,0,0.0,59.0,5598.0,44.0,1865.0,36.0,5566.0,88.0,12004,28740.0,28740.0,0,0
145372,71.0,13.0,1757,1713.0,255.0,254.0,13.0,7.0,1,1,0,0,0.0,48.0,5225.0,100.0,19213.0,60.0,6902.0,100.0,32200,48470.0,48470.0,0,1
145497,86.0,5.0,14,8.0,7.0,5.0,14.0,0.0,1,1,0,0,4.57,13.0,7395.0,67.0,12847.0,20.0,4583.0,93.0,15150,38184.0,38184.0,0,1
145600,80.0,17.0,27085,20951.0,4419.0,4360.0,30.0,5.0,0,1,1,1,6.9,56.0,5781.0,70.0,5552.0,19.0,8143.0,80.0,14338,38264.0,53810.0,0,0
145619,66.0,15.0,3043,2898.0,451.0,444.0,0.0,0.0,1,1,1,1,5.7,44.0,5631.0,99.0,17279.0,57.0,6311.0,100.0,35940,52388.0,52388.0,0,1
145637,95.0,20.0,73742,31247.0,9008.0,9004.0,48.0,16.0,0,1,0,1,9.07,24.0,5908.0,49.0,11774.0,29.0,6759.0,64.0,16004,34226.0,53346.0,0,0
145646,80.0,12.0,9558,3757.0,461.0,461.0,21.0,10.0,0,1,0,0,12.0,33.0,5697.0,100.0,37364.0,73.0,8675.0,100.0,57704,73574.0,73574.0,1,0
145691,71.0,12.0,3820,2987.0,246.0,245.0,37.0,12.0,1,1,0,1,10.76,44.0,5254.0,99.0,25770.0,91.0,6971.0,100.0,38676,52202.0,52202.0,0,1
145725,86.0,14.0,12216,6710.0,519.0,516.0,30.0,8.0,0,1,1,0,0.0,47.0,6163.0,100.0,37714.0,36.0,6892.0,100.0,52386,75682.0,75682.0,1,0
145813,81.0,19.0,21573,19017.0,4285.0,4267.0,44.0,8.0,0,1,0,1,10.34,39.0,5935.0,94.0,6444.0,50.0,7564.0,98.0,16144,34602.0,46668.0,0,0
146339,59.0,10.0,830,395.0,155.0,153.0,17.0,36.0,1,1,1,0,15.0,41.0,5701.0,98.0,19212.0,56.0,5369.0,98.0,31360,47450.0,47450.0,0,1
146427,83.0,11.0,4899,3468.0,398.0,396.0,27.0,7.0,0,1,0,1,18.0,37.0,5463.0,100.0,37953.0,78.0,6986.0,100.0,57903,71263.0,71263.0,1,0
146481,90.0,13.0,5356,3043.0,415.0,415.0,16.0,10.0,0,1,0,1,30.12,30.0,5556.0,100.0,35698.0,70.0,6994.0,100.0,56402,73500.0,73500.0,1,0
146612,79.0,13.0,6302,4493.0,686.0,681.0,24.0,4.0,1,1,1,1,6.05,38.0,6088.0,100.0,22521.0,53.0,8799.0,100.0,39200,55030.0,55030.0,0,1
146719,82.0,13.0,39315,32081.0,2763.0,2762.0,23.0,15.0,1,1,1,0,17.17,32.0,6088.0,96.0,25247.0,50.0,9026.0,99.0,53710,74020.0,74020.0,0,1
147013,67.0,16.0,3066,2199.0,413.0,410.0,0.0,0.0,1,1,1,1,9.36,35.0,5746.0,93.0,21748.0,57.0,6547.0,97.0,34740,51192.0,51192.0,0,1
147244,75.0,10.0,5144,3430.0,342.0,339.0,35.0,9.0,0,1,1,0,10.0,47.0,6103.0,100.0,28307.0,63.0,7439.0,100.0,26892,43965.0,43965.0,1,0
147341,74.0,9.0,1577,1434.0,200.0,200.0,21.0,6.0,1,1,0,0,19.65,44.0,5661.0,99.0,33290.0,78.0,7067.0,100.0,44922,59970.0,59970.0,0,1
147369,84.0,14.0,387,320.0,211.0,188.0,0.0,0.0,1,1,1,0,11.14,38.0,4952.0,78.0,11876.0,38.0,7365.0,90.0,15786,35392.0,35392.0,0,1
147536,50.0,17.0,4063,3862.0,711.0,656.0,0.0,0.0,0,0,1,0,0.0,72.0,5405.0,18.0,4338.0,11.0,7221.0,87.0,12705,43500.0,49618.0,1,0
147660,77.0,12.0,4596,3554.0,482.0,482.0,21.0,6.0,1,1,1,0,17.4,27.0,6044.0,100.0,30039.0,52.0,11096.0,100.0,45726,64208.0,64208.0,0,1
147679,62.0,12.0,4309,2952.0,423.0,423.0,0.0,0.0,1,1,0,1,7.83,50.0,5731.0,100.0,17907.0,40.0,6273.0,100.0,36710,51350.0,51350.0,0,1
147703,70.0,15.0,23651,16505.0,1991.0,1979.0,0.0,0.0,0,1,1,1,5.0,60.0,5696.0,96.0,6121.0,54.0,6167.0,99.0,13248,31030.0,31030.0,0,0
147767,98.0,6.0,49474,3806.0,2105.0,2105.0,46.0,23.0,0,1,1,1,14.0,21.0,5918.0,53.0,60666.0,20.0,7318.0,62.0,68322,94878.0,94878.0,1,0
147776,52.0,9.0,8955,6680.0,567.0,533.0,0.0,0.0,0,1,0,0,5.22,81.0,5533.0,78.0,840.0,14.0,5776.0,90.0,12383,30460.0,40803.0,0,0
147828,71.0,15.0,5789,3234.0,791.0,790.0,29.0,16.0,1,1,1,1,8.52,44.0,5583.0,97.0,24617.0,70.0,6868.0,100.0,38900,55685.0,55685.0,0,1
148131,70.0,12.0,1771,902.0,266.0,266.0,41.0,34.0,1,1,1,0,0.0,42.0,5241.0,100.0,25428.0,84.0,8041.0,100.0,37140,53040.0,53040.0,0,1
148405,65.0,10.0,1721,1599.0,214.0,214.0,30.0,5.0,0,1,1,0,7.97,57.0,5358.0,47.0,38717.0,56.0,7470.0,98.0,37780,54700.0,54700.0,1,0
148487,62.0,11.0,7427,7216.0,631.0,630.0,23.0,4.0,0,1,1,1,7.0,60.0,5713.0,92.0,6203.0,49.0,7312.0,96.0,21315,44990.0,44990.0,1,0
148496,78.0,12.0,6873,6208.0,749.0,747.0,11.0,1.0,1,1,1,0,8.5,67.0,5867.0,100.0,21125.0,48.0,5213.0,100.0,38978,53744.0,53744.0,0,1
148584,79.0,15.0,2250,1469.0,209.0,209.0,17.0,2.0,1,1,1,0,3.37,50.0,5959.0,97.0,23956.0,57.0,6987.0,100.0,38110,53890.0,53890.0,0,1
148627,76.0,16.0,6434,5424.0,735.0,729.0,0.0,0.0,1,1,1,0,7.0,69.0,6132.0,100.0,21602.0,90.0,4745.0,100.0,37940,54440.0,54440.0,0,1
148654,75.0,13.0,2430,2087.0,262.0,257.0,32.0,11.0,0,1,1,0,8.9,43.0,5547.0,85.0,9099.0,41.0,5637.0,97.0,12252,28694.0,38459.0,0,0
149222,67.0,11.0,10858,9433.0,1758.0,1710.0,37.0,8.0,0,1,1,0,7.5,52.0,5990.0,81.0,5667.0,57.0,7182.0,98.0,13334,29726.0,29726.0,0,0
149231,76.0,15.0,10150,9896.0,1550.0,1534.0,35.0,12.0,0,1,0,1,8.9,40.0,6059.0,89.0,5414.0,43.0,7101.0,95.0,12922,33262.0,33262.0,0,0
149329,89.0,15.0,24,24.0,24.0,24.0,0.0,0.0,1,0,0,0,0.0,22.0,6970.0,78.0,9296.0,0.0,7519.5,89.0,15000,21336.0,21336.0,0,1
149505,81.0,10.0,650,552.0,128.0,128.0,20.0,8.0,1,1,0,0,0.0,36.0,5189.0,100.0,10482.0,57.0,7468.0,100.0,20605,39055.0,39055.0,0,1
149514,13.0,3.0,13,13.0,6.0,4.0,0.0,0.0,1,0,1,0,0.0,100.0,3515.0,100.0,2398.0,25.0,6773.0,100.0,12320,22497.0,22497.0,0,1
149639,88.0,5.0,38,34.0,15.0,15.0,0.0,0.0,0,0,0,0,5.05,59.0,6210.0,100.0,12879.0,53.0,9211.0,100.0,30910,49618.0,49618.0,1,0
149772,61.0,12.0,8674,6174.0,634.0,615.0,0.0,0.0,0,1,1,1,8.26,26.0,5849.0,53.0,7553.0,29.0,7773.0,55.0,15264,29556.0,29556.0,0,0
149781,93.0,10.0,2040,1783.0,533.0,533.0,38.0,20.0,1,1,0,1,15.0,22.0,5212.0,98.0,25775.0,49.0,7007.0,98.0,45546,62052.0,62052.0,0,1
150066,60.0,10.0,5306,4210.0,351.0,351.0,59.0,10.0,1,1,1,0,7.07,44.0,5164.0,98.0,20456.0,68.0,8115.0,100.0,37240,54840.0,54840.0,0,1
150136,78.0,14.0,21093,18034.0,3686.0,3637.0,37.0,1.0,0,1,1,1,14.72,42.0,5761.0,58.0,7282.0,54.0,7474.0,91.0,11082,27442.0,45990.0,0,0
150145,72.0,12.0,985,962.0,264.0,261.0,59.0,11.0,1,1,1,0,12.6,41.0,5303.0,90.0,20303.0,66.0,6301.0,96.0,34600,48950.0,48950.0,0,1
150163,87.0,11.0,9471,8058.0,1038.0,1037.0,35.0,19.0,0,1,1,1,13.72,19.0,5499.0,96.0,25070.0,49.0,10945.0,98.0,47560,69950.0,69950.0,1,0
150400,89.0,10.0,6683,3822.0,505.0,505.0,39.0,14.0,0,1,0,1,8.03,17.0,5031.0,99.0,41690.0,30.0,7977.0,99.0,59070,77800.0,77800.0,1,0
150455,77.0,7.0,2075,1517.0,211.0,211.0,24.0,9.0,1,1,0,1,21.73,25.0,6026.0,100.0,37057.0,55.0,9183.0,100.0,53930,71158.0,71158.0,0,1
150534,83.0,10.0,5044,3914.0,415.0,415.0,0.0,0.0,1,1,1,1,10.28,32.0,5843.0,100.0,34281.0,47.0,8556.0,100.0,44172,62250.0,62250.0,0,1
150604,73.0,12.0,2609,1821.0,316.0,316.0,39.0,4.0,1,1,0,1,10.88,38.0,5455.0,100.0,23694.0,65.0,7049.0,100.0,38710,57573.0,57573.0,0,1
150668,80.0,9.0,1576,1325.0,198.0,198.0,11.0,1.0,1,1,1,1,16.7,47.0,5461.0,100.0,25471.0,52.0,5795.0,100.0,38890,54470.0,54470.0,0,1
150677,77.0,23.0,4643,3814.0,420.0,420.0,96.0,39.0,1,1,0,0,8.48,37.0,5626.0,100.0,15290.0,66.0,7934.0,100.0,31200,44180.0,44180.0,0,1
150756,82.0,11.0,2889,2418.0,348.0,348.0,27.0,11.0,1,1,0,0,7.85,31.0,5014.0,100.0,30989.0,68.0,6330.0,100.0,44638,61539.0,61539.0,0,1
150774,70.0,13.0,1954,1469.0,286.0,268.0,0.0,0.0,1,1,1,1,10.0,26.0,5932.0,71.0,22927.0,71.0,6211.0,85.0,36600,53350.0,53350.0,0,1
150941,84.0,11.0,1691,1279.0,259.0,242.0,69.0,12.0,1,1,0,0,0.0,36.0,5039.0,95.0,17608.0,49.0,8772.0,97.0,31870,45866.0,45866.0,0,1
151102,67.0,13.0,7631,6402.0,1371.0,1318.0,45.0,4.0,0,1,1,0,9.0,41.0,5651.0,88.0,2217.0,36.0,5633.0,97.0,9532,28091.0,41446.0,0,0
151111,72.0,13.0,15643,11947.0,2942.0,2862.0,33.0,4.0,0,1,1,1,0.0,45.0,5385.0,72.0,4447.0,33.0,7200.0,91.0,10762,27938.0,52067.0,0,0
151263,71.0,12.0,10891,7242.0,770.0,769.0,0.0,0.0,1,1,0,0,12.0,49.0,6083.0,100.0,21786.0,48.0,8176.0,100.0,37200,56502.0,56502.0,0,1
151290,59.0,16.0,5643,3972.0,530.0,524.0,0.0,0.0,0,1,1,0,8.08,47.0,5456.0,100.0,16361.0,83.0,6368.0,100.0,31361,50235.0,50235.0,1,0
151306,75.0,15.0,4602,4409.0,1321.0,1310.0,39.0,8.0,0,1,0,0,7.71,37.0,5544.0,93.0,4400.0,40.0,6398.0,98.0,10066,25340.0,38181.0,0,0
151324,66.0,16.0,12134,9801.0,1417.0,1409.0,0.0,0.0,0,1,0,0,0.0,51.0,5650.0,93.0,5960.0,53.0,6016.0,98.0,10258,26160.0,38224.0,0,0
151333,69.0,15.0,1938,1676.0,529.0,513.0,36.0,2.0,0,1,1,1,0.0,46.0,5301.0,40.0,2332.0,28.0,5393.0,90.0,8424,43500.0,49618.0,0,0
151342,65.0,15.0,2815,2360.0,920.0,840.0,29.0,1.0,0,1,1,1,0.0,51.0,5547.0,46.0,1810.0,33.0,4971.0,87.0,8424,22392.0,36779.0,0,0
151351,91.0,18.0,67658,52918.0,9611.0,9590.0,42.0,14.0,0,1,1,1,0.0,18.0,5707.0,69.0,7434.0,33.0,9937.0,82.0,12144,30602.0,60349.0,0,0
151360,71.0,15.0,2928,2149.0,505.0,457.0,32.0,2.0,0,1,1,1,0.0,48.0,5764.0,54.0,2109.0,28.0,4877.0,86.0,8424,43500.0,49618.0,0,0
151379,64.0,13.0,2040,1723.0,684.0,635.0,32.0,8.0,0,1,1,1,0.0,39.0,5287.0,62.0,2635.0,28.0,5538.0,89.0,8424,24148.0,38535.0,0,0
151388,62.0,15.0,2035,1368.0,399.0,368.0,20.0,7.0,0,1,1,1,0.0,52.0,5274.0,57.0,2737.0,29.0,5115.0,89.0,8424,43500.0,49618.0,0,0
151777,66.0,12.0,3262,2318.0,341.0,341.0,0.0,0.0,1,1,0,0,6.03,54.0,5688.0,100.0,22068.0,70.0,9456.0,100.0,37135,52218.0,52218.0,0,1
151786,76.0,13.0,3745,3575.0,559.0,544.0,0.0,0.0,1,1,1,1,10.26,46.0,6567.0,86.0,27135.0,72.0,6682.0,97.0,40664,60413.0,60413.0,0,1
151801,83.0,12.0,3761,3345.0,567.0,564.0,57.0,13.0,1,1,0,0,16.1,32.0,4915.0,100.0,16781.0,82.0,7330.0,100.0,32352,46620.0,46620.0,0,1
152080,99.0,8.0,29942,3374.0,2082.0,2082.0,33.0,26.0,1,1,1,0,14.0,16.0,6059.0,60.0,51838.0,25.0,7950.0,70.0,65025,86125.0,86125.0,0,1
152099,78.0,13.0,549,453.0,147.0,146.0,0.0,0.0,1,0,1,1,0.0,55.0,5347.0,100.0,20033.0,53.0,5494.0,100.0,27900,44390.0,44390.0,0,1
152318,92.0,12.0,6097,4686.0,604.0,604.0,53.0,29.0,0,1,0,1,13.69,13.0,4829.0,100.0,30964.0,47.0,13849.0,100.0,58649,82580.0,82580.0,1,0
152336,71.0,11.0,2008,1927.0,414.0,411.0,79.0,8.0,1,1,0,0,6.87,44.0,5842.0,100.0,20569.0,58.0,6576.0,100.0,36460,53120.0,53120.0,0,1
152381,62.0,9.0,1228,889.0,185.0,173.0,0.0,0.0,1,1,0,0,12.7,54.0,5827.0,87.0,20286.0,57.0,9362.0,100.0,35270,54818.0,54818.0,0,1
152390,88.0,9.0,2588,1966.0,396.0,396.0,33.0,11.0,1,1,0,1,14.49,24.0,5329.0,100.0,35907.0,59.0,9074.0,100.0,53230,69490.0,69490.0,0,1
152530,89.0,14.0,2425,1783.0,576.0,576.0,63.0,28.0,1,1,0,1,6.5,17.0,4790.0,100.0,25075.0,38.0,7562.0,100.0,40490,56447.0,56447.0,0,1
152567,80.0,16.0,3988,3409.0,641.0,637.0,0.0,0.0,0,1,0,0,10.05,30.0,5454.0,96.0,22065.0,69.0,9483.0,96.0,36560,54480.0,54480.0,1,0
152600,75.0,10.0,6199,5544.0,534.0,534.0,30.0,5.0,1,1,0,1,7.99,35.0,5724.0,100.0,32045.0,54.0,8051.0,100.0,48450,65138.0,65138.0,0,1
152673,93.0,9.0,2199,1392.0,256.0,256.0,52.0,7.0,0,1,0,1,8.5,21.0,5596.0,100.0,36960.0,67.0,8699.0,100.0,50800,68070.0,68070.0,1,0
153001,76.0,13.0,1389,1078.0,223.0,223.0,1.0,33.0,1,1,0,1,8.32,49.0,5574.0,100.0,27356.0,73.0,7884.0,100.0,41798,57721.0,57721.0,0,1
153108,80.0,11.0,1706,1470.0,309.0,307.0,3.0,42.0,1,1,0,1,11.87,25.0,5259.0,100.0,9529.0,71.0,8796.0,100.0,20988,37773.0,37773.0,0,1
153126,67.0,9.0,3394,2438.0,135.0,135.0,4.0,7.0,1,1,0,0,12.06,42.0,5653.0,100.0,24838.0,77.0,8259.0,100.0,40910,57886.0,57886.0,0,1
153144,73.0,11.0,8633,5529.0,303.0,303.0,9.0,25.0,1,1,0,0,0.0,39.0,6142.0,100.0,42529.0,70.0,7389.0,100.0,54666,70912.0,70912.0,0,1
153162,80.0,14.0,2522,2015.0,288.0,288.0,8.0,17.0,1,1,0,1,26.09,35.0,5942.0,100.0,37459.0,69.0,8269.0,100.0,52660,69050.0,69050.0,0,1
153250,85.0,14.0,1773,1214.0,461.0,458.0,18.0,85.0,1,1,0,0,4.0,22.0,4374.0,100.0,20819.0,49.0,10045.0,100.0,37050,53400.0,53400.0,0,1
153269,84.0,11.0,9873,6304.0,618.0,618.0,5.0,18.0,0,1,1,1,0.0,25.0,5944.0,100.0,31785.0,50.0,10101.0,100.0,52130,68242.0,68242.0,1,0
153278,77.0,10.0,1486,1317.0,307.0,303.0,16.0,31.0,1,1,1,0,6.04,34.0,6090.0,100.0,24766.0,74.0,14641.0,100.0,42095,55945.0,55945.0,0,1
153302,83.0,8.0,194,116.0,74.0,72.0,12.0,45.0,1,0,0,0,8.0,54.0,5458.0,100.0,10568.0,37.0,4647.0,100.0,20800,32650.0,32650.0,0,1
153320,77.0,14.0,274,185.0,127.0,125.0,15.0,54.0,1,1,0,0,0.0,48.0,5554.0,96.0,8825.0,34.0,5195.0,98.0,20270,34408.0,34408.0,0,1
153366,55.0,12.0,1346,1088.0,169.0,169.0,0.0,0.0,1,1,0,0,0.0,52.0,6015.0,100.0,24194.0,78.0,6524.0,100.0,20950,36250.0,36250.0,0,1
153375,70.0,12.0,1426,1413.0,295.0,291.0,0.0,0.0,1,1,1,0,0.0,44.0,5246.0,100.0,20258.0,67.0,7910.0,100.0,34762,54440.0,54440.0,0,1
153384,93.0,9.0,9758,1416.0,438.0,438.0,29.0,21.0,0,1,0,0,21.0,19.0,5920.0,94.0,47513.0,15.0,7234.0,94.0,68106,87598.0,87598.0,1,0
153603,88.0,18.0,23095,20475.0,5906.0,5887.0,13.0,46.0,0,1,1,1,5.3,18.0,5486.0,75.0,9608.0,46.0,8515.0,89.0,10787,24695.0,42789.0,0,0
153658,90.0,16.0,27770,23222.0,5208.0,5187.0,19.0,57.0,0,1,0,1,5.85,17.0,5530.0,72.0,8888.0,48.0,9592.0,90.0,11283,29219.0,51307.0,0,0
153825,82.0,12.0,1408,1406.0,261.0,261.0,0.0,0.0,1,1,0,0,5.64,24.0,4605.0,100.0,26363.0,64.0,9054.0,100.0,39824,54674.0,54674.0,0,1
153834,77.0,9.0,2632,1883.0,375.0,375.0,9.0,17.0,1,1,0,1,25.22,23.0,5832.0,100.0,38261.0,64.0,8290.0,100.0,52120,67705.0,67705.0,0,1
153861,61.0,13.0,93,89.0,67.0,37.0,0.0,0.0,0,1,1,0,0.0,84.0,6350.0,87.0,6425.0,77.0,12329.0,97.0,16530,29530.0,29530.0,1,0
153977,69.0,7.0,679,677.0,174.0,46.0,0.0,9.0,1,0,1,0,5.14,45.0,5178.0,16.0,1925.0,57.0,8692.0,88.0,17664,43500.0,49618.0,0,1
154004,74.0,12.0,2742,1948.0,308.0,308.0,0.0,1.0,1,1,1,1,5.0,37.0,5467.0,100.0,23829.0,69.0,8820.0,100.0,39660,55730.0,55730.0,0,1
154013,73.0,14.0,1041,859.0,240.0,238.0,1.0,2.0,1,1,1,0,14.85,32.0,5164.0,100.0,26526.0,59.0,8020.0,100.0,40878,58678.0,58678.0,0,1
154095,82.0,18.0,5360,4971.0,1546.0,1538.0,2.0,43.0,0,1,0,1,11.78,26.0,5299.0,80.0,3722.0,47.0,6051.0,84.0,9936,23372.0,35148.0,0,0
154101,73.0,15.0,1497,1203.0,327.0,327.0,0.0,0.0,1,1,0,0,3.7,27.0,4480.0,100.0,20395.0,68.0,7729.0,100.0,36710,52000.0,52000.0,0,1
154235,76.0,11.0,2964,2292.0,383.0,382.0,13.0,10.0,1,1,1,1,23.42,35.0,5256.0,100.0,22530.0,61.0,9253.0,100.0,36658,54956.0,54956.0,0,1
154350,81.0,12.0,2046,1764.0,381.0,381.0,0.0,2.0,1,1,1,1,15.88,39.0,5455.0,100.0,32729.0,70.0,7218.0,100.0,47656,63526.0,63526.0,0,1
154493,68.0,25.0,452,436.0,148.0,148.0,2.0,13.0,0,1,1,0,0.0,40.0,5450.0,86.0,10606.0,64.0,7232.0,98.0,19475,35133.0,35133.0,1,0
154527,76.0,13.0,3203,2429.0,402.0,402.0,3.0,24.0,1,1,0,0,8.2,24.0,5388.0,94.0,37629.0,68.0,8824.0,97.0,26250,42913.0,42913.0,0,1
154590,58.0,15.0,1305,677.0,284.0,283.0,21.0,32.0,1,0,1,0,0.0,54.0,5648.0,100.0,14833.0,94.0,7705.0,100.0,29750,45200.0,45200.0,0,1
154688,66.0,13.0,998,940.0,240.0,238.0,0.0,1.0,1,1,1,0,0.0,40.0,5099.0,100.0,20800.0,63.0,7266.0,100.0,35300,51959.0,51959.0,0,1
154712,83.0,16.0,2715,2664.0,609.0,607.0,20.0,30.0,1,1,1,0,6.6,23.0,4739.0,100.0,21794.0,68.0,7332.0,100.0,36350,55430.0,55430.0,0,1
154721,43.0,12.0,1550,868.0,192.0,192.0,0.0,0.0,1,1,0,0,0.0,57.0,5521.0,100.0,21076.0,83.0,7569.0,100.0,33000,56086.0,56086.0,0,1
154749,62.0,11.0,1154,1079.0,170.0,170.0,2.0,1.0,1,1,0,0,0.0,48.0,4751.0,100.0,18517.0,75.0,6687.0,100.0,35014,54472.0,54472.0,0,1
154855,45.0,15.0,719,379.0,131.0,130.0,0.0,0.0,1,1,0,0,0.0,50.0,5761.0,86.0,17325.0,60.0,7048.0,100.0,21000,34850.0,34850.0,0,1
155025,77.0,16.0,1918,1874.0,430.0,423.0,0.0,16.0,0,1,0,0,0.0,40.0,5354.0,84.0,2795.0,74.0,7105.0,99.0,7106,22887.0,31200.0,0,0
155061,77.0,15.0,2619,2364.0,989.0,941.0,3.0,89.0,0,1,0,0,0.0,34.0,5325.0,82.0,4406.0,43.0,5862.0,96.0,5923,21107.0,32925.0,0,0
155070,52.0,8.0,153,78.0,52.0,52.0,0.0,0.0,1,1,0,0,0.0,39.0,6157.0,58.0,18327.0,37.0,5946.0,100.0,24590,39990.0,39990.0,0,1
155089,65.0,12.0,1025,566.0,253.0,252.0,4.0,22.0,0,1,1,1,0.0,43.0,5648.0,99.0,17503.0,72.0,8082.0,100.0,34192,55537.0,55537.0,1,0
155317,86.0,18.0,22363,20905.0,5323.0,5269.0,9.0,55.0,0,1,1,1,7.96,22.0,5405.0,87.0,9831.0,46.0,7579.0,94.0,12102,28808.0,47138.0,0,0
155335,69.0,16.0,1080,799.0,163.0,160.0,0.0,0.0,1,1,1,1,0.0,31.0,5369.0,95.0,22391.0,41.0,6737.0,97.0,35500,50984.0,50984.0,0,1
155399,86.0,19.0,15509,12669.0,3482.0,3416.0,6.0,81.0,0,1,1,1,7.2,21.0,5333.0,89.0,7458.0,43.0,7056.0,95.0,11221,28141.0,45488.0,0,0
155414,60.0,16.0,1975,1420.0,264.0,263.0,0.0,0.0,1,0,0,1,0.0,38.0,5440.0,100.0,20745.0,75.0,9059.0,100.0,34630,50030.0,50030.0,0,1
155496,77.0,10.0,55,55.0,37.0,37.0,5.0,91.0,1,0,1,0,0.0,41.0,4642.0,94.0,6299.0,59.0,5454.0,94.0,19126,41033.0,41033.0,0,1
155511,65.0,16.0,1846,1417.0,318.0,318.0,42.0,34.0,1,1,1,0,12.98,47.0,5499.0,100.0,19989.0,70.0,7418.0,100.0,37310,54180.0,54180.0,0,1
155520,70.0,11.0,1099,866.0,229.0,229.0,7.0,62.0,1,1,0,1,4.7,43.0,5175.0,99.0,21399.0,68.0,8336.0,100.0,37174,61057.0,61057.0,0,1
155627,58.0,12.0,2611,2166.0,306.0,285.0,4.0,20.0,1,1,0,0,0.0,39.0,5393.0,100.0,20636.0,90.0,8945.0,100.0,35880,55884.0,55884.0,0,1
155681,77.0,14.0,3138,2806.0,895.0,881.0,0.0,3.0,0,1,0,0,4.05,34.0,5592.0,49.0,2219.0,48.0,5993.0,92.0,8400,25340.0,36684.0,0,0
155812,65.0,11.0,1159,1004.0,208.0,199.0,6.0,35.0,1,1,1,0,0.0,47.0,5885.0,99.0,21504.0,91.0,7988.0,100.0,35380,49608.0,49608.0,0,1
155900,56.0,10.0,1452,1097.0,210.0,207.0,0.0,0.0,1,1,0,0,0.0,50.0,5237.0,98.0,24514.0,77.0,8678.0,99.0,39822,60420.0,60420.0,0,1
155937,50.0,8.0,820,395.0,120.0,119.0,0.0,1.0,0,1,0,0,5.29,51.0,5790.0,100.0,18564.0,67.0,6692.0,100.0,33700,49168.0,49168.0,1,0
155973,53.0,15.0,559,361.0,136.0,136.0,0.0,0.0,1,1,1,0,0.0,40.0,5426.0,100.0,26072.0,62.0,6241.0,100.0,36200,51500.0,51500.0,0,1
156125,69.0,19.0,9916,9316.0,1871.0,1774.0,6.0,68.0,0,1,0,1,9.0,44.0,5696.0,80.0,4602.0,41.0,8354.0,92.0,9684,26914.0,37099.0,0,0
156189,57.0,15.0,2673,2011.0,213.0,213.0,3.0,88.0,0,1,0,0,0.0,65.0,4916.0,68.0,4945.0,46.0,4029.0,99.0,13960,32036.0,32036.0,1,0
156213,83.0,13.0,2063,1308.0,342.0,338.0,0.0,0.0,0,1,0,1,9.86,33.0,5091.0,99.0,20252.0,50.0,7574.0,100.0,33640,49116.0,49116.0,1,0
156286,75.0,12.0,4779,4115.0,539.0,539.0,4.0,26.0,1,1,0,0,9.44,48.0,5540.0,99.0,31277.0,50.0,6837.0,100.0,48770,64280.0,64280.0,0,1
156295,79.0,9.0,3857,746.0,401.0,401.0,6.0,35.0,0,1,0,0,20.0,88.0,5798.0,100.0,45305.0,6.0,3383.0,100.0,51658,63496.0,63496.0,1,0
156356,67.0,13.0,2145,756.0,141.0,140.0,0.0,0.0,1,1,1,0,18.9,37.0,5759.0,99.0,22535.0,44.0,5676.0,100.0,31550,49750.0,49750.0,0,1
156365,64.0,19.0,5000,3987.0,557.0,537.0,0.0,0.0,1,1,1,0,0.0,42.0,5532.0,64.0,17187.0,45.0,6180.0,79.0,27998,45000.0,45000.0,0,1
156408,88.0,10.0,3747,2037.0,395.0,395.0,8.0,46.0,0,1,0,1,13.0,29.0,5728.0,100.0,38624.0,56.0,6393.0,100.0,52820,70810.0,70810.0,1,0
156541,74.0,23.0,3037,3001.0,999.0,837.0,0.0,0.0,1,1,0,0,0.0,53.0,5589.0,83.0,4557.0,60.0,5410.0,99.0,9875,26372.0,26372.0,0,1
156620,77.0,17.0,17024,13212.0,2635.0,2562.0,1.0,97.0,0,1,0,0,8.79,51.0,5503.0,83.0,5773.0,46.0,6797.0,99.0,10320,26238.0,37148.0,0,0
156745,69.0,13.0,1353,1232.0,320.0,320.0,6.0,42.0,1,1,0,0,13.14,40.0,5375.0,100.0,34494.0,49.0,6370.0,100.0,42840,58219.0,58219.0,0,1
157030,70.0,9.0,31,31.0,17.0,15.0,35.0,35.0,1,0,1,0,0.0,70.0,5802.0,100.0,3050.0,30.0,4499.0,100.0,10360,16990.0,16990.0,0,1
157058,64.0,10.0,1453,1396.0,377.0,354.0,0.0,21.0,0,1,1,0,0.0,79.0,6824.0,63.0,3521.0,75.0,6479.0,99.0,9387,24233.0,28504.0,0,0
157076,53.0,15.0,2113,1513.0,268.0,268.0,15.0,64.0,1,1,0,1,6.0,47.0,5291.0,100.0,18537.0,59.0,7487.0,100.0,34673,50951.0,50951.0,0,1
157085,87.0,18.0,31517,29293.0,6513.0,6438.0,7.0,50.0,0,1,1,1,9.14,25.0,5577.0,87.0,9939.0,41.0,10702.0,97.0,13502,36558.0,57196.0,0,0
157100,86.0,12.0,962,586.0,164.0,164.0,2.0,34.0,1,0,0,0,0.0,57.0,4738.0,51.0,24159.0,73.0,6385.0,98.0,26625,42773.0,42773.0,0,1
157289,81.0,14.0,15668,12442.0,3120.0,2964.0,18.0,85.0,0,1,1,0,0.0,40.0,5656.0,91.0,9948.0,37.0,7664.0,98.0,13136,35114.0,51460.0,0,0
157377,68.0,15.0,1071,1019.0,234.0,233.0,3.0,31.0,1,1,1,0,6.7,44.0,5831.0,95.0,12047.0,65.0,6556.0,100.0,27220,51000.0,51000.0,0,1
157386,65.0,16.0,9134,7052.0,1284.0,1267.0,0.0,1.0,0,1,1,1,6.41,56.0,5626.0,71.0,6689.0,59.0,5232.0,99.0,10024,24526.0,29482.0,0,0
157401,76.0,17.0,10486,8984.0,1562.0,1552.0,19.0,82.0,0,1,1,0,9.0,43.0,5993.0,96.0,9225.0,45.0,8392.0,100.0,9900,25574.0,35510.0,0,0
157447,76.0,19.0,6058,4098.0,1510.0,1437.0,5.0,73.0,0,1,1,1,6.54,36.0,6370.0,76.0,7204.0,44.0,7082.0,99.0,11088,27100.0,37924.0,0,0
157748,79.0,16.0,605,338.0,189.0,170.0,30.0,48.0,1,0,0,0,0.0,0.0,5759.0,33.0,1613.0,20.0,14880.0,45.0,11046,22462.0,22462.0,0,1
157757,64.0,9.0,727,723.0,113.0,107.0,16.0,69.0,1,1,0,0,5.26,46.0,5560.0,100.0,12301.0,82.0,6942.0,100.0,29200,48310.0,48310.0,0,1
157809,67.0,14.0,3242,2929.0,367.0,367.0,6.0,40.0,1,1,1,1,6.47,39.0,5387.0,98.0,22282.0,87.0,6310.0,100.0,39800,54932.0,54932.0,0,1
157818,87.0,10.0,1851,1602.0,261.0,261.0,5.0,67.0,1,1,0,0,18.0,29.0,5526.0,100.0,29670.0,48.0,7920.0,100.0,46870,65232.0,65232.0,0,1
157863,64.0,14.0,996,629.0,244.0,243.0,0.0,54.0,1,1,0,0,0.0,52.0,6810.0,100.0,19794.0,62.0,5424.0,100.0,30946,44807.0,44807.0,0,1
157951,78.0,19.0,9840,9237.0,2788.0,2753.0,3.0,3.0,0,1,0,1,0.0,41.0,5553.0,91.0,6225.0,46.0,7267.0,99.0,11652,27718.0,43066.0,0,0
158477,70.0,8.0,1715,956.0,232.0,232.0,17.0,63.0,1,1,0,1,15.0,48.0,5751.0,100.0,28028.0,73.0,6592.0,100.0,41200,63000.0,63000.0,0,1
158802,78.0,14.0,7618,3189.0,188.0,188.0,11.0,30.0,1,1,1,1,0.0,76.0,5994.0,100.0,10639.0,87.0,6785.0,100.0,23918,44685.0,44685.0,0,1
159009,66.0,25.0,12976,5821.0,1047.0,1013.0,6.0,22.0,0,0,0,0,0.0,79.0,6451.0,43.0,5333.0,79.0,6437.0,95.0,7683,25663.0,34686.0,0,0
159382,70.0,33.0,959,883.0,588.0,541.0,4.0,99.0,0,0,0,0,0.0,55.0,5869.0,48.0,1625.0,45.0,5683.0,91.0,7050,21180.0,28780.0,0,0
159391,85.0,21.0,47065,34513.0,7925.0,7912.0,7.0,40.0,0,1,1,1,11.7,35.0,5990.0,76.0,7849.0,39.0,8654.0,93.0,11954,36064.0,52741.0,0,0
159416,83.0,30.0,1917,969.0,305.0,283.0,5.0,81.0,0,1,1,0,0.0,47.0,6201.0,64.0,5180.0,22.0,5169.0,95.0,7518,24560.0,24560.0,0,0
159568,52.0,10.0,548,423.0,183.0,183.0,0.0,0.0,1,1,0,0,6.7,57.0,5413.0,71.0,14493.0,69.0,6418.0,100.0,20266,35536.0,35536.0,0,1
159647,82.0,21.0,8491,7336.0,2453.0,2447.0,5.0,80.0,0,1,0,0,0.0,33.0,5768.0,78.0,6042.0,40.0,6007.0,97.0,10125,24936.0,31677.0,0,0
159656,80.0,12.0,5140,4783.0,579.0,573.0,0.0,0.0,1,1,1,1,12.76,41.0,6206.0,99.0,33159.0,61.0,7643.0,99.0,49440,69989.0,69989.0,0,1
159717,68.0,20.0,3902,3054.0,1166.0,1155.0,7.0,86.0,0,1,1,0,4.24,48.0,5907.0,44.0,4487.0,37.0,5098.0,93.0,8489,26650.0,28150.0,0,0
159939,67.0,19.0,7401,5500.0,993.0,973.0,6.0,82.0,0,1,1,1,4.8,57.0,6132.0,60.0,3973.0,31.0,5699.0,90.0,9172,26204.0,31040.0,0,0
159966,77.0,19.0,3369,3059.0,1082.0,1075.0,3.0,82.0,0,1,1,0,5.0,44.0,6059.0,53.0,4962.0,41.0,5847.0,95.0,8149,27101.0,28194.0,0,0
159993,73.0,18.0,4224,3580.0,1255.0,1072.0,14.0,86.0,0,1,0,0,7.09,51.0,6043.0,80.0,6404.0,48.0,5934.0,98.0,9190,27316.0,39416.0,0,0
160038,71.0,16.0,3015,2790.0,1043.0,1018.0,3.0,85.0,0,1,0,1,0.0,55.0,6231.0,69.0,5177.0,49.0,6181.0,97.0,8864,27310.0,38098.0,0,0
160065,71.0,7.0,1116,822.0,49.0,46.0,0.0,0.0,1,0,1,0,0.0,42.0,5908.0,76.0,7499.0,58.0,7535.0,100.0,16576,43500.0,49618.0,0,1
160074,64.0,14.0,384,379.0,112.0,105.0,0.0,0.0,1,0,0,0,8.48,39.0,5250.0,41.0,8049.0,48.0,7313.0,97.0,18310,43500.0,49618.0,0,1
160612,73.0,20.0,6255,6212.0,2408.0,1728.0,0.0,94.0,0,1,0,1,8.07,43.0,5734.0,80.0,3136.0,41.0,5726.0,99.0,8373,25837.0,38315.0,0,0
160621,60.0,21.0,24340,8547.0,1715.0,1674.0,12.0,63.0,0,1,1,0,0.0,83.0,6496.0,16.0,3582.0,86.0,9018.0,98.0,9922,25136.0,32486.0,0,0
160630,52.0,13.0,6526,5149.0,163.0,160.0,10.0,64.0,0,0,1,0,0.0,83.0,6954.0,33.0,8877.0,60.0,3534.0,91.0,8054,26911.0,35811.0,0,0
160658,74.0,18.0,11099,9657.0,3064.0,3049.0,1.0,45.0,0,1,0,1,5.12,53.0,6040.0,62.0,5071.0,54.0,6401.0,96.0,10418,30019.0,43747.0,0,0
160755,93.0,7.0,32609,4559.0,1838.0,1838.0,13.0,28.0,0,1,1,1,27.84,11.0,5767.0,60.0,37315.0,24.0,9962.0,65.0,68678,91686.0,91686.0,1,0
160904,72.0,11.0,10260,7083.0,839.0,833.0,33.0,46.0,1,1,0,1,5.87,64.0,6836.0,100.0,16722.0,63.0,6607.0,100.0,28733,43128.0,43128.0,0,1
160959,85.0,9.0,476,334.0,78.0,78.0,21.0,4.0,0,1,0,0,10.0,28.0,4629.0,100.0,35004.0,64.0,10138.0,100.0,47997,60387.0,60387.0,1,0
160977,91.0,9.0,10027,1336.0,488.0,488.0,12.0,4.0,0,1,0,0,15.0,11.0,5966.0,40.0,57620.0,14.0,15005.0,45.0,66590,87520.0,87520.0,1,0
161004,97.0,9.0,13265,946.0,507.0,507.0,31.0,17.0,0,1,0,1,7.36,19.0,6018.0,55.0,60229.0,6.0,11912.0,60.0,67832,88820.0,88820.0,1,0
161086,94.0,9.0,19187,1360.0,628.0,628.0,36.0,16.0,0,1,0,1,26.77,17.0,6208.0,45.0,66729.0,8.0,9019.0,48.0,69600,89190.0,89190.0,1,0
161226,73.0,13.0,1496,1447.0,269.0,258.0,9.0,0.0,0,1,0,1,16.0,42.0,5414.0,89.0,4436.0,65.0,7411.0,98.0,11308,27208.0,39778.0,0,0
161235,89.0,21.0,529,518.0,67.0,65.0,0.0,0.0,0,1,0,0,0.0,43.0,5623.0,88.0,6640.0,37.0,5601.0,97.0,9420,22758.0,28218.0,0,0
161253,83.0,15.0,14044,13572.0,2093.0,2048.0,0.0,0.0,0,1,0,1,15.8,29.0,5081.0,97.0,10335.0,55.0,9576.0,99.0,13326,30006.0,53436.0,0,0
161299,82.0,10.0,1365,739.0,242.0,223.0,28.0,7.0,0,0,0,0,14.75,19.0,4684.0,100.0,6196.0,66.0,17486.0,100.0,15158,31940.0,47884.0,0,0
161341,58.0,30.0,757,756.0,146.0,116.0,0.0,0.0,0,1,0,0,0.0,52.0,5392.0,74.0,3204.0,43.0,4893.0,86.0,9402,23632.0,29092.0,0,0
161457,79.0,11.0,4958,4543.0,562.0,560.0,0.0,0.0,0,1,0,1,6.5,21.0,5085.0,98.0,22073.0,76.0,13149.0,100.0,44210,66410.0,66410.0,1,0
161509,72.0,8.0,994,756.0,122.0,121.0,0.0,0.0,0,1,0,0,10.0,31.0,5977.0,100.0,17864.0,72.0,16616.0,100.0,42942,63476.0,63476.0,1,0
161518,75.0,10.0,2025,1691.0,203.0,203.0,10.0,0.0,1,1,0,0,18.4,37.0,5103.0,100.0,28716.0,80.0,12399.0,100.0,44420,62704.0,62704.0,0,1
161554,74.0,14.0,5822,4613.0,707.0,687.0,10.0,2.0,0,1,1,0,15.4,46.0,5384.0,89.0,7272.0,53.0,8057.0,97.0,11284,27724.0,44384.0,0,0
161563,77.0,20.0,974,938.0,151.0,151.0,0.0,0.0,0,1,0,0,8.0,48.0,5582.0,98.0,23646.0,76.0,7849.0,98.0,31824,49894.0,49894.0,1,0
161873,60.0,10.0,127,100.0,37.0,33.0,14.0,0.0,0,1,1,1,6.11,56.0,6280.0,68.0,5358.0,40.0,8355.0,96.0,9992,43500.0,49618.0,0,0
162007,68.0,15.0,4669,3381.0,922.0,908.0,1.0,0.0,0,1,0,0,0.0,53.0,5929.0,2.0,5693.0,50.0,10005.0,69.0,9218,25619.0,36339.0,0,0
162061,77.0,9.0,616,458.0,76.0,74.0,0.0,0.0,0,0,1,0,7.6,49.0,6298.0,90.0,14694.0,70.0,6192.0,91.0,27592,45544.0,45544.0,1,0
162210,64.0,9.0,2765,1277.0,119.0,113.0,14.0,0.0,1,1,1,0,0.0,51.0,5481.0,97.0,13119.0,50.0,7533.0,100.0,26604,40225.0,40225.0,0,1
162283,66.0,12.0,8946,4100.0,482.0,467.0,4.0,0.0,0,1,1,0,5.8,69.0,6165.0,71.0,8275.0,42.0,5352.0,93.0,7100,26206.0,33130.0,0,0
162584,69.0,13.0,5037,4492.0,603.0,603.0,0.0,0.0,0,1,0,0,10.1,42.0,5587.0,87.0,6642.0,52.0,7411.0,97.0,10220,27708.0,43302.0,0,0
162654,79.0,9.0,3683,2862.0,277.0,274.0,20.0,5.0,0,1,0,1,33.78,35.0,6152.0,99.0,39083.0,51.0,7438.0,100.0,53350,74540.0,74540.0,1,0
162760,68.0,10.0,3352,2607.0,312.0,312.0,0.0,0.0,0,1,0,1,12.16,44.0,5919.0,100.0,32476.0,81.0,6568.0,100.0,47700,69114.0,69114.0,1,0
162928,98.0,6.0,45895,2954.0,1389.0,1389.0,50.0,18.0,0,1,1,1,14.0,21.0,6088.0,59.0,57131.0,11.0,11969.0,66.0,65230,88976.0,88976.0,1,0
163046,87.0,12.0,10797,8151.0,945.0,945.0,14.0,3.0,1,1,1,0,16.0,22.0,5484.0,99.0,38876.0,56.0,10030.0,99.0,57150,78360.0,78360.0,0,1
163268,85.0,17.0,14325,10375.0,2241.0,2232.0,27.0,3.0,0,1,1,1,10.7,29.0,6019.0,87.0,5791.0,30.0,6746.0,93.0,13256,33766.0,51785.0,0,0
163286,96.0,17.0,60056,26902.0,5818.0,5795.0,42.0,7.0,0,1,0,1,0.0,16.0,6083.0,48.0,9909.0,23.0,9844.0,67.0,11809,31731.0,61108.0,0,0
163295,83.0,9.0,3201,2458.0,255.0,255.0,11.0,4.0,0,1,0,0,14.27,27.0,5952.0,100.0,26064.0,55.0,9138.0,100.0,56800,80500.0,80500.0,1,0
163338,62.0,11.0,9306,8972.0,774.0,762.0,0.0,0.0,0,1,1,0,0.0,66.0,5952.0,93.0,5884.0,59.0,6285.0,99.0,9076,26677.0,37723.0,0,0
163453,73.0,18.0,23366,19214.0,2377.0,2369.0,22.0,3.0,0,1,1,1,6.5,64.0,5910.0,92.0,5777.0,72.0,7265.0,99.0,8229,27114.0,38009.0,0,0
163462,71.0,13.0,6041,4459.0,546.0,545.0,13.0,2.0,1,1,1,0,15.52,43.0,6410.0,100.0,31611.0,59.0,8532.0,100.0,48630,66700.0,66700.0,0,1
163532,80.0,20.0,99,65.0,51.0,51.0,0.0,0.0,1,0,0,0,0.0,16.0,4432.0,74.0,7323.0,0.0,7519.5,77.0,10600,19920.0,19920.0,0,1
163578,73.0,9.0,2803,2303.0,183.0,179.0,0.0,0.0,1,1,1,0,8.0,51.0,5863.0,99.0,31629.0,59.0,7304.0,99.0,43360,62460.0,62460.0,0,1
163851,78.0,14.0,8845,7737.0,1423.0,1421.0,11.0,1.0,0,1,0,1,12.2,29.0,5445.0,86.0,4721.0,44.0,7978.0,93.0,11084,30472.0,41562.0,0,0
163912,86.0,10.0,3401,2334.0,403.0,403.0,27.0,5.0,0,1,0,1,17.49,22.0,5790.0,97.0,7861.0,47.0,7606.0,99.0,15298,34172.0,50248.0,0,0
163976,83.0,8.0,849,469.0,117.0,116.0,38.0,12.0,0,0,0,0,13.74,16.0,5743.0,88.0,23750.0,46.0,6878.0,90.0,40684,57914.0,57914.0,1,0
164076,83.0,14.0,19777,16212.0,2947.0,2931.0,17.0,1.0,0,1,0,1,5.82,41.0,6005.0,64.0,5246.0,46.0,6463.0,86.0,11728,32730.0,50822.0,0,0
164173,79.0,15.0,5709,4505.0,767.0,767.0,0.0,0.0,0,1,0,0,12.25,40.0,6208.0,100.0,25543.0,83.0,7819.0,100.0,40560,58296.0,58296.0,1,0
164216,84.0,8.0,4048,2303.0,265.0,265.0,12.0,2.0,0,1,0,1,32.0,27.0,6152.0,100.0,39062.0,40.0,10059.0,100.0,55326,77426.0,77426.0,1,0
164270,76.0,13.0,4237,3302.0,453.0,453.0,0.0,0.0,0,1,0,1,25.4,37.0,5752.0,100.0,35433.0,74.0,7123.0,100.0,52081,69220.0,69220.0,1,0
164368,80.0,10.0,1761,1065.0,139.0,139.0,0.0,0.0,0,1,0,0,0.0,9.0,6228.0,82.0,24658.0,10.0,17008.0,82.0,57160,83797.0,83797.0,1,0
164447,57.0,16.0,2540,2529.0,284.0,284.0,0.0,0.0,0,1,1,0,10.0,67.0,4034.0,100.0,32410.0,77.0,7147.0,100.0,44230,64050.0,64050.0,1,0
164465,97.0,6.0,13743,1238.0,480.0,480.0,39.0,22.0,0,1,0,1,34.0,18.0,5708.0,59.0,66598.0,12.0,11811.0,66.0,70480,90670.0,90670.0,1,0
164492,60.0,12.0,6906,3474.0,225.0,221.0,2.0,0.0,1,1,1,0,14.0,42.0,5561.0,100.0,29110.0,76.0,10179.0,100.0,44571,65463.0,65463.0,0,1
164562,84.0,11.0,5900,4896.0,497.0,497.0,0.0,0.0,1,1,0,0,21.5,27.0,5474.0,100.0,33263.0,89.0,9479.0,100.0,51356,69908.0,69908.0,0,1
164580,95.0,15.0,9381,1603.0,625.0,625.0,22.0,3.0,0,1,0,0,17.98,15.0,6064.0,39.0,45336.0,25.0,9822.0,45.0,57152,82076.0,82076.0,1,0
164614,33.0,6.0,11,10.0,1.0,1.0,0.0,0.0,1,0,1,0,0.0,60.0,4445.0,100.0,2650.0,60.0,3877.0,100.0,14304,29195.0,29195.0,0,1
164632,73.0,8.0,1047,892.0,139.0,139.0,5.0,0.0,0,1,1,0,0.0,69.0,6094.0,92.0,23658.0,59.0,7059.0,92.0,38302,55184.0,55184.0,1,0
164739,93.0,12.0,11012,4961.0,1056.0,1055.0,19.0,2.0,0,1,1,0,0.0,18.0,5951.0,88.0,31561.0,47.0,13215.0,90.0,61000,83840.0,83840.0,1,0
164748,89.0,9.0,7050,3069.0,1395.0,1288.0,0.0,0.0,0,1,0,0,12.0,14.0,5419.0,71.0,24063.0,36.0,14193.0,81.0,52040,75678.0,75678.0,1,0
164924,96.0,10.0,35037,5755.0,2501.0,2394.0,30.0,15.0,1,1,1,0,8.93,13.0,6149.0,40.0,54906.0,29.0,3607.0,53.0,70702,93168.0,93168.0,0,1
164988,95.0,10.0,78769,8749.0,3268.0,3268.0,33.0,10.0,0,1,1,1,0.0,21.0,6031.0,48.0,58490.0,21.0,10796.0,54.0,68102,90207.0,90207.0,1,0
165015,87.0,10.0,10462,4237.0,735.0,735.0,30.0,10.0,0,1,0,0,21.3,15.0,6384.0,62.0,40765.0,27.0,10214.0,65.0,68080,90224.0,90224.0,1,0
165024,75.0,17.0,9096,7987.0,1551.0,1498.0,8.0,1.0,0,1,1,0,11.8,38.0,5690.0,70.0,4872.0,84.0,6270.0,96.0,11808,33100.0,39240.0,0,0
165334,86.0,8.0,11452,4528.0,486.0,486.0,16.0,5.0,0,1,1,1,25.0,27.0,5533.0,99.0,32246.0,60.0,7782.0,100.0,58867,73317.0,73317.0,1,0
165529,66.0,12.0,5313,4657.0,535.0,531.0,4.0,0.0,0,1,1,1,8.57,42.0,6043.0,100.0,30530.0,82.0,11149.0,100.0,47970,70120.0,70120.0,1,0
165574,68.0,15.0,4617,3403.0,296.0,295.0,0.0,0.0,0,1,1,0,20.0,38.0,5587.0,100.0,29975.0,76.0,11654.0,100.0,46526,68960.0,68960.0,1,0
165662,87.0,14.0,10378,5325.0,828.0,828.0,16.0,5.0,0,1,0,0,13.0,14.0,5541.0,76.0,26068.0,45.0,12362.0,80.0,57056,82669.0,82669.0,1,0
165671,79.0,13.0,6099,4614.0,516.0,516.0,8.0,0.0,1,1,1,1,9.43,30.0,5573.0,100.0,31688.0,62.0,10030.0,100.0,48550,69696.0,69696.0,0,1
165699,84.0,13.0,5522,3932.0,836.0,836.0,10.0,1.0,0,1,1,0,23.0,13.0,4673.0,96.0,17175.0,68.0,12529.0,98.0,40650,61726.0,61726.0,1,0
165802,55.0,14.0,3527,2493.0,153.0,153.0,0.0,0.0,0,1,1,0,0.0,48.0,5815.0,94.0,21149.0,79.0,6235.0,94.0,35689,58930.0,58930.0,1,0
165820,69.0,11.0,4582,3983.0,539.0,538.0,12.0,1.0,0,1,1,1,10.47,46.0,5406.0,89.0,3972.0,60.0,6526.0,97.0,11346,30398.0,36478.0,0,0
165866,71.0,12.0,4532,3789.0,587.0,584.0,7.0,1.0,0,1,0,0,24.7,50.0,5689.0,71.0,3479.0,64.0,7024.0,92.0,11920,31808.0,37888.0,0,0
165936,84.0,10.0,2366,1638.0,353.0,353.0,29.0,8.0,1,1,0,1,14.4,20.0,4695.0,100.0,15472.0,56.0,8922.0,100.0,30700,46200.0,46200.0,0,1
166018,78.0,13.0,2132,1605.0,231.0,231.0,0.0,0.0,0,1,0,1,38.0,39.0,5766.0,100.0,42855.0,67.0,6361.0,100.0,58896,77344.0,77344.0,1,0
166027,98.0,7.0,54008,1970.0,1647.0,1647.0,54.0,19.0,0,1,1,1,21.0,20.0,5909.0,56.0,65260.0,8.0,12445.0,72.0,61676,89315.0,89315.0,1,0
166054,71.0,7.0,54,43.0,11.0,11.0,0.0,0.0,1,1,0,0,0.0,21.0,6162.0,86.0,15872.0,29.0,5444.0,86.0,22490,41282.0,41282.0,0,1
166124,95.0,9.0,9568,1685.0,835.0,835.0,30.0,15.0,1,1,0,0,15.42,16.0,5588.0,57.0,42010.0,32.0,4954.0,68.0,64500,85220.0,85220.0,0,1
166391,70.0,12.0,3057,2483.0,341.0,340.0,2.0,1.0,0,1,0,0,24.39,35.0,5942.0,95.0,11371.0,74.0,9803.0,96.0,27040,45000.0,45000.0,1,0
166452,72.0,10.0,2526,2447.0,193.0,184.0,0.0,0.0,0,1,1,0,27.8,31.0,5427.0,100.0,16487.0,65.0,11109.0,100.0,34256,57956.0,57956.0,1,0
166513,84.0,17.0,13781,11444.0,2068.0,2023.0,27.0,2.0,0,1,0,1,8.01,37.0,5467.0,79.0,9322.0,65.0,7177.0,92.0,16966,35680.0,54978.0,0,0
166629,92.0,17.0,50261,30020.0,5388.0,5375.0,22.0,3.0,0,1,1,0,12.31,18.0,5574.0,80.0,10208.0,47.0,9035.0,89.0,17772,37122.0,59799.0,0,0
166638,70.0,15.0,21262,17813.0,2187.0,2141.0,32.0,2.0,0,1,0,0,0.0,49.0,5804.0,87.0,7985.0,57.0,7538.0,92.0,15908,39030.0,61247.0,0,0
166656,74.0,9.0,6010,5121.0,673.0,670.0,7.0,1.0,0,1,0,1,16.06,41.0,6711.0,100.0,19934.0,73.0,14493.0,100.0,40530,70314.0,70314.0,1,0
166674,89.0,9.0,2756,2102.0,363.0,357.0,0.0,0.0,0,1,0,0,10.02,34.0,5838.0,65.0,5643.0,59.0,10406.0,89.0,15400,38920.0,66920.0,0,0
166683,99.0,3.0,28232,1284.0,1102.0,1102.0,83.0,29.0,0,1,0,0,7.5,20.0,5885.0,58.0,59510.0,8.0,11176.0,75.0,62396,85960.0,85960.0,1,0
166692,87.0,13.0,1265,1198.0,457.0,457.0,0.0,0.0,0,1,1,0,0.0,18.0,5992.0,90.0,11830.0,88.0,10251.0,95.0,11420,32541.0,44843.0,0,0
166850,79.0,13.0,14070,9852.0,971.0,971.0,0.0,0.0,1,1,1,0,0.0,18.0,5164.0,100.0,30046.0,66.0,13315.0,100.0,53962,78687.0,78687.0,0,1
166939,89.0,9.0,5226,1883.0,512.0,512.0,14.0,2.0,0,1,0,1,29.33,19.0,5515.0,77.0,50512.0,49.0,5709.0,79.0,67018,89102.0,89102.0,1,0
167057,88.0,5.0,1112,457.0,135.0,126.0,0.0,0.0,0,0,0,0,3.05,7.0,5056.0,97.0,30304.0,30.0,7212.0,99.0,60750,84200.0,84200.0,1,0
167260,72.0,15.0,2296,1856.0,336.0,336.0,12.0,1.0,0,1,1,0,0.0,25.0,5323.0,96.0,23966.0,74.0,12220.0,99.0,42705,62405.0,62405.0,1,0
167288,76.0,8.0,1208,1084.0,125.0,124.0,0.0,0.0,0,1,1,1,23.0,43.0,5568.0,99.0,4533.0,90.0,6176.0,100.0,12436,31112.0,40057.0,0,0
167358,97.0,16.0,98425,5133.0,2759.0,2759.0,24.0,7.0,0,1,0,1,0.0,17.0,7127.0,66.0,47842.0,40.0,8158.0,74.0,66162,88542.0,88542.0,1,0
167394,76.0,11.0,1269,1082.0,118.0,118.0,2.0,0.0,1,1,1,0,10.4,55.0,5912.0,100.0,28934.0,66.0,7475.0,100.0,43325,62791.0,62791.0,0,1
167598,79.0,9.0,3432,2395.0,180.0,180.0,0.0,0.0,1,1,0,0,20.0,42.0,5397.0,100.0,33682.0,74.0,10618.0,100.0,49680,70030.0,70030.0,0,1
167729,75.0,12.0,7953,7625.0,858.0,837.0,0.0,0.0,0,1,0,0,14.61,48.0,5773.0,98.0,3834.0,58.0,7765.0,98.0,12338,32160.0,39353.0,0,0
167783,85.0,9.0,4773,3340.0,361.0,361.0,17.0,3.0,0,1,0,0,26.6,33.0,6095.0,100.0,31562.0,61.0,8812.0,100.0,46874,68322.0,68322.0,1,0
167792,77.0,6.0,146,140.0,75.0,75.0,0.0,0.0,0,1,0,0,21.0,22.0,5688.0,97.0,42085.0,40.0,9870.0,99.0,68780,89632.0,89632.0,1,0
167835,94.0,8.0,8666,1820.0,645.0,645.0,29.0,14.0,0,1,0,1,38.0,16.0,5428.0,67.0,56923.0,16.0,9095.0,72.0,65178,91062.0,91062.0,1,0
167899,81.0,11.0,3284,2361.0,448.0,448.0,2.0,1.0,0,1,1,0,0.0,25.0,5140.0,99.0,28471.0,76.0,8698.0,100.0,45174,63588.0,63588.0,1,0
167987,64.0,16.0,10669,9670.0,1303.0,1291.0,10.0,1.0,0,1,0,1,0.0,48.0,5513.0,94.0,6002.0,76.0,7552.0,99.0,15612,37350.0,54305.0,0,0
167996,84.0,12.0,8383,5556.0,777.0,768.0,0.0,0.0,1,1,0,0,0.0,20.0,5344.0,100.0,37717.0,72.0,9273.0,100.0,57490,77778.0,77778.0,0,1
168005,75.0,15.0,10308,8487.0,923.0,922.0,12.0,2.0,0,1,1,1,21.36,37.0,5809.0,98.0,28125.0,59.0,10907.0,98.0,47550,72930.0,72930.0,1,0
168148,95.0,10.0,34432,3957.0,1801.0,1801.0,40.0,19.0,0,1,0,1,16.87,11.0,5888.0,39.0,54110.0,21.0,9362.0,45.0,70704,92088.0,92088.0,1,0
168218,96.0,7.0,8714,1224.0,583.0,583.0,43.0,18.0,0,1,0,1,8.11,22.0,6046.0,54.0,61140.0,24.0,5240.0,63.0,67176,90250.0,90250.0,1,0
168227,84.0,17.0,5985,5459.0,1084.0,1084.0,28.0,3.0,0,1,1,1,12.35,28.0,5314.0,100.0,23341.0,65.0,10951.0,100.0,42884,65386.0,65386.0,1,0
168254,74.0,12.0,7567,6317.0,790.0,790.0,15.0,1.0,0,1,0,0,14.43,32.0,5569.0,97.0,30597.0,91.0,7920.0,100.0,47820,66521.0,66521.0,1,0
168263,74.0,17.0,6816,5549.0,841.0,832.0,0.0,0.0,0,1,1,0,15.76,39.0,5668.0,80.0,2640.0,54.0,7764.0,91.0,12179,30778.0,36858.0,0,0
168281,82.0,11.0,5835,3952.0,511.0,511.0,18.0,2.0,0,1,0,0,22.0,26.0,5480.0,99.0,46655.0,85.0,8066.0,100.0,63960,82160.0,82160.0,1,0
168342,97.0,6.0,15411,1272.0,547.0,547.0,35.0,17.0,0,1,0,0,20.12,17.0,6012.0,53.0,66894.0,8.0,10614.0,64.0,68560,89520.0,89520.0,1,0
168421,94.0,13.0,12559,7555.0,1366.0,1365.0,0.0,0.0,0,1,0,1,15.9,14.0,5529.0,100.0,30331.0,59.0,12372.0,100.0,60965,81751.0,81751.0,1,0
168430,78.0,16.0,5156,4537.0,756.0,751.0,7.0,0.0,0,1,1,0,0.0,42.0,5569.0,54.0,2463.0,61.0,7290.0,90.0,11786,29353.0,35433.0,0,0
168528,65.0,16.0,2486,1803.0,475.0,475.0,22.0,5.0,1,1,0,0,9.24,37.0,5262.0,99.0,24527.0,77.0,7942.0,99.0,41684,65094.0,65094.0,0,1
168546,71.0,11.0,6421,5182.0,356.0,356.0,0.0,0.0,0,1,0,0,22.3,52.0,6109.0,100.0,46538.0,62.0,6231.0,100.0,56950,71580.0,71580.0,1,0
168591,85.0,14.0,5208,2970.0,285.0,285.0,0.0,0.0,1,1,0,0,23.0,24.0,5920.0,100.0,38735.0,54.0,10368.0,100.0,49552,68884.0,68884.0,0,1
168740,83.0,10.0,1306,1069.0,247.0,237.0,47.0,41.0,1,1,0,0,0.0,28.0,6019.0,97.0,19154.0,30.0,6967.0,99.0,35056,54320.0,54320.0,0,1
168786,78.0,10.0,2193,1971.0,232.0,231.0,44.0,3.0,1,1,1,1,10.59,29.0,5890.0,100.0,27343.0,63.0,7589.0,100.0,40218,55262.0,55262.0,0,1
168847,66.0,9.0,1153,944.0,411.0,281.0,9.0,0.0,0,1,1,0,0.0,48.0,5170.0,75.0,4976.0,40.0,5515.0,93.0,13000,26900.0,26900.0,1,0
169080,87.0,13.0,5723,4058.0,870.0,869.0,39.0,9.0,1,1,0,1,11.82,19.0,5111.0,100.0,25561.0,39.0,7563.0,100.0,39350,55070.0,55070.0,0,1
169248,75.0,16.0,21969,19732.0,2222.0,2188.0,61.0,7.0,0,1,1,1,8.1,32.0,5540.0,93.0,8278.0,77.0,6760.0,96.0,14760,31424.0,31424.0,0,0
169327,66.0,18.0,382,258.0,74.0,69.0,0.0,0.0,0,0,1,0,0.0,29.0,5946.0,99.0,11187.0,56.0,6047.0,99.0,26102,46378.0,46378.0,1,0
169363,45.0,21.0,2556,1770.0,108.0,102.0,0.0,2.0,1,1,1,0,4.5,30.0,5400.0,100.0,16028.0,72.0,7853.0,100.0,35410,55810.0,55810.0,0,1
169442,82.0,10.0,1079,992.0,247.0,244.0,0.0,0.0,0,1,0,0,0.0,34.0,5519.0,98.0,25072.0,60.0,9596.0,98.0,53350,74147.0,74147.0,1,0
169479,82.0,18.0,4391,4296.0,581.0,478.0,0.0,0.0,0,1,0,0,12.0,39.0,5868.0,100.0,12334.0,59.0,11012.0,100.0,24466,41590.0,41590.0,1,0
169716,83.0,12.0,6514,4913.0,650.0,631.0,51.0,6.0,1,1,0,0,4.71,49.0,6072.0,100.0,17277.0,30.0,6523.0,100.0,32946,48504.0,48504.0,0,1
169798,69.0,14.0,21337,16992.0,1650.0,1621.0,68.0,5.0,0,1,1,1,0.0,47.0,6070.0,86.0,8144.0,49.0,6820.0,94.0,16240,34026.0,34026.0,0,0
169910,78.0,15.0,12460,11387.0,1677.0,1652.0,65.0,1.0,0,1,1,1,0.0,47.0,6345.0,95.0,5374.0,49.0,7014.0,99.0,14778,29622.0,29622.0,0,0
169983,94.0,11.0,2161,1700.0,263.0,263.0,33.0,5.0,0,1,0,0,0.0,21.0,5422.0,100.0,20957.0,60.0,11736.0,100.0,48470,64286.0,64286.0,1,0
170000,65.0,15.0,239,237.0,105.0,83.0,0.0,0.0,1,1,1,0,0.0,51.0,5167.0,86.0,5443.0,64.0,6863.0,96.0,18690,32640.0,32640.0,0,1
170037,78.0,15.0,2011,1564.0,291.0,255.0,0.0,0.0,1,1,1,0,9.0,33.0,4634.0,100.0,14656.0,57.0,7772.0,100.0,23000,38960.0,38960.0,0,1
170082,76.0,15.0,27059,22464.0,4175.0,4146.0,53.0,4.0,0,1,1,1,0.0,37.0,5600.0,87.0,5655.0,56.0,7130.0,94.0,15140,30048.0,36456.0,0,0
170286,97.0,8.0,3181,659.0,366.0,359.0,32.0,34.0,1,1,0,0,0.0,0.0,5759.0,99.0,24328.0,32.0,10160.0,99.0,33189,49989.0,49989.0,0,1
170301,88.0,9.0,5150,4081.0,821.0,821.0,28.0,9.0,0,1,0,1,0.0,16.0,5256.0,97.0,21718.0,46.0,8295.0,97.0,41970,58210.0,58210.0,1,0
170532,85.0,10.0,3553,2676.0,314.0,314.0,33.0,11.0,0,1,0,1,11.0,28.0,5705.0,99.0,43706.0,45.0,6893.0,100.0,61050,76959.0,76959.0,1,0
170675,78.0,11.0,3943,2204.0,392.0,390.0,0.0,0.0,0,1,1,0,7.01,27.0,5534.0,99.0,19384.0,57.0,9052.0,100.0,44760,63822.0,63822.0,1,0
170806,72.0,11.0,1535,973.0,245.0,241.0,23.0,2.0,1,1,1,0,7.5,38.0,5290.0,98.0,16764.0,64.0,6119.0,98.0,28440,45164.0,45164.0,0,1
170967,60.0,13.0,595,581.0,129.0,129.0,0.0,0.0,1,1,1,0,0.0,41.0,5559.0,100.0,13755.0,69.0,6989.0,100.0,29196,45430.0,45430.0,0,1
170976,97.0,11.0,98310,15373.0,7278.0,7252.0,51.0,18.0,0,1,1,0,12.0,20.0,6207.0,58.0,21722.0,24.0,9903.0,69.0,17736,36932.0,80142.0,0,0
171100,90.0,17.0,62138,52690.0,9652.0,9553.0,39.0,7.0,0,1,1,1,6.42,20.0,5825.0,86.0,6841.0,37.0,8981.0,92.0,16458,34240.0,61624.0,0,0
171128,89.0,13.0,11491,10621.0,1373.0,1370.0,71.0,20.0,0,1,0,1,6.5,22.0,5474.0,98.0,14782.0,50.0,8143.0,99.0,19123,36158.0,60023.0,0,0
171137,82.0,16.0,14105,7844.0,1114.0,1097.0,57.0,2.0,0,1,1,0,5.45,51.0,6768.0,99.0,6243.0,24.0,5621.0,99.0,15640,43500.0,49618.0,0,0
171146,78.0,14.0,11873,8366.0,555.0,520.0,66.0,3.0,0,1,0,0,0.0,48.0,6118.0,97.0,6018.0,40.0,6350.0,99.0,14704,31158.0,44774.0,0,0
171456,78.0,18.0,12204,10254.0,1567.0,1539.0,0.0,0.0,0,1,1,1,9.57,35.0,5740.0,88.0,5592.0,52.0,8022.0,96.0,14277,30449.0,35945.0,0,0
171492,79.0,14.0,1851,1194.0,341.0,315.0,0.0,0.0,0,1,1,0,0.0,25.0,5831.0,95.0,18329.0,56.0,9407.0,98.0,34400,51520.0,51520.0,1,0
171571,78.0,17.0,17593,15454.0,2268.0,2226.0,1.0,1.0,0,1,1,1,5.49,43.0,5909.0,92.0,7315.0,34.0,5612.0,96.0,15262,29494.0,37420.0,0,0
171599,61.0,17.0,1516,1262.0,257.0,257.0,0.0,0.0,1,1,1,0,13.67,57.0,5491.0,99.0,19484.0,81.0,9403.0,100.0,34068,50601.0,50601.0,0,1
171881,59.0,9.0,178,123.0,45.0,43.0,0.0,0.0,1,1,1,0,0.0,68.0,6026.0,100.0,8842.0,63.0,7855.0,100.0,27660,41680.0,41680.0,0,1
172033,100.0,7.0,2,2.0,2.0,2.0,100.0,100.0,1,0,1,0,0.0,100.0,5445.0,100.0,25142.0,0.0,7519.5,100.0,24120,43757.0,43757.0,0,1
172051,78.0,16.0,11816,8516.0,1366.0,1353.0,84.0,3.0,0,1,1,1,10.0,42.0,5409.0,98.0,7869.0,48.0,5820.0,99.0,12930,27690.0,45210.0,0,0
172264,70.0,14.0,1418,977.0,355.0,353.0,10.0,7.0,1,1,1,0,8.3,44.0,5974.0,100.0,20154.0,96.0,5802.0,100.0,30778,47664.0,47664.0,0,1
172334,77.0,12.0,2527,1302.0,215.0,215.0,4.0,0.0,1,1,1,0,0.0,23.0,5226.0,98.0,19922.0,60.0,6700.0,100.0,34014,48234.0,48234.0,0,1
172644,83.0,14.0,16981,13781.0,3085.0,2990.0,40.0,3.0,0,1,1,1,9.15,56.0,6423.0,96.0,5774.0,30.0,6295.0,99.0,15190,35116.0,51963.0,0,0
172699,81.0,16.0,21701,18359.0,2484.0,2437.0,0.0,0.0,0,1,0,1,7.6,30.0,5594.0,93.0,6958.0,52.0,8014.0,96.0,15252,31251.0,35033.0,0,0
173045,72.0,14.0,4118,3376.0,628.0,628.0,0.0,0.0,1,1,1,1,19.25,70.0,5913.0,100.0,27404.0,80.0,7158.0,100.0,45452,66676.0,66676.0,0,1
173124,73.0,18.0,3812,2134.0,516.0,499.0,1.0,43.0,0,1,0,0,6.0,34.0,5135.0,69.0,4012.0,56.0,8407.0,98.0,10237,24789.0,24789.0,0,0
173142,72.0,12.0,1319,514.0,175.0,175.0,6.0,53.0,1,1,0,0,0.0,30.0,5034.0,100.0,16104.0,58.0,8362.0,100.0,31360,43080.0,43080.0,0,1
173160,86.0,14.0,1754,1540.0,415.0,409.0,2.0,29.0,1,1,1,0,7.3,22.0,5023.0,99.0,23219.0,59.0,10790.0,100.0,44226,60866.0,60866.0,0,1
173258,96.0,8.0,7133,1456.0,507.0,507.0,34.0,25.0,0,1,0,1,12.58,21.0,6191.0,59.0,53139.0,41.0,5020.0,64.0,68892,89204.0,89204.0,1,0
173300,84.0,12.0,4763,2984.0,556.0,556.0,0.0,11.0,1,1,0,0,14.5,21.0,5116.0,100.0,17386.0,62.0,10874.0,100.0,31170,48500.0,48500.0,0,1
173328,67.0,16.0,3540,2792.0,464.0,450.0,0.0,0.0,1,1,1,0,10.2,55.0,5461.0,99.0,11404.0,53.0,7716.0,100.0,25600,45532.0,45532.0,0,1
173452,85.0,10.0,226,197.0,174.0,174.0,2.0,76.0,1,1,0,0,0.0,36.0,4807.0,100.0,7939.0,85.0,6137.0,100.0,18120,30092.0,30092.0,0,1
173647,88.0,12.0,5294,3229.0,490.0,490.0,0.0,42.0,1,1,0,1,0.0,21.0,5604.0,100.0,38004.0,55.0,9793.0,100.0,56076,69960.0,69960.0,0,1
173665,78.0,14.0,3475,3045.0,483.0,483.0,2.0,24.0,1,1,1,1,21.0,46.0,5499.0,100.0,29251.0,64.0,9601.0,100.0,50004,64344.0,64344.0,0,1
173902,92.0,10.0,8968,2558.0,560.0,560.0,29.0,23.0,1,1,0,0,29.0,13.0,5706.0,87.0,41439.0,33.0,6971.0,89.0,68104,86134.0,86134.0,0,1
173920,80.0,21.0,9098,8046.0,2364.0,2317.0,0.0,6.0,0,1,0,0,5.9,25.0,5200.0,64.0,2076.0,59.0,10196.0,93.0,9572,25448.0,34818.0,0,0
174020,68.0,15.0,698,689.0,233.0,148.0,0.0,6.0,0,1,1,1,7.0,75.0,5872.0,4.0,1165.0,15.0,4629.0,86.0,9840,43500.0,49618.0,0,0
174066,91.0,17.0,41496,33091.0,7391.0,7343.0,8.0,33.0,0,1,1,1,9.0,24.0,5959.0,63.0,7062.0,39.0,10893.0,81.0,17214,34420.0,55568.0,0,0
174075,80.0,18.0,1565,1375.0,242.0,222.0,0.0,0.0,0,1,0,1,9.4,33.0,5114.0,92.0,7734.0,48.0,8168.0,94.0,13288,27636.0,27636.0,0,0
174127,75.0,12.0,854,414.0,161.0,161.0,4.0,21.0,0,1,0,0,24.25,43.0,5589.0,100.0,24153.0,75.0,8196.0,100.0,45484,64644.0,64644.0,1,0
174154,70.0,15.0,96,90.0,62.0,51.0,0.0,0.0,0,0,1,0,0.0,67.0,6361.0,67.0,2353.0,78.0,8922.0,99.0,13450,43500.0,49618.0,1,0
174233,81.0,16.0,8999,7987.0,1799.0,1786.0,1.0,40.0,0,1,1,0,11.0,22.0,5557.0,94.0,3561.0,59.0,9490.0,98.0,14610,28920.0,34440.0,0,0
174251,74.0,9.0,2956,2215.0,222.0,220.0,1.0,28.0,0,1,0,1,25.8,36.0,6264.0,94.0,10874.0,42.0,7579.0,99.0,14526,28878.0,31062.0,0,0
174358,75.0,17.0,3751,2204.0,602.0,594.0,0.0,51.0,0,1,0,1,0.0,30.0,5499.0,84.0,2942.0,62.0,9047.0,94.0,10428,26316.0,26316.0,0,0
174437,82.0,14.0,492,487.0,144.0,134.0,0.0,0.0,1,1,0,0,9.34,46.0,6203.0,96.0,13124.0,61.0,7920.0,100.0,32220,46710.0,46710.0,0,1
174491,83.0,16.0,1301,1216.0,376.0,363.0,4.0,35.0,1,1,0,1,4.9,33.0,4392.0,99.0,17987.0,61.0,9639.0,100.0,37920,53224.0,53224.0,0,1
174747,86.0,11.0,1840,1684.0,363.0,363.0,4.0,43.0,1,1,0,1,21.8,23.0,5820.0,100.0,35829.0,63.0,11017.0,100.0,55756,71206.0,71206.0,0,1
174783,71.0,18.0,5976,5665.0,938.0,892.0,1.0,22.0,0,1,1,0,0.0,34.0,5441.0,78.0,2897.0,40.0,8383.0,87.0,10245,24841.0,24841.0,0,0
174792,86.0,12.0,1685,1527.0,335.0,335.0,4.0,49.0,1,1,0,1,12.7,19.0,5873.0,100.0,36440.0,59.0,10449.0,100.0,55816,71146.0,71146.0,0,1
174817,75.0,18.0,1441,1337.0,252.0,251.0,0.0,0.0,1,1,1,1,5.95,31.0,5678.0,100.0,31615.0,55.0,10393.0,100.0,45080,59804.0,59804.0,0,1
174844,92.0,11.0,6623,3200.0,859.0,859.0,11.0,29.0,1,1,0,1,19.88,21.0,5801.0,100.0,42375.0,44.0,6950.0,100.0,59760,75290.0,75290.0,0,1
174862,70.0,15.0,2261,515.0,196.0,177.0,0.0,0.0,1,1,0,0,0.0,42.0,5198.0,98.0,14488.0,77.0,9155.0,98.0,31410,48538.0,48538.0,0,1
174899,82.0,12.0,2387,2219.0,375.0,374.0,1.0,25.0,1,1,1,0,15.09,27.0,5700.0,91.0,23814.0,59.0,9536.0,100.0,41778,57674.0,57674.0,0,1
174914,88.0,14.0,9774,8343.0,1737.0,1737.0,3.0,27.0,1,1,0,0,16.41,29.0,5507.0,95.0,31582.0,47.0,10897.0,98.0,54398,72963.0,72963.0,0,1
175005,80.0,9.0,2441,2242.0,421.0,393.0,1.0,24.0,1,1,1,1,16.0,48.0,5917.0,100.0,32504.0,55.0,7730.0,100.0,51454,67062.0,67062.0,0,1
175078,74.0,16.0,2811,1748.0,388.0,363.0,0.0,40.0,0,1,1,0,0.0,43.0,5392.0,92.0,4059.0,58.0,7293.0,97.0,10361,26241.0,26241.0,0,0
175227,76.0,12.0,533,527.0,356.0,308.0,0.0,4.0,0,1,1,0,7.11,35.0,4960.0,49.0,7380.0,57.0,10476.0,90.0,27836,48794.0,48794.0,1,0
175272,79.0,14.0,6642,5014.0,1213.0,1190.0,0.0,0.0,0,1,0,0,11.0,26.0,4945.0,92.0,2642.0,59.0,9432.0,98.0,10576,23730.0,30462.0,0,0
175342,77.0,16.0,6532,2961.0,610.0,549.0,8.0,92.0,0,1,0,0,0.0,85.0,6418.0,55.0,7181.0,78.0,6695.0,100.0,8785,24243.0,24243.0,0,0
175421,68.0,12.0,2637,1312.0,243.0,241.0,8.0,75.0,1,1,1,0,4.0,38.0,6105.0,75.0,19885.0,55.0,6399.0,76.0,30250,42550.0,42550.0,0,1
175430,68.0,13.0,181,161.0,91.0,91.0,4.0,92.0,1,0,0,0,0.0,57.0,2968.0,100.0,6423.0,53.0,4259.0,100.0,20180,35500.0,35500.0,0,1
175616,67.0,12.0,1231,1231.0,217.0,210.0,8.0,85.0,0,0,1,1,0.0,44.0,6701.0,78.0,5376.0,58.0,7795.0,97.0,8605,22836.0,22836.0,0,0
175856,62.0,14.0,15487,14426.0,955.0,918.0,10.0,29.0,0,1,1,0,0.0,80.0,6791.0,22.0,7557.0,84.0,9556.0,96.0,8965,43352.0,46352.0,0,0
175980,58.0,9.0,2340,1009.0,179.0,179.0,5.0,66.0,1,1,1,1,0.0,41.0,5116.0,86.0,28991.0,61.0,7733.0,86.0,44680,61332.0,61332.0,0,1
176017,87.0,18.0,33363,32223.0,5972.0,5915.0,23.0,60.0,0,1,1,1,8.32,20.0,5930.0,68.0,10869.0,37.0,11439.0,83.0,9772,30272.0,49100.0,0,0
176035,67.0,10.0,557,503.0,174.0,173.0,2.0,98.0,0,1,1,1,0.0,69.0,6569.0,82.0,4492.0,57.0,6511.0,99.0,8492,23464.0,23464.0,0,0
176044,70.0,13.0,1141,1054.0,340.0,243.0,0.0,65.0,0,0,1,0,0.0,83.0,7024.0,96.0,4366.0,71.0,5729.0,100.0,7692,22448.0,22448.0,0,0
176053,78.0,14.0,2212,644.0,586.0,585.0,0.0,85.0,1,1,1,0,7.0,37.0,2939.0,100.0,10518.0,43.0,3856.0,100.0,23500,47357.0,47357.0,0,1
176080,83.0,16.0,23346,18125.0,3596.0,3582.0,6.0,85.0,0,1,1,0,8.7,30.0,5861.0,91.0,11518.0,46.0,7975.0,97.0,10202,30713.0,48148.0,0,0
176318,84.0,10.0,3807,1853.0,119.0,110.0,0.0,0.0,1,1,1,0,0.0,67.0,6565.0,65.0,6414.0,66.0,5846.0,95.0,13265,23632.0,23632.0,0,1
176336,65.0,7.0,35,35.0,21.0,21.0,5.0,95.0,1,0,1,0,0.0,75.0,3470.0,100.0,1323.0,38.0,7639.0,100.0,7425,14925.0,14925.0,0,1
176372,72.0,18.0,7048,6986.0,1745.0,1692.0,0.0,99.0,0,1,1,0,0.0,52.0,5903.0,67.0,8334.0,52.0,6717.0,97.0,9998,27860.0,29860.0,0,0
176406,83.0,9.0,2334,1397.0,143.0,143.0,0.0,0.0,1,1,0,0,0.0,76.0,3423.0,48.0,5072.0,49.0,3381.0,94.0,12407,27313.0,27313.0,0,1
176479,78.0,14.0,841,507.0,245.0,241.0,7.0,93.0,1,1,0,0,0.0,47.0,5896.0,96.0,11360.0,24.0,5136.0,100.0,15480,31629.0,31629.0,0,1
176628,71.0,19.0,3975,3490.0,253.0,246.0,4.0,57.0,1,1,1,1,0.0,68.0,6140.0,99.0,27814.0,49.0,7828.0,100.0,42000,56005.0,56005.0,0,1
176770,0.0,8.0,1,1.0,1.0,1.0,0.0,100.0,0,0,1,0,0.0,0.0,5759.0,0.0,12088.0,0.0,7519.5,0.0,14822,43500.0,49618.0,1,0
176789,55.0,7.0,46,33.0,27.0,25.0,19.0,67.0,1,0,1,0,4.49,38.0,5447.0,79.0,2692.0,29.0,8246.0,88.0,14094,24547.0,24547.0,0,1
176947,62.0,12.0,1542,877.0,308.0,308.0,2.0,41.0,1,1,0,0,8.35,45.0,5322.0,100.0,17080.0,59.0,8052.0,100.0,28260,46690.0,46690.0,0,1
176965,74.0,18.0,5647,3603.0,1031.0,1010.0,0.0,69.0,0,1,1,0,0.0,41.0,5538.0,93.0,4203.0,49.0,7980.0,97.0,10050,24731.0,33281.0,0,0
177038,50.0,6.0,13,9.0,7.0,7.0,0.0,0.0,0,0,0,0,6.7,0.0,5759.0,100.0,5000.0,100.0,5444.0,100.0,14400,43500.0,49618.0,1,0
177083,75.0,4.0,22,7.0,7.0,7.0,29.0,100.0,1,0,0,0,0.0,38.0,6978.0,100.0,6352.0,0.0,7519.5,100.0,26206,44296.0,44296.0,0,1
177117,67.0,6.0,636,440.0,95.0,95.0,0.0,0.0,0,1,0,0,0.0,55.0,5682.0,100.0,20701.0,54.0,7314.0,100.0,27562,41697.0,41697.0,1,0
177144,67.0,15.0,1880,1863.0,192.0,192.0,2.0,2.0,1,1,0,0,8.48,48.0,5933.0,100.0,18470.0,86.0,8316.0,100.0,30875,46430.0,46430.0,0,1
177214,79.0,14.0,2690,1549.0,337.0,337.0,7.0,58.0,1,1,1,0,12.0,23.0,5258.0,100.0,24106.0,51.0,7942.0,100.0,36745,54081.0,54081.0,0,1
177339,76.0,15.0,1194,855.0,333.0,333.0,2.0,31.0,1,1,1,0,0.0,37.0,5558.0,100.0,17635.0,92.0,7548.0,100.0,28548,42190.0,42190.0,0,1
177542,78.0,8.0,285,207.0,97.0,97.0,0.0,38.0,1,0,1,0,0.0,33.0,6357.0,63.0,14934.0,45.0,9229.0,67.0,26880,41380.0,41380.0,0,1
177746,78.0,10.0,1125,616.0,216.0,216.0,0.0,0.0,0,1,1,0,10.6,56.0,5534.0,100.0,25700.0,80.0,8313.0,100.0,44550,64875.0,64875.0,1,0
177968,66.0,14.0,7966,4528.0,638.0,621.0,0.0,6.0,0,1,1,1,4.91,31.0,6083.0,98.0,12189.0,53.0,7717.0,100.0,21600,37702.0,37702.0,1,0
177986,50.0,9.0,14,9.0,7.0,5.0,0.0,0.0,0,0,0,0,0.0,44.0,8137.0,44.0,3563.0,67.0,7000.0,89.0,9000,43500.0,49618.0,1,0
178059,85.0,13.0,4410,4193.0,956.0,829.0,0.0,0.0,0,1,1,1,11.0,30.0,5765.0,96.0,16450.0,47.0,7915.0,99.0,27166,45330.0,45330.0,1,0
178208,81.0,17.0,139,134.0,95.0,85.0,0.0,0.0,1,0,1,0,0.0,46.0,4727.0,57.0,2427.0,46.0,5191.0,72.0,10120,25247.0,25247.0,0,1
178244,65.0,15.0,1118,767.0,314.0,296.0,1.0,4.0,1,1,1,0,3.14,39.0,4976.0,98.0,19183.0,67.0,7403.0,100.0,34612,54317.0,54317.0,0,1
178341,63.0,15.0,3194,3099.0,634.0,584.0,4.0,71.0,0,1,1,0,4.6,42.0,5514.0,70.0,5187.0,45.0,5284.0,95.0,8960,22972.0,31092.0,0,0
178369,53.0,18.0,2489,1722.0,502.0,499.0,2.0,6.0,1,1,0,0,4.53,46.0,5446.0,100.0,15866.0,60.0,5836.0,100.0,23700,39400.0,39400.0,0,1
178396,93.0,17.0,24490,19218.0,5953.0,5917.0,10.0,66.0,0,1,1,1,9.0,20.0,5480.0,94.0,10956.0,45.0,9014.0,97.0,14837,33045.0,54264.0,0,0
178402,75.0,13.0,6186,4465.0,1343.0,1302.0,3.0,54.0,0,1,1,1,3.14,45.0,6064.0,91.0,6908.0,37.0,6949.0,98.0,12587,34017.0,51657.0,0,0
178411,87.0,17.0,8352,6059.0,1269.0,1255.0,13.0,78.0,0,1,1,1,11.03,24.0,5680.0,98.0,11624.0,45.0,8142.0,99.0,14984,30676.0,48940.0,0,0
178420,74.0,13.0,6193,3881.0,490.0,454.0,5.0,26.0,0,1,1,1,3.2,51.0,6622.0,99.0,12376.0,46.0,6324.0,100.0,14112,35802.0,56802.0,0,0
178615,85.0,12.0,2883,2415.0,626.0,622.0,5.0,43.0,0,1,0,1,3.94,24.0,5390.0,100.0,9452.0,40.0,6518.0,100.0,9838,26896.0,35624.0,0,0
178624,74.0,16.0,5185,4464.0,990.0,975.0,2.0,66.0,0,1,0,0,0.0,38.0,5293.0,91.0,6108.0,58.0,6619.0,98.0,10611,25869.0,32582.0,0,0
178679,83.0,17.0,266,249.0,148.0,143.0,0.0,0.0,1,0,0,0,5.41,36.0,5090.0,100.0,5829.0,46.0,6084.0,100.0,16000,29052.0,29052.0,0,1
178697,90.0,14.0,2919,350.0,284.0,284.0,10.0,90.0,1,1,0,0,3.6,46.0,5083.0,100.0,18240.0,0.0,7519.5,100.0,22320,35210.0,35210.0,0,1
179043,79.0,12.0,2197,1529.0,293.0,288.0,0.0,49.0,1,1,1,1,7.4,31.0,5546.0,100.0,31878.0,53.0,7924.0,100.0,44966,64809.0,64809.0,0,1
179159,88.0,9.0,15533,11656.0,1615.0,1613.0,10.0,36.0,1,1,1,0,10.2,25.0,5558.0,100.0,42174.0,46.0,7316.0,100.0,55760,77110.0,77110.0,0,1
179265,69.0,9.0,1398,1256.0,165.0,165.0,21.0,18.0,0,1,0,1,0.0,32.0,5282.0,100.0,18547.0,96.0,8272.0,100.0,32550,56412.0,56412.0,1,0
179326,65.0,10.0,1275,872.0,299.0,296.0,3.0,53.0,1,1,0,0,0.0,44.0,4684.0,93.0,16484.0,61.0,7586.0,99.0,30566,43895.0,43895.0,0,1
179548,78.0,8.0,1058,817.0,119.0,119.0,0.0,0.0,0,1,0,0,17.7,36.0,6928.0,100.0,20059.0,64.0,10475.0,100.0,28300,47690.0,47690.0,1,0
179557,76.0,20.0,10461,7691.0,1380.0,1344.0,1.0,5.0,0,1,0,0,0.0,44.0,5722.0,85.0,4907.0,43.0,6623.0,96.0,9903,28613.0,28613.0,0,0
179566,77.0,21.0,11584,10487.0,2689.0,2549.0,4.0,74.0,0,1,1,1,4.11,36.0,5774.0,79.0,5911.0,48.0,7573.0,95.0,9502,25632.0,34900.0,0,0
179867,95.0,7.0,32754,3951.0,1847.0,1843.0,29.0,28.0,0,1,1,1,12.83,21.0,5916.0,47.0,63036.0,7.0,10843.0,56.0,65790,92523.0,92523.0,1,0
179894,69.0,16.0,5206,4489.0,612.0,581.0,3.0,22.0,0,1,1,1,16.99,32.0,5549.0,99.0,18679.0,50.0,7894.0,100.0,31750,53626.0,53626.0,1,0
179946,71.0,9.0,2654,2102.0,213.0,213.0,5.0,42.0,1,1,0,0,10.23,40.0,5292.0,97.0,24635.0,98.0,6598.0,100.0,35214,53798.0,53798.0,0,1
179955,74.0,10.0,1929,740.0,244.0,244.0,5.0,54.0,0,1,0,0,5.1,36.0,5991.0,100.0,11705.0,89.0,7123.0,100.0,20610,36880.0,36880.0,1,0
179964,58.0,16.0,1567,1112.0,262.0,260.0,0.0,0.0,1,1,1,0,16.59,39.0,5577.0,98.0,19233.0,65.0,9683.0,100.0,30340,52822.0,52822.0,0,1
180106,82.0,12.0,1854,1315.0,284.0,284.0,21.0,43.0,1,1,0,1,15.55,23.0,5774.0,100.0,28737.0,54.0,8939.0,100.0,41484,57204.0,57204.0,0,1
180258,72.0,9.0,352,177.0,89.0,86.0,5.0,17.0,1,0,0,1,0.0,36.0,5967.0,100.0,24046.0,54.0,8719.0,100.0,30448,46732.0,46732.0,0,1
180416,77.0,14.0,1811,1649.0,352.0,347.0,13.0,82.0,0,1,0,1,7.8,27.0,5220.0,70.0,4596.0,44.0,6464.0,96.0,8340,26382.0,44192.0,0,0
180461,79.0,18.0,21652,17786.0,3612.0,3311.0,21.0,38.0,0,1,0,1,5.44,17.0,5640.0,80.0,10909.0,39.0,9970.0,90.0,8460,27936.0,52763.0,0,0
180489,75.0,17.0,9576,9180.0,1771.0,1651.0,0.0,1.0,0,1,0,0,13.88,33.0,5446.0,75.0,7862.0,49.0,7669.0,91.0,8552,28838.0,53957.0,0,0
180595,69.0,14.0,1405,978.0,280.0,280.0,6.0,44.0,1,1,0,1,12.0,32.0,5339.0,100.0,23630.0,60.0,8941.0,100.0,35582,51204.0,51204.0,0,1
180692,79.0,16.0,1371,1368.0,226.0,223.0,0.0,0.0,0,1,0,1,7.0,40.0,4801.0,44.0,3386.0,50.0,9236.0,88.0,6670,23432.0,36892.0,0,0
180832,61.0,10.0,55,43.0,43.0,21.0,0.0,0.0,1,0,0,0,0.0,30.0,3600.0,65.0,5899.0,91.0,6929.0,100.0,16104,39114.0,39114.0,0,1
180878,71.0,9.0,190,128.0,86.0,60.0,0.0,0.0,0,1,0,0,6.25,38.0,5055.0,67.0,5791.0,67.0,14115.0,96.0,20640,43500.0,49618.0,1,0
180984,80.0,14.0,1583,1357.0,341.0,339.0,1.0,1.0,1,1,1,0,6.96,30.0,5532.0,100.0,26584.0,70.0,7522.0,100.0,40640,55425.0,55425.0,0,1
181002,94.0,11.0,7907,6306.0,1126.0,1126.0,10.0,41.0,1,1,1,1,18.68,13.0,4416.0,100.0,30034.0,46.0,9841.0,100.0,48856,66508.0,66508.0,0,1
181020,79.0,11.0,1254,1229.0,252.0,251.0,0.0,0.0,0,1,1,1,0.0,33.0,5650.0,98.0,29005.0,93.0,8014.0,100.0,43985,61919.0,61919.0,1,0
181127,66.0,14.0,2102,1506.0,267.0,267.0,0.0,4.0,1,1,0,0,26.0,29.0,4509.0,100.0,25401.0,68.0,8069.0,100.0,37770,55160.0,55160.0,0,1
181215,80.0,14.0,5283,4728.0,875.0,868.0,2.0,82.0,0,1,0,1,7.75,38.0,5201.0,85.0,6757.0,40.0,6406.0,96.0,8676,27358.0,33966.0,0,0
181297,86.0,13.0,173,127.0,66.0,63.0,0.0,0.0,1,0,0,0,12.7,27.0,4859.0,94.0,8616.0,65.0,7273.0,100.0,17885,35667.0,35667.0,0,1
181330,69.0,14.0,1402,927.0,291.0,291.0,11.0,44.0,1,1,1,0,0.0,33.0,5320.0,99.0,27195.0,88.0,7717.0,100.0,42050,58750.0,58750.0,0,1
181394,78.0,15.0,9246,8042.0,2116.0,2067.0,0.0,69.0,0,1,1,0,5.78,44.0,5923.0,65.0,3843.0,28.0,5894.0,94.0,8718,26106.0,40594.0,0,0
181446,75.0,12.0,2725,2175.0,352.0,352.0,2.0,23.0,1,1,1,1,0.0,42.0,5005.0,100.0,29947.0,52.0,7436.0,100.0,43572,59987.0,59987.0,0,1
181464,86.0,17.0,17841,15609.0,4650.0,4629.0,7.0,82.0,0,1,0,1,5.34,25.0,5391.0,92.0,8732.0,40.0,7225.0,96.0,10434,28654.0,46804.0,0,0
181543,100.0,3.0,12,5.0,4.0,4.0,25.0,75.0,1,1,1,0,0.0,0.0,5759.0,100.0,2760.0,0.0,7519.5,100.0,8278,29463.0,29463.0,0,1
181604,80.0,8.0,533,238.0,84.0,84.0,9.0,79.0,1,1,1,0,13.28,33.0,5502.0,100.0,16159.0,56.0,5653.0,100.0,24510,39042.0,39042.0,0,1
181738,84.0,8.0,766,766.0,94.0,93.0,0.0,0.0,1,1,0,0,16.0,37.0,5546.0,100.0,14410.0,81.0,6553.0,100.0,29334,44674.0,44674.0,0,1
181853,69.0,11.0,613,318.0,135.0,133.0,39.0,59.0,1,1,0,0,0.0,43.0,3320.0,100.0,10685.0,65.0,4719.0,100.0,23000,36900.0,36900.0,0,1
182281,79.0,19.0,12730,12242.0,4430.0,4280.0,9.0,65.0,0,1,1,0,4.81,50.0,5942.0,69.0,3598.0,27.0,6345.0,94.0,9748,27988.0,45651.0,0,0
182290,80.0,17.0,17679,13032.0,3447.0,3276.0,14.0,59.0,0,1,1,1,14.39,31.0,5669.0,84.0,3096.0,33.0,6890.0,95.0,9578,28214.0,46356.0,0,0
182634,77.0,10.0,2129,1705.0,221.0,221.0,0.0,0.0,0,1,0,1,22.0,23.0,5088.0,100.0,9519.0,78.0,10064.0,100.0,19125,39939.0,39939.0,1,0
182670,98.0,7.0,31656,1710.0,1182.0,1182.0,51.0,22.0,0,1,0,1,15.8,14.0,5852.0,47.0,65392.0,42.0,6587.0,60.0,68268,91312.0,91312.0,1,0
182795,74.0,13.0,2373,2218.0,292.0,292.0,9.0,1.0,0,1,0,0,10.0,33.0,5557.0,100.0,35635.0,78.0,8648.0,100.0,46442,65020.0,65020.0,1,0
182980,61.0,8.0,3251,2995.0,264.0,264.0,0.0,0.0,0,1,1,1,13.59,38.0,5723.0,97.0,29572.0,75.0,10101.0,100.0,41938,62464.0,62464.0,1,0
183026,61.0,24.0,44306,44089.0,16760.0,3580.0,0.0,0.0,0,1,1,0,0.0,60.0,3954.0,19.0,4126.0,64.0,6018.0,79.0,17200,41388.0,41388.0,1,0
183044,87.0,17.0,21175,18667.0,2605.0,2601.0,23.0,2.0,0,1,1,1,17.5,19.0,5032.0,96.0,12991.0,59.0,10906.0,97.0,19202,38440.0,59090.0,0,0
183062,79.0,17.0,5314,4800.0,696.0,694.0,0.0,0.0,0,1,1,0,20.0,28.0,5189.0,100.0,9735.0,67.0,9214.0,100.0,14784,31050.0,43106.0,0,0
183071,85.0,8.0,481,389.0,66.0,66.0,18.0,0.0,0,1,1,0,10.2,24.0,5183.0,85.0,8187.0,29.0,4264.0,91.0,15838,43500.0,49618.0,0,0
183080,68.0,15.0,6878,6021.0,826.0,826.0,0.0,0.0,0,1,1,1,18.91,31.0,5898.0,100.0,8634.0,71.0,9553.0,100.0,14626,32070.0,43010.0,0,0
183211,76.0,14.0,1769,1461.0,223.0,223.0,3.0,0.0,1,1,0,0,0.0,30.0,5310.0,98.0,21718.0,75.0,9744.0,98.0,39488,58974.0,58974.0,0,1
183239,88.0,12.0,4423,3452.0,569.0,569.0,19.0,1.0,1,1,0,1,14.0,14.0,5302.0,100.0,30731.0,71.0,10384.0,100.0,48920,70432.0,70432.0,0,1
183822,59.0,12.0,1596,1113.0,175.0,168.0,2.0,1.0,0,1,1,1,0.0,77.0,5949.0,46.0,3909.0,92.0,3692.0,97.0,15912,37452.0,47562.0,0,0
183910,77.0,12.0,9364,6680.0,568.0,568.0,24.0,0.0,1,1,1,1,11.05,55.0,5621.0,100.0,23890.0,66.0,3460.0,100.0,40848,59536.0,59536.0,0,1
183974,78.0,12.0,1749,1453.0,213.0,194.0,0.0,0.0,1,1,1,0,12.0,39.0,7272.0,99.0,21721.0,73.0,6790.0,100.0,37732,55244.0,55244.0,0,1
184348,88.0,11.0,5024,3408.0,366.0,366.0,23.0,2.0,1,1,0,1,17.0,39.0,5851.0,97.0,30470.0,53.0,5218.0,97.0,47100,70235.0,70235.0,0,1
184603,77.0,14.0,5826,5285.0,623.0,586.0,1.0,0.0,0,1,1,0,8.46,61.0,6506.0,98.0,23123.0,50.0,8022.0,99.0,38004,61326.0,61326.0,1,0
184694,78.0,11.0,5652,5380.0,565.0,562.0,1.0,0.0,0,1,1,0,28.13,44.0,6363.0,100.0,20660.0,59.0,10250.0,100.0,38004,61326.0,61326.0,1,0
184773,76.0,11.0,2354,1856.0,223.0,215.0,2.0,0.0,1,1,1,1,4.95,50.0,6867.0,91.0,22805.0,83.0,11431.0,100.0,37260,56950.0,56950.0,0,1
184782,82.0,17.0,19593,15216.0,3506.0,3489.0,27.0,2.0,0,1,0,1,19.0,37.0,5928.0,88.0,7399.0,52.0,9347.0,97.0,16574,40459.0,50817.0,0,0
185129,65.0,13.0,5679,5587.0,549.0,544.0,0.0,0.0,0,1,1,0,0.0,63.0,5987.0,35.0,4879.0,26.0,6409.0,85.0,14460,35350.0,35350.0,0,0
185262,76.0,17.0,13936,10578.0,1975.0,1930.0,1.0,0.0,0,1,1,1,4.95,63.0,6537.0,64.0,7048.0,48.0,6085.0,97.0,14299,37087.0,45234.0,0,0
185572,80.0,12.0,9321,8298.0,828.0,827.0,18.0,2.0,0,1,1,1,13.0,31.0,6104.0,99.0,24403.0,64.0,12571.0,100.0,46552,69810.0,69810.0,1,0
185590,78.0,18.0,26257,23076.0,4192.0,4176.0,9.0,0.0,0,1,1,1,0.0,56.0,6116.0,59.0,3896.0,45.0,7803.0,92.0,15912,37452.0,47562.0,0,0
185828,90.0,17.0,15607,10156.0,1746.0,1744.0,45.0,4.0,0,1,1,1,0.0,44.0,6393.0,73.0,12252.0,31.0,8314.0,95.0,19974,45024.0,62714.0,0,0
186131,98.0,5.0,40468,1868.0,1410.0,1410.0,56.0,21.0,0,1,0,1,15.54,22.0,6357.0,66.0,66054.0,5.0,9046.0,68.0,62688,87888.0,87888.0,1,0
186186,75.0,10.0,103,98.0,95.0,95.0,0.0,0.0,0,0,0,0,0.0,49.0,6762.0,91.0,6336.0,0.0,7519.5,94.0,10650,19686.0,19686.0,1,0
186201,84.0,17.0,8976,6341.0,1126.0,1124.0,25.0,2.0,0,1,1,1,11.8,33.0,6227.0,64.0,6546.0,46.0,9860.0,85.0,16777,36847.0,47778.0,0,0
186283,78.0,14.0,10071,7920.0,720.0,719.0,12.0,2.0,0,1,1,0,12.89,38.0,5751.0,100.0,23119.0,64.0,9895.0,100.0,41120,61150.0,61150.0,1,0
186371,80.0,12.0,32840,21768.0,531.0,524.0,23.0,3.0,0,1,1,1,10.0,55.0,5760.0,88.0,9470.0,43.0,9115.0,95.0,17764,38016.0,57528.0,0,0
186380,93.0,16.0,68614,39899.0,8191.0,8187.0,50.0,5.0,0,1,1,1,7.0,27.0,6134.0,42.0,10488.0,40.0,13472.0,69.0,17929,39519.0,59031.0,0,0
186399,84.0,14.0,36793,26254.0,1857.0,1846.0,0.0,0.0,0,1,1,1,8.0,54.0,6417.0,47.0,8231.0,25.0,11181.0,82.0,17250,39200.0,58712.0,0,0
186432,72.0,12.0,5217,4711.0,535.0,533.0,0.0,0.0,1,1,0,0,0.0,66.0,5655.0,100.0,25510.0,30.0,6842.0,100.0,42552,62702.0,62702.0,0,1
186584,81.0,14.0,24776,18152.0,1601.0,1600.0,25.0,5.0,1,1,1,0,12.0,38.0,6340.0,100.0,28399.0,59.0,11738.0,100.0,53170,75140.0,75140.0,0,1
186618,65.0,8.0,2216,1574.0,119.0,118.0,0.0,0.0,1,1,1,0,9.0,65.0,6802.0,89.0,18394.0,76.0,6801.0,96.0,36741,56093.0,56093.0,0,1
186867,94.0,11.0,10673,5078.0,1055.0,1054.0,36.0,6.0,0,1,0,0,8.43,20.0,6298.0,98.0,30638.0,54.0,12571.0,99.0,63462,84836.0,84836.0,1,0
186876,79.0,17.0,10520,9357.0,1453.0,1451.0,25.0,1.0,0,1,1,0,8.47,47.0,5964.0,84.0,8224.0,51.0,8525.0,96.0,16266,40231.0,48489.0,0,0
186900,90.0,18.0,23,10.0,10.0,10.0,0.0,0.0,0,0,0,0,0.0,30.0,7145.0,50.0,11960.0,0.0,7519.5,80.0,15800,23136.0,23136.0,1,0
187134,91.0,14.0,12766,7952.0,1563.0,1560.0,39.0,3.0,0,1,1,1,0.0,21.0,5937.0,53.0,9175.0,52.0,11855.0,81.0,19632,40158.0,46278.0,0,0
187444,74.0,18.0,9165,8256.0,1037.0,1030.0,0.0,0.0,0,1,1,1,0.0,63.0,5969.0,66.0,7443.0,52.0,6287.0,93.0,15704,36710.0,46350.0,0,0
187648,62.0,18.0,1727,1583.0,585.0,568.0,51.0,14.0,0,1,0,0,0.0,55.0,5589.0,74.0,4071.0,21.0,4980.0,99.0,7194,21372.0,23352.0,0,0
187745,70.0,9.0,79,77.0,55.0,49.0,0.0,0.0,0,1,0,0,0.0,57.0,6608.0,93.0,3422.0,2.0,11532.0,100.0,5920,25748.0,25748.0,0,0
187967,77.0,9.0,1544,687.0,186.0,185.0,84.0,14.0,0,1,0,0,0.0,34.0,5884.0,97.0,4305.0,35.0,4366.0,99.0,9476,26354.0,44125.0,0,0
187985,76.0,15.0,12269,11678.0,3642.0,3540.0,48.0,8.0,0,1,1,1,6.1,43.0,5871.0,76.0,4027.0,17.0,6112.0,100.0,10140,28930.0,51850.0,0,0
188030,73.0,16.0,13095,11650.0,2404.0,2338.0,68.0,18.0,0,1,0,0,5.3,46.0,5968.0,70.0,7305.0,23.0,4402.0,96.0,8183,26251.0,43375.0,0,0
188429,83.0,12.0,19705,12987.0,1343.0,1336.0,14.0,2.0,0,1,1,0,9.0,35.0,5886.0,95.0,28119.0,63.0,5356.0,96.0,49110,73654.0,73654.0,1,0
188526,86.0,10.0,2826,1489.0,99.0,99.0,35.0,6.0,0,1,0,0,6.03,39.0,5893.0,100.0,20662.0,100.0,10934.0,100.0,41475,57335.0,57335.0,1,0
188641,78.0,9.0,4988,3683.0,365.0,365.0,26.0,45.0,0,1,1,1,21.0,42.0,5615.0,100.0,26525.0,62.0,9072.0,100.0,41500,61080.0,61080.0,1,0
188854,83.0,5.0,6728,1647.0,451.0,429.0,0.0,0.0,0,0,0,0,11.4,39.0,6056.0,100.0,14335.0,68.0,10752.0,100.0,46928,70728.0,70728.0,1,0
188942,85.0,17.0,107,90.0,90.0,90.0,0.0,0.0,0,0,0,0,0.0,76.0,7104.0,22.0,1784.0,0.0,7519.5,89.0,11200,43500.0,49618.0,1,0
189088,85.0,9.0,7583,3952.0,505.0,505.0,13.0,9.0,0,1,0,1,31.6,19.0,5355.0,74.0,53573.0,47.0,7046.0,80.0,66436,88238.0,88238.0,1,0
189097,97.0,10.0,11836,1046.0,718.0,710.0,35.0,15.0,0,1,0,1,28.0,15.0,6378.0,32.0,57846.0,21.0,4916.0,33.0,69888,94582.0,94582.0,1,0
189273,93.0,13.0,39,35.0,35.0,35.0,0.0,0.0,0,0,0,0,0.0,74.0,7120.0,78.0,3369.0,0.0,7519.5,85.0,12000,22654.0,22654.0,1,0
189705,73.0,11.0,4175,3021.0,397.0,397.0,0.0,0.0,1,1,1,1,10.5,41.0,5632.0,100.0,20376.0,60.0,6994.0,100.0,34500,50830.0,50830.0,0,1
189857,79.0,31.0,191,167.0,164.0,164.0,0.0,0.0,0,0,0,0,0.0,82.0,6886.0,73.0,1213.0,0.0,7519.5,88.0,8400,18504.0,18504.0,1,0
190044,85.0,13.0,6661,5153.0,489.0,489.0,51.0,11.0,0,1,1,1,16.83,24.0,5721.0,100.0,44053.0,62.0,10096.0,100.0,59398,81706.0,81706.0,1,0
190099,93.0,9.0,20682,2871.0,825.0,825.0,22.0,14.0,0,1,0,1,17.9,11.0,5760.0,42.0,56586.0,15.0,8579.0,48.0,70306,91222.0,91222.0,1,0
190114,20.0,12.0,140,126.0,62.0,31.0,0.0,0.0,0,1,1,0,9.0,79.0,6237.0,86.0,1064.0,64.0,7556.0,93.0,20188,43500.0,49618.0,1,0
190150,98.0,6.0,60115,2400.0,1558.0,1519.0,45.0,18.0,0,1,0,1,14.26,21.0,6190.0,52.0,63956.0,6.0,17037.0,57.0,71845,92373.0,92373.0,1,0
190372,92.0,8.0,1806,374.0,196.0,196.0,31.0,8.0,0,1,0,1,10.33,27.0,6124.0,100.0,36522.0,22.0,5557.0,100.0,46820,69986.0,69986.0,1,0
190415,98.0,9.0,62993,5516.0,3525.0,3525.0,40.0,13.0,0,1,0,1,21.58,17.0,5982.0,47.0,60062.0,20.0,9964.0,56.0,69314,92150.0,92150.0,1,0
190503,70.0,18.0,2259,2059.0,638.0,637.0,10.0,5.0,0,1,0,0,12.58,34.0,6654.0,99.0,16706.0,61.0,16914.0,100.0,39850,62010.0,62010.0,1,0
190512,89.0,19.0,28111,13357.0,2532.0,2511.0,12.0,0.0,0,1,1,1,4.06,71.0,6400.0,70.0,1285.0,7.0,5856.0,90.0,7464,34012.0,41962.0,0,0
190549,80.0,13.0,30224,17639.0,1782.0,1732.0,9.0,0.0,0,1,1,0,0.0,69.0,6241.0,76.0,1388.0,4.0,7386.0,91.0,7452,43500.0,49618.0,0,0
190558,76.0,17.0,14002,12929.0,2195.0,2040.0,7.0,0.0,0,1,1,1,4.96,62.0,5977.0,57.0,1465.0,11.0,7174.0,83.0,7490,36361.0,44311.0,0,0
190567,79.0,15.0,34322,20600.0,2543.0,2412.0,11.0,0.0,0,1,0,0,3.85,73.0,6191.0,69.0,1018.0,8.0,5559.0,90.0,7340,33896.0,41846.0,0,0
190594,78.0,14.0,32271,17362.0,2897.0,2845.0,11.0,0.0,0,1,0,0,4.9,69.0,6285.0,69.0,1200.0,4.0,7107.0,89.0,7382,26930.0,34880.0,0,0
190600,82.0,16.0,19238,10987.0,2128.0,2086.0,8.0,0.0,0,1,1,1,0.0,73.0,6323.0,69.0,1117.0,6.0,7411.0,90.0,7470,43500.0,49618.0,0,0
190637,73.0,15.0,22347,12643.0,1545.0,1503.0,4.0,0.0,0,1,1,0,3.66,79.0,6286.0,73.0,1054.0,3.0,5044.0,94.0,7410,43500.0,49618.0,0,0
190646,50.0,13.0,12015,10339.0,586.0,503.0,3.0,0.0,0,0,1,1,0.0,78.0,5496.0,73.0,1228.0,4.0,4838.0,89.0,7352,43500.0,49618.0,0,0
190655,65.0,16.0,24745,19867.0,3610.0,3273.0,5.0,0.0,0,1,1,1,3.17,73.0,5619.0,64.0,995.0,2.0,4613.0,86.0,7332,43500.0,49618.0,0,0
190664,79.0,13.0,22189,14278.0,1751.0,1723.0,7.0,0.0,0,1,1,1,3.83,60.0,6048.0,60.0,1215.0,6.0,6042.0,83.0,7538,32386.0,40336.0,0,0
190691,57.0,13.0,15563,9976.0,766.0,735.0,4.0,0.0,0,1,1,1,4.89,71.0,5959.0,60.0,970.0,3.0,7181.0,84.0,7358,43500.0,49618.0,0,0
190716,73.0,14.0,2786,2267.0,252.0,244.0,12.0,0.0,0,1,1,0,8.0,49.0,6614.0,98.0,21187.0,54.0,8812.0,100.0,34940,52184.0,52184.0,1,0
190725,76.0,12.0,3730,2546.0,292.0,292.0,0.0,0.0,0,1,1,1,15.4,40.0,6022.0,99.0,22175.0,75.0,7792.0,100.0,35218,51948.0,51948.0,1,0
190752,100.0,14.0,25,23.0,23.0,23.0,0.0,0.0,0,0,0,0,0.0,30.0,6553.0,70.0,5124.0,0.0,7519.5,70.0,10800,18966.0,18966.0,1,0
190761,66.0,13.0,2349,1487.0,289.0,289.0,0.0,0.0,0,1,1,0,10.23,55.0,3175.0,100.0,10909.0,78.0,3687.0,100.0,34220,54160.0,54160.0,1,0
190983,70.0,11.0,2674,2058.0,253.0,252.0,6.0,3.0,0,1,1,1,10.7,41.0,5656.0,100.0,25189.0,75.0,9460.0,100.0,38976,54976.0,54976.0,1,0
191126,91.0,16.0,3971,2392.0,1335.0,1298.0,0.0,0.0,0,1,1,1,10.0,34.0,6082.0,13.0,1971.0,38.0,9606.0,69.0,6294,37192.0,47772.0,0,0
191241,89.0,14.0,43364,25719.0,2492.0,2486.0,18.0,6.0,1,1,0,1,13.2,22.0,6158.0,95.0,33338.0,51.0,10225.0,95.0,64915,94115.0,94115.0,0,1
191515,95.0,9.0,8531,1162.0,453.0,453.0,34.0,16.0,0,1,0,1,11.93,19.0,5676.0,55.0,53093.0,33.0,5927.0,63.0,68960,88270.0,88270.0,1,0
191533,74.0,10.0,4704,3274.0,314.0,314.0,5.0,0.0,0,1,0,1,24.36,42.0,5731.0,100.0,32054.0,94.0,9157.0,100.0,54962,71664.0,71664.0,1,0
191597,67.0,11.0,118,20.0,17.0,17.0,0.0,0.0,0,0,1,0,0.0,33.0,8317.0,0.0,12088.0,67.0,9401.0,67.0,25852,43500.0,49618.0,1,0
191621,64.0,15.0,1392,1353.0,249.0,248.0,1.0,0.0,1,1,1,0,7.45,55.0,5176.0,94.0,16559.0,71.0,10183.0,100.0,33740,50560.0,50560.0,0,1
191630,86.0,11.0,5904,3778.0,553.0,553.0,22.0,7.0,0,1,1,1,28.0,26.0,5796.0,100.0,45672.0,81.0,5415.0,100.0,65117,85685.0,85685.0,1,0
191649,84.0,13.0,25021,17035.0,1754.0,1753.0,25.0,4.0,0,1,0,1,14.0,29.0,5945.0,99.0,32267.0,50.0,10656.0,99.0,57660,78792.0,78792.0,1,0
191676,84.0,12.0,1041,923.0,214.0,212.0,24.0,3.0,1,1,0,0,7.0,40.0,4562.0,98.0,7281.0,64.0,8237.0,100.0,18430,34940.0,34940.0,0,1
191931,77.0,16.0,8479,7372.0,952.0,952.0,7.0,2.0,1,1,0,1,12.0,36.0,5537.0,100.0,27566.0,54.0,8974.0,100.0,47260,68930.0,68930.0,0,1
191968,85.0,10.0,12400,8557.0,1050.0,1050.0,20.0,5.0,0,1,0,1,23.4,20.0,5906.0,100.0,31228.0,68.0,5363.0,100.0,53540,71947.0,71947.0,1,0
192040,96.0,7.0,144,70.0,41.0,41.0,17.0,5.0,1,1,0,0,16.4,0.0,5759.0,60.0,27793.0,15.0,11286.0,62.0,67357,87965.0,87965.0,0,1
192110,98.0,4.0,2065,189.0,120.0,120.0,0.0,0.0,0,0,0,0,11.0,17.0,5289.0,96.0,37521.0,39.0,9742.0,96.0,57950,86582.0,86582.0,1,0
192192,73.0,10.0,2901,1975.0,286.0,286.0,1.0,0.0,0,1,1,1,25.0,55.0,5611.0,100.0,23996.0,100.0,12571.0,100.0,39332,59122.0,59122.0,1,0
192323,84.0,12.0,7050,5850.0,619.0,617.0,16.0,2.0,1,1,0,0,8.0,40.0,5688.0,100.0,25619.0,77.0,9000.0,100.0,40330,59820.0,59820.0,0,1
192448,77.0,15.0,20564,17717.0,1426.0,1416.0,24.0,4.0,0,1,0,0,0.0,41.0,6062.0,96.0,26575.0,58.0,7091.0,97.0,42432,64778.0,64778.0,1,0
192624,76.0,13.0,35,35.0,25.0,25.0,0.0,0.0,0,0,0,0,0.0,83.0,7358.0,96.0,2974.0,0.0,7519.5,96.0,13500,18836.0,18836.0,1,0
192703,76.0,15.0,9903,7817.0,626.0,621.0,9.0,2.0,1,1,1,1,8.8,34.0,5766.0,90.0,34071.0,54.0,7630.0,100.0,53400,75500.0,75500.0,0,1
192712,93.0,6.0,1405,573.0,145.0,145.0,0.0,0.0,0,1,0,0,9.17,9.0,5223.0,87.0,25258.0,32.0,8857.0,89.0,57050,81200.0,81200.0,1,0
192749,74.0,12.0,3617,3159.0,337.0,335.0,0.0,0.0,0,1,1,1,26.0,44.0,5796.0,99.0,27521.0,89.0,7140.0,100.0,44604,62934.0,62934.0,1,0
192785,33.0,6.0,326,145.0,41.0,21.0,10.0,0.0,1,0,1,0,8.11,66.0,6203.0,38.0,5486.0,69.0,5803.0,90.0,18740,43500.0,49618.0,0,1
192819,86.0,15.0,11274,6371.0,1267.0,1267.0,10.0,3.0,0,1,1,0,19.89,17.0,5598.0,95.0,23536.0,55.0,10838.0,97.0,47750,70855.0,70855.0,1,0
192864,70.0,7.0,7896,6523.0,418.0,403.0,14.0,5.0,0,1,0,0,9.93,35.0,6105.0,100.0,24432.0,88.0,7556.0,100.0,41870,70424.0,70424.0,1,0
193016,76.0,16.0,8642,7418.0,1064.0,1040.0,0.0,0.0,0,1,1,1,5.69,75.0,6216.0,98.0,10236.0,41.0,6334.0,99.0,22880,43500.0,43500.0,1,0
193052,77.0,33.0,40,32.0,25.0,25.0,0.0,0.0,1,0,0,0,0.0,33.0,9806.0,93.0,8961.0,0.0,7519.5,93.0,15200,26250.0,26250.0,0,1
193061,100.0,13.0,9,5.0,5.0,5.0,0.0,0.0,0,0,0,0,0.0,60.0,7395.0,80.0,6715.0,0.0,7519.5,100.0,10100,19336.0,19336.0,1,0
193070,86.0,5.0,25,15.0,15.0,15.0,0.0,0.0,1,1,0,0,0.0,29.0,6173.0,0.0,12088.0,0.0,7519.5,29.0,13250,18349.0,18349.0,0,1
193247,96.0,9.0,56,50.0,46.0,46.0,0.0,0.0,1,0,1,0,0.0,30.0,3710.0,93.0,5941.0,0.0,7519.5,93.0,13600,22175.0,22175.0,0,1
193292,85.0,12.0,6330,5174.0,621.0,614.0,17.0,4.0,1,1,1,0,15.13,49.0,5750.0,99.0,20665.0,72.0,8132.0,100.0,39790,62270.0,62270.0,0,1
193353,74.0,12.0,3219,2861.0,201.0,194.0,2.0,6.0,1,1,1,0,18.27,36.0,5835.0,99.0,24698.0,74.0,9832.0,99.0,43450,66440.0,66440.0,0,1
193399,73.0,12.0,3546,3018.0,410.0,396.0,2.0,0.0,1,1,0,0,3.42,62.0,6385.0,79.0,28761.0,63.0,7776.0,93.0,44540,64010.0,64010.0,0,1
193584,85.0,8.0,5102,3812.0,439.0,439.0,9.0,2.0,0,1,0,0,11.2,31.0,5152.0,95.0,24608.0,70.0,11287.0,99.0,42450,61926.0,61926.0,1,0
193654,85.0,9.0,9828,6238.0,1328.0,1303.0,0.0,0.0,0,1,1,0,7.2,15.0,5698.0,94.0,20956.0,30.0,11129.0,94.0,58694,88429.0,88429.0,1,0
193900,96.0,8.0,110807,10232.0,5666.0,5645.0,28.0,10.0,0,1,0,1,12.15,19.0,6255.0,35.0,51488.0,18.0,11177.0,46.0,62796,92062.0,92062.0,1,0
193973,80.0,10.0,4197,3667.0,533.0,533.0,17.0,3.0,1,1,1,1,12.3,37.0,6101.0,100.0,29829.0,70.0,8054.0,100.0,39345,55955.0,55955.0,0,1
194091,78.0,12.0,13237,10725.0,908.0,838.0,22.0,2.0,0,1,1,1,0.0,52.0,6197.0,100.0,27205.0,45.0,6669.0,100.0,46560,79642.0,79642.0,1,0
194116,100.0,11.0,159,100.0,29.0,19.0,0.0,0.0,0,1,1,0,3.4,25.0,4238.0,10.0,4500.0,40.0,9625.0,50.0,32330,43500.0,49618.0,1,0
194310,75.0,14.0,30030,22798.0,1850.0,1829.0,13.0,3.0,0,1,1,1,37.0,34.0,5963.0,99.0,32123.0,55.0,9924.0,99.0,53290,80451.0,80451.0,1,0
194392,75.0,12.0,929,711.0,134.0,133.0,0.0,0.0,0,1,0,0,24.1,33.0,5159.0,100.0,19648.0,73.0,10942.0,100.0,33009,50745.0,50745.0,1,0
194569,100.0,9.0,16,9.0,9.0,9.0,0.0,0.0,1,0,1,0,0.0,67.0,7395.0,67.0,5883.0,0.0,7519.5,100.0,18000,31200.0,31200.0,0,1
194578,88.0,9.0,8457,6195.0,1135.0,1132.0,16.0,2.0,0,1,0,0,15.0,22.0,5845.0,74.0,25017.0,41.0,9919.0,85.0,61845,83540.0,83540.0,1,0
194657,93.0,19.0,47,44.0,44.0,44.0,0.0,0.0,0,0,0,0,0.0,20.0,7051.0,88.0,11867.0,0.0,7519.5,95.0,10800,18436.0,18436.0,1,0
194693,64.0,13.0,24,22.0,22.0,22.0,0.0,0.0,0,0,0,0,0.0,0.0,5759.0,56.0,10691.0,0.0,7519.5,56.0,16850,30354.0,30354.0,1,0
194718,87.0,19.0,32,29.0,29.0,29.0,0.0,0.0,0,0,0,0,0.0,84.0,7007.0,52.0,3619.0,0.0,7519.5,100.0,8450,15786.0,15786.0,1,0
194736,91.0,18.0,45,45.0,45.0,45.0,0.0,0.0,0,0,0,0,0.0,49.0,6086.0,76.0,4676.0,0.0,7519.5,93.0,10290,19636.0,19636.0,1,0
194763,80.0,36.0,129,127.0,124.0,124.0,0.0,0.0,1,1,0,0,0.0,18.0,5924.0,80.0,10129.0,0.0,7519.5,80.0,10000,19700.0,19700.0,0,1
194824,91.0,14.0,17175,10901.0,1314.0,1314.0,49.0,11.0,0,1,0,1,7.33,20.0,5832.0,95.0,41605.0,59.0,8964.0,95.0,64081,85291.0,85291.0,1,0
194958,84.0,7.0,1488,1051.0,200.0,200.0,9.0,2.0,1,1,0,0,0.0,40.0,6178.0,92.0,26723.0,65.0,8353.0,98.0,38826,55722.0,55722.0,0,1
195003,89.0,13.0,27911,18682.0,3042.0,3040.0,40.0,9.0,0,1,1,1,21.1,32.0,5602.0,98.0,32551.0,62.0,9927.0,99.0,59274,78216.0,78216.0,1,0
195030,91.0,9.0,21384,8570.0,1317.0,1317.0,19.0,6.0,0,1,1,0,8.0,20.0,6110.0,70.0,44445.0,37.0,7664.0,74.0,67080,89562.0,89562.0,1,0
195128,78.0,10.0,2471,1316.0,255.0,255.0,0.0,0.0,0,1,1,1,24.0,49.0,5797.0,100.0,23825.0,83.0,8396.0,100.0,38164,55987.0,55987.0,1,0
195164,86.0,13.0,4207,3435.0,590.0,590.0,19.0,2.0,1,1,1,0,11.0,26.0,4355.0,99.0,27670.0,89.0,10541.0,99.0,41735,59235.0,59235.0,0,1
195216,91.0,11.0,6089,3309.0,424.0,424.0,15.0,5.0,0,1,0,1,25.0,23.0,5563.0,99.0,46602.0,58.0,8049.0,99.0,65900,84550.0,84550.0,1,0
195243,73.0,16.0,2200,2047.0,241.0,241.0,2.0,0.0,0,1,1,1,15.0,46.0,6003.0,100.0,25964.0,54.0,7741.0,100.0,39450,61630.0,61630.0,1,0
195304,87.0,10.0,4617,2850.0,417.0,417.0,9.0,4.0,0,1,0,0,30.05,12.0,6016.0,90.0,37852.0,44.0,8752.0,91.0,66862,86688.0,86688.0,1,0
195474,83.0,12.0,9279,6404.0,759.0,757.0,10.0,2.0,1,1,1,1,12.75,29.0,5382.0,96.0,29283.0,69.0,10069.0,98.0,46580,67508.0,67508.0,0,1
195526,90.0,8.0,11889,2503.0,666.0,665.0,23.0,10.0,0,1,0,0,23.84,12.0,6189.0,52.0,51415.0,34.0,6957.0,64.0,67290,88160.0,88160.0,1,0
195544,81.0,12.0,5728,4127.0,520.0,513.0,18.0,3.0,0,1,1,0,6.2,36.0,5487.0,98.0,19132.0,49.0,7234.0,99.0,36550,43500.0,49618.0,1,0
195720,86.0,11.0,5050,3353.0,680.0,680.0,23.0,1.0,1,1,1,0,14.6,30.0,5838.0,100.0,21048.0,73.0,11325.0,100.0,41190,58848.0,58848.0,0,1
195809,79.0,16.0,24208,20196.0,2350.0,2345.0,23.0,2.0,1,1,1,0,5.0,45.0,6146.0,100.0,31560.0,45.0,8249.0,100.0,53020,77492.0,77492.0,0,1
196006,65.0,16.0,9242,6994.0,1120.0,1118.0,9.0,1.0,0,1,0,0,9.59,54.0,5517.0,94.0,2915.0,72.0,7739.0,98.0,8892,27216.0,35161.0,0,0
196015,69.0,18.0,3707,3416.0,539.0,531.0,0.0,0.0,0,1,0,1,10.0,63.0,5331.0,83.0,2287.0,70.0,6504.0,95.0,8742,28050.0,32880.0,0,0
196024,57.0,13.0,7626,6788.0,944.0,942.0,6.0,1.0,0,1,0,0,0.0,57.0,5766.0,82.0,2374.0,67.0,7959.0,92.0,8772,28410.0,32400.0,0,0
196033,69.0,15.0,3805,3197.0,618.0,615.0,0.0,0.0,0,1,0,0,13.5,48.0,5226.0,87.0,3263.0,65.0,7453.0,95.0,8768,29574.0,39484.0,0,0
196042,82.0,18.0,10748,6802.0,1822.0,1758.0,19.0,2.0,0,1,1,1,6.79,46.0,5728.0,62.0,1097.0,27.0,5626.0,76.0,8626,26852.0,36762.0,0,0
196051,57.0,14.0,5819,5327.0,772.0,753.0,1.0,0.0,0,0,0,1,13.13,71.0,5472.0,93.0,3298.0,82.0,6023.0,98.0,8825,28041.0,38461.0,0,0
196060,83.0,16.0,32442,22416.0,2830.0,2818.0,0.0,0.0,0,1,0,1,5.4,49.0,6072.0,95.0,5549.0,60.0,7056.0,98.0,10866,30537.0,50927.0,0,0
196079,89.0,18.0,53007,20464.0,3248.0,3243.0,44.0,9.0,0,1,1,1,13.0,28.0,6111.0,55.0,5312.0,47.0,8204.0,79.0,10567,31376.0,51256.0,0,0
196088,85.0,11.0,40856,30308.0,4265.0,4239.0,28.0,3.0,0,1,1,1,6.91,39.0,5889.0,71.0,4170.0,47.0,7857.0,86.0,10936,34692.0,55292.0,0,0
196097,90.0,19.0,55880,27406.0,4042.0,4040.0,34.0,3.0,0,1,0,1,8.52,45.0,6225.0,98.0,3536.0,42.0,7246.0,99.0,10931,33275.0,55085.0,0,0
196103,87.0,14.0,3745,2370.0,418.0,413.0,0.0,0.0,0,1,0,1,22.0,27.0,5621.0,96.0,5462.0,55.0,7504.0,99.0,9303,29693.0,42653.0,0,0
196112,69.0,13.0,5329,4335.0,378.0,378.0,37.0,3.0,0,1,0,0,7.56,44.0,5540.0,100.0,3176.0,56.0,7598.0,100.0,8625,28809.0,41399.0,0,0
196121,72.0,17.0,13031,9210.0,1297.0,1291.0,14.0,2.0,0,1,0,1,18.0,42.0,5301.0,83.0,4834.0,67.0,6967.0,94.0,8752,28342.0,35412.0,0,0
196130,58.0,14.0,18219,13290.0,1226.0,1214.0,9.0,0.0,0,1,0,1,0.0,69.0,5486.0,100.0,4911.0,54.0,5461.0,100.0,8533,28447.0,39567.0,0,0
196149,81.0,15.0,17571,10505.0,1394.0,1394.0,0.0,0.0,0,1,0,1,14.0,25.0,5243.0,50.0,2763.0,67.0,8571.0,87.0,8874,28684.0,38594.0,0,0
196158,76.0,11.0,6331,4919.0,690.0,689.0,7.0,2.0,0,1,1,1,13.0,41.0,5377.0,95.0,4667.0,73.0,7146.0,97.0,8831,27161.0,38101.0,0,0
196167,87.0,16.0,15293,10162.0,971.0,966.0,4.0,1.0,0,1,0,1,11.91,30.0,5265.0,95.0,3957.0,62.0,7174.0,98.0,8999,28711.0,39281.0,0,0
196176,85.0,16.0,17232,10616.0,1135.0,1132.0,12.0,3.0,0,1,0,0,12.88,38.0,6052.0,70.0,3211.0,54.0,7107.0,85.0,8572,29856.0,40106.0,0,0
196185,76.0,13.0,15544,10818.0,1214.0,1214.0,20.0,5.0,0,1,0,0,16.0,39.0,5646.0,82.0,3779.0,66.0,8070.0,93.0,8831,28815.0,39765.0,0,0
196194,70.0,15.0,15149,12202.0,1265.0,1256.0,23.0,3.0,0,1,0,0,12.6,45.0,5831.0,85.0,4203.0,61.0,7256.0,93.0,8825,28415.0,38325.0,0,0
196200,78.0,11.0,4530,3520.0,353.0,352.0,0.0,1.0,0,1,0,0,16.0,48.0,5863.0,93.0,4400.0,66.0,6521.0,97.0,8768,26954.0,36864.0,0,0
196219,80.0,12.0,7845,5809.0,750.0,747.0,46.0,14.0,0,1,0,0,24.9,36.0,5643.0,69.0,4954.0,48.0,7298.0,84.0,8953,30079.0,40329.0,0,0
196237,72.0,17.0,7760,6490.0,806.0,797.0,0.0,0.0,0,1,1,0,6.8,61.0,5900.0,72.0,1639.0,34.0,5603.0,83.0,8422,26854.0,37274.0,0,0
196246,73.0,15.0,8830,6924.0,798.0,791.0,6.0,1.0,0,1,0,0,26.0,46.0,5567.0,80.0,5971.0,66.0,7247.0,93.0,9035,29997.0,39907.0,0,0
196291,83.0,15.0,1769,1281.0,378.0,378.0,27.0,5.0,0,1,0,0,10.78,23.0,5471.0,52.0,3463.0,48.0,10047.0,77.0,8589,30503.0,41073.0,0,0
196413,90.0,15.0,44480,20427.0,3835.0,3824.0,22.0,9.0,0,1,1,1,18.1,17.0,5992.0,76.0,34259.0,39.0,11467.0,79.0,65528,88493.0,88493.0,1,0
196431,81.0,15.0,57,44.0,37.0,37.0,0.0,0.0,0,0,0,0,0.0,84.0,6802.0,22.0,2364.0,0.0,7519.5,86.0,8750,19636.0,19636.0,1,0
196440,33.0,7.0,5,5.0,5.0,5.0,0.0,0.0,0,0,0,0,0.0,67.0,6125.0,67.0,6128.0,0.0,7519.5,100.0,6150,17054.0,17054.0,1,0
196583,100.0,27.0,27,15.0,9.0,9.0,0.0,0.0,0,0,0,0,0.0,21.0,5778.0,71.0,6650.0,0.0,7519.5,71.0,9600,18336.0,18336.0,1,0
196592,89.0,10.0,2152,1309.0,569.0,463.0,11.0,2.0,0,1,1,0,4.63,37.0,5788.0,80.0,6369.0,25.0,6045.0,88.0,22450,46411.0,46411.0,1,0
196866,90.0,9.0,8210,3606.0,500.0,500.0,32.0,11.0,0,1,0,0,20.48,16.0,6137.0,96.0,40809.0,50.0,7717.0,97.0,69039,88125.0,88125.0,1,0
197027,84.0,13.0,1367,468.0,300.0,300.0,78.0,42.0,0,1,0,0,0.0,10.0,5067.0,0.0,12088.0,11.0,4577.0,20.0,895,6923.0,6923.0,0,0
197045,71.0,12.0,3703,3405.0,431.0,421.0,3.0,0.0,0,1,1,0,3.2,50.0,5585.0,97.0,12321.0,74.0,13737.0,99.0,26930,45394.0,45394.0,1,0
197133,95.0,7.0,12447,2311.0,665.0,665.0,31.0,12.0,0,1,0,0,27.0,18.0,5604.0,54.0,55514.0,42.0,5970.0,72.0,71030,91520.0,91520.0,1,0
197142,76.0,10.0,999,865.0,209.0,191.0,0.0,0.0,1,0,0,0,15.29,79.0,5486.0,98.0,13280.0,38.0,5145.0,99.0,28670,41590.0,41590.0,0,1
197197,83.0,11.0,2566,2258.0,454.0,454.0,14.0,6.0,1,1,0,1,5.53,27.0,5713.0,100.0,35479.0,57.0,10684.0,100.0,53200,73814.0,73814.0,0,1
197221,93.0,11.0,235,33.0,25.0,25.0,80.0,20.0,0,1,0,1,8.57,7.0,5470.0,100.0,59480.0,26.0,5500.0,100.0,63214,84439.0,84439.0,1,0
197647,75.0,8.0,34,30.0,16.0,16.0,0.0,0.0,0,0,0,0,0.0,42.0,6069.0,88.0,7495.0,0.0,7519.5,88.0,12700,24004.0,24004.0,1,0
197692,86.0,13.0,54,39.0,30.0,30.0,0.0,0.0,1,0,0,0,0.0,3.0,7395.0,74.0,6564.0,0.0,7519.5,74.0,19550,22500.0,22500.0,0,1
197708,92.0,7.0,1665,926.0,566.0,565.0,19.0,16.0,0,1,1,0,28.3,14.0,5611.0,94.0,30373.0,25.0,6512.0,94.0,51800,74200.0,74200.0,1,0
197744,100.0,26.0,20,6.0,6.0,6.0,0.0,0.0,0,0,0,0,0.0,58.0,7295.0,67.0,4282.0,0.0,7519.5,67.0,10880,18476.0,18476.0,1,0
197869,84.0,16.0,24614,22188.0,4038.0,4023.0,9.0,23.0,0,1,0,0,6.95,26.0,5729.0,44.0,3421.0,43.0,8436.0,69.0,7579,24063.0,41696.0,0,0
197911,65.0,14.0,2657,2503.0,261.0,260.0,0.0,0.0,1,1,1,1,4.73,50.0,6053.0,100.0,20661.0,77.0,11144.0,100.0,37250,55008.0,55008.0,0,1
197984,70.0,12.0,4221,3151.0,398.0,393.0,90.0,84.0,1,1,1,0,8.31,26.0,5337.0,99.0,6926.0,81.0,4233.0,100.0,19500,37124.0,37124.0,0,1
197993,86.0,7.0,608,308.0,32.0,32.0,28.0,3.0,1,1,1,0,24.62,78.0,6407.0,67.0,8754.0,67.0,7867.0,96.0,19140,41964.0,41964.0,0,1
198066,62.0,12.0,2699,1138.0,308.0,305.0,14.0,28.0,1,1,0,0,8.9,46.0,5500.0,98.0,16288.0,74.0,7192.0,100.0,32280,49780.0,49780.0,0,1
198109,100.0,11.0,77,18.0,8.0,8.0,38.0,63.0,0,0,0,0,0.0,47.0,7188.0,79.0,2608.0,100.0,7342.0,100.0,16550,43500.0,49618.0,1,0
198136,76.0,13.0,6956,6064.0,616.0,598.0,0.0,0.0,1,1,0,1,9.46,39.0,6301.0,99.0,31413.0,47.0,8674.0,100.0,41600,65087.0,65087.0,0,1
198215,77.0,13.0,3457,2600.0,325.0,325.0,14.0,33.0,0,1,0,0,9.0,42.0,5664.0,100.0,25447.0,53.0,6626.0,100.0,34300,53455.0,53455.0,1,0
198303,71.0,15.0,2124,1461.0,180.0,180.0,0.0,0.0,1,1,1,0,5.0,58.0,6048.0,100.0,17289.0,57.0,8000.0,100.0,27910,43424.0,43424.0,0,1
198385,95.0,8.0,8114,1085.0,520.0,520.0,28.0,23.0,1,1,0,1,24.95,19.0,5670.0,65.0,49504.0,9.0,11163.0,70.0,64410,84260.0,84260.0,0,1
198419,98.0,5.0,51795,2957.0,1740.0,1740.0,48.0,30.0,1,1,0,1,0.0,17.0,5832.0,43.0,62691.0,14.0,11454.0,58.0,68758,90696.0,90696.0,0,1
198464,83.0,17.0,26369,23524.0,4022.0,3962.0,6.0,13.0,0,1,0,1,5.49,37.0,5884.0,52.0,3695.0,52.0,8704.0,77.0,7361,25013.0,41290.0,0,0
198507,77.0,19.0,5489,3525.0,423.0,419.0,3.0,11.0,0,1,1,0,0.0,67.0,6454.0,79.0,3625.0,65.0,5304.0,93.0,6536,20943.0,24943.0,0,0
198516,90.0,11.0,18105,12012.0,1607.0,1607.0,2.0,1.0,0,1,0,1,10.0,10.0,5375.0,77.0,16647.0,29.0,10545.0,81.0,46958,65443.0,65443.0,1,0
198543,75.0,20.0,6515,5352.0,794.0,753.0,2.0,8.0,0,1,1,1,4.18,74.0,6819.0,63.0,2828.0,53.0,5453.0,96.0,4353,18958.0,22958.0,0,0
198561,55.0,12.0,5212,4024.0,450.0,450.0,10.0,38.0,1,1,1,0,0.0,42.0,5654.0,100.0,21980.0,87.0,5370.0,100.0,34760,49670.0,49670.0,0,1
198598,66.0,10.0,3932,2758.0,198.0,197.0,0.0,0.0,1,1,1,1,15.0,62.0,6274.0,100.0,8680.0,81.0,7608.0,100.0,21000,38130.0,38130.0,0,1
198613,65.0,12.0,4204,3363.0,340.0,340.0,5.0,24.0,1,1,0,0,17.21,58.0,5574.0,99.0,26962.0,65.0,7377.0,100.0,41362,58062.0,58062.0,0,1
198695,85.0,21.0,17572,13233.0,1528.0,1528.0,15.0,13.0,1,1,0,1,25.81,15.0,5369.0,95.0,21184.0,47.0,15328.0,96.0,45312,67986.0,67986.0,0,1
198756,71.0,12.0,6820,3083.0,396.0,389.0,0.0,0.0,0,1,1,0,8.32,75.0,6171.0,66.0,10581.0,72.0,7115.0,99.0,21300,36350.0,36350.0,1,0
198808,69.0,11.0,2084,1600.0,223.0,223.0,0.0,0.0,1,1,1,1,14.0,31.0,5987.0,97.0,15985.0,66.0,7901.0,100.0,33250,54322.0,54322.0,0,1
198835,76.0,15.0,3666,3101.0,341.0,337.0,0.0,0.0,1,1,1,0,0.0,44.0,5396.0,100.0,17880.0,60.0,7601.0,100.0,31900,49910.0,49910.0,0,1
198862,71.0,14.0,6721,3982.0,343.0,342.0,0.0,0.0,1,0,1,0,0.0,81.0,6157.0,77.0,10226.0,74.0,6308.0,99.0,18296,28390.0,28390.0,0,1
198899,69.0,11.0,1642,1115.0,347.0,341.0,0.0,0.0,0,1,1,0,0.0,52.0,5560.0,99.0,25987.0,70.0,8062.0,100.0,37736,52994.0,52994.0,1,0
198950,79.0,10.0,1983,1471.0,272.0,272.0,11.0,14.0,0,1,0,0,12.0,40.0,5698.0,100.0,27515.0,61.0,8196.0,100.0,45630,63330.0,63330.0,1,0
198969,65.0,11.0,2743,2061.0,316.0,315.0,10.0,15.0,1,1,1,1,0.0,47.0,5614.0,100.0,23599.0,70.0,7643.0,100.0,41250,59550.0,59550.0,0,1
199032,59.0,11.0,1740,1204.0,215.0,213.0,0.0,0.0,1,1,0,0,0.0,44.0,5651.0,89.0,15191.0,70.0,7371.0,94.0,36450,50340.0,50340.0,0,1
199069,72.0,17.0,1926,1459.0,289.0,261.0,0.0,10.0,1,0,0,0,0.0,48.0,5700.0,97.0,14404.0,58.0,7985.0,100.0,27366,42756.0,42756.0,0,1
199102,78.0,20.0,36496,18212.0,2736.0,2724.0,19.0,20.0,0,1,0,1,0.0,60.0,6088.0,68.0,5359.0,61.0,7117.0,94.0,6813,20745.0,34605.0,0,0
199111,72.0,13.0,7378,6782.0,725.0,722.0,7.0,17.0,0,1,0,1,14.56,37.0,5546.0,83.0,4354.0,44.0,7266.0,93.0,7501,25943.0,43291.0,0,0
199120,97.0,15.0,66535,10209.0,4640.0,4632.0,28.0,41.0,0,1,1,1,10.52,18.0,6056.0,35.0,13927.0,17.0,6917.0,59.0,8994,27020.0,59229.0,0,0
199139,85.0,21.0,23887,19015.0,4657.0,4567.0,15.0,25.0,0,1,0,1,3.84,34.0,6077.0,47.0,3814.0,45.0,7853.0,75.0,7239,25437.0,40690.0,0,0
199148,79.0,18.0,12948,11460.0,2433.0,2393.0,2.0,10.0,0,1,0,0,13.2,60.0,6321.0,83.0,3762.0,52.0,6059.0,92.0,7661,22585.0,38936.0,0,0
199157,73.0,16.0,18368,15972.0,1753.0,1720.0,0.0,3.0,0,1,1,0,11.52,74.0,6504.0,84.0,3939.0,72.0,6108.0,95.0,6699,28065.0,41101.0,0,0
199184,93.0,6.0,1438,431.0,239.0,239.0,11.0,12.0,0,0,0,0,0.0,30.0,5710.0,61.0,8868.0,48.0,7769.0,79.0,9477,27312.0,45046.0,0,0
199193,94.0,15.0,44047,18385.0,5839.0,5817.0,18.0,29.0,0,1,0,1,7.01,19.0,5636.0,48.0,8053.0,40.0,7922.0,69.0,8799,27237.0,51285.0,0,0
199209,59.0,13.0,1856,1489.0,261.0,257.0,0.0,0.0,1,1,1,0,0.0,61.0,5929.0,54.0,45368.0,76.0,6451.0,100.0,35736,51484.0,51484.0,0,1
199218,88.0,17.0,20393,13101.0,2754.0,2752.0,5.0,12.0,0,1,0,0,9.56,20.0,5694.0,54.0,3616.0,47.0,8786.0,73.0,7277,28004.0,44879.0,0,0
199272,74.0,13.0,1044,984.0,168.0,168.0,11.0,11.0,1,1,1,0,10.27,40.0,6229.0,100.0,19758.0,55.0,7649.0,100.0,34176,50762.0,50762.0,0,1
199281,72.0,14.0,8178,7627.0,801.0,760.0,2.0,10.0,0,1,0,1,4.36,60.0,6141.0,59.0,2258.0,53.0,5369.0,90.0,3648,19813.0,23813.0,0,0
199306,72.0,11.0,1538,1477.0,203.0,203.0,0.0,0.0,1,1,1,0,0.0,49.0,5556.0,100.0,19783.0,73.0,6873.0,100.0,35070,50420.0,50420.0,0,1
199412,74.0,9.0,4702,2919.0,261.0,257.0,13.0,11.0,1,1,1,1,23.0,27.0,5787.0,100.0,30618.0,47.0,9346.0,100.0,45846,71524.0,71524.0,0,1
199458,32.0,9.0,259,161.0,32.0,32.0,17.0,13.0,1,0,0,0,0.0,54.0,5827.0,100.0,6304.0,80.0,8580.0,100.0,17280,34000.0,34000.0,0,1
199582,0.0,10.0,2059,696.0,22.0,22.0,0.0,0.0,1,1,1,0,4.0,72.0,5242.0,89.0,5831.0,55.0,4387.0,95.0,16896,32312.0,32312.0,0,1
199607,68.0,9.0,2246,1722.0,136.0,136.0,6.0,7.0,0,1,0,0,7.0,71.0,5987.0,100.0,21626.0,56.0,6310.0,100.0,33848,55258.0,55258.0,1,0
199643,52.0,14.0,7390,5924.0,243.0,238.0,0.0,0.0,1,1,1,0,0.0,80.0,6014.0,75.0,6896.0,78.0,5309.0,98.0,17538,31488.0,31488.0,0,1
199759,85.0,9.0,201,150.0,118.0,72.0,27.0,20.0,1,0,0,0,3.56,29.0,4489.0,44.0,4430.0,7.0,10167.0,71.0,11318,22974.0,22974.0,0,1
199847,93.0,10.0,18727,4058.0,1464.0,1464.0,22.0,26.0,0,1,1,1,16.0,12.0,5909.0,34.0,60402.0,16.0,12287.0,43.0,67642,91202.0,91202.0,1,0
199865,71.0,12.0,1361,971.0,174.0,174.0,0.0,6.0,0,1,1,1,16.4,45.0,4960.0,100.0,26685.0,56.0,6537.0,100.0,41500,58500.0,58500.0,1,0
199962,70.0,15.0,30339,27647.0,780.0,780.0,8.0,11.0,0,1,1,0,11.57,48.0,5862.0,100.0,31542.0,53.0,6780.0,100.0,41636,61402.0,61402.0,1,0
199999,77.0,15.0,9108,7128.0,931.0,929.0,4.0,11.0,0,1,1,0,12.0,80.0,6350.0,62.0,3676.0,78.0,6471.0,97.0,6126,22792.0,33448.0,0,0
200004,79.0,16.0,19742,16154.0,2052.0,2023.0,5.0,19.0,0,1,1,1,8.0,40.0,5634.0,78.0,2590.0,58.0,5974.0,90.0,4630,21165.0,25165.0,0,0
200059,67.0,16.0,1356,502.0,260.0,245.0,0.0,0.0,0,1,0,0,0.0,27.0,5047.0,87.0,3469.0,48.0,6464.0,95.0,9118,22652.0,22652.0,0,0
200156,67.0,13.0,965,850.0,307.0,306.0,0.0,0.0,1,1,0,0,0.0,24.0,5765.0,99.0,15184.0,62.0,9160.0,100.0,24990,39480.0,39480.0,0,1
200217,84.0,14.0,1810,1363.0,564.0,550.0,7.0,37.0,1,1,1,1,5.7,22.0,5536.0,95.0,11884.0,57.0,8951.0,99.0,22356,37172.0,37172.0,0,1
200253,66.0,11.0,701,453.0,353.0,338.0,6.0,54.0,0,1,0,0,0.0,34.0,5000.0,83.0,2992.0,49.0,6003.0,95.0,8702,22138.0,22138.0,0,0
200280,84.0,17.0,8261,6353.0,2205.0,2160.0,0.0,0.0,0,1,1,0,0.0,16.0,5160.0,80.0,4972.0,59.0,12313.0,95.0,10951,26587.0,31206.0,0,0
200332,78.0,19.0,7228,6864.0,2197.0,2174.0,0.0,2.0,0,1,1,1,7.71,22.0,5127.0,72.0,4297.0,60.0,10514.0,94.0,11110,25614.0,30268.0,0,0
200484,63.0,9.0,167,43.0,33.0,19.0,0.0,0.0,1,1,0,0,0.0,78.0,5756.0,98.0,5643.0,63.0,7957.0,100.0,19700,33568.0,33568.0,0,1
200572,71.0,12.0,324,321.0,173.0,164.0,5.0,63.0,0,1,0,1,4.3,30.0,5702.0,96.0,4140.0,58.0,5996.0,100.0,8514,22518.0,27482.0,0,0
200785,25.0,13.0,92,87.0,60.0,38.0,0.0,0.0,0,0,1,0,0.0,76.0,5590.0,61.0,2900.0,84.0,9465.0,96.0,13450,43500.0,49618.0,1,0
200800,73.0,17.0,18025,10755.0,1967.0,1902.0,14.0,64.0,0,1,1,1,12.0,42.0,5460.0,92.0,8032.0,43.0,6891.0,97.0,13135,29835.0,37515.0,0,0
200846,59.0,42.0,387,348.0,141.0,124.0,5.0,82.0,0,1,1,0,4.3,36.0,5496.0,91.0,6219.0,11.0,5613.0,94.0,7723,43500.0,49618.0,0,0
201061,51.0,9.0,1293,446.0,51.0,50.0,0.0,0.0,0,1,0,0,22.0,60.0,4780.0,100.0,15399.0,63.0,11599.0,100.0,41375,57260.0,57260.0,1,0
201104,77.0,14.0,3814,2914.0,464.0,431.0,7.0,48.0,1,1,0,0,5.54,37.0,5271.0,99.0,16796.0,62.0,8756.0,100.0,31210,50506.0,50506.0,0,1
201177,72.0,11.0,279,128.0,68.0,58.0,0.0,79.0,0,0,0,0,5.37,41.0,4702.0,44.0,4893.0,66.0,9474.0,91.0,20230,43500.0,49618.0,1,0
201195,84.0,12.0,4819,3648.0,700.0,698.0,18.0,16.0,0,1,1,1,7.05,33.0,5661.0,100.0,24404.0,96.0,8460.0,100.0,39832,61686.0,61686.0,1,0
201371,60.0,11.0,3128,2103.0,190.0,190.0,14.0,63.0,1,1,1,0,0.0,59.0,6083.0,100.0,26209.0,79.0,8496.0,100.0,37362,53932.0,53932.0,0,1
201441,82.0,17.0,21153,17125.0,3521.0,3500.0,21.0,61.0,0,1,0,0,7.6,28.0,5298.0,93.0,6965.0,61.0,8287.0,99.0,14460,33368.0,41356.0,0,0
201548,76.0,9.0,4520,3174.0,374.0,374.0,15.0,39.0,1,1,0,1,0.0,41.0,5925.0,99.0,30398.0,66.0,8068.0,99.0,43234,60414.0,60414.0,0,1
201645,92.0,9.0,37082,13550.0,1619.0,1619.0,46.0,23.0,0,1,0,1,14.0,18.0,5908.0,88.0,40221.0,66.0,6816.0,90.0,66608,88570.0,88570.0,1,0
201654,90.0,14.0,5298,3459.0,1176.0,1171.0,35.0,44.0,1,1,0,0,0.0,20.0,4749.0,100.0,20740.0,43.0,8113.0,100.0,37150,52420.0,52420.0,0,1
201690,56.0,16.0,2810,2771.0,537.0,530.0,0.0,0.0,0,1,1,0,0.0,71.0,6186.0,91.0,5433.0,75.0,6196.0,99.0,8058,22884.0,24884.0,0,0
201821,69.0,11.0,341,201.0,118.0,114.0,2.0,22.0,0,0,1,0,10.97,41.0,6082.0,82.0,3342.0,64.0,8209.0,92.0,16836,43500.0,49618.0,1,0
201885,85.0,19.0,34285,29242.0,6584.0,6514.0,11.0,30.0,0,1,1,1,7.12,22.0,5455.0,67.0,6128.0,51.0,9698.0,88.0,13976,35764.0,51098.0,0,0
201964,62.0,14.0,964,366.0,181.0,133.0,1.0,2.0,1,0,0,1,0.0,51.0,5604.0,85.0,11923.0,75.0,7942.0,100.0,24600,38100.0,38100.0,0,1
202046,88.0,9.0,978,600.0,119.0,119.0,17.0,13.0,0,1,0,0,20.84,49.0,6224.0,100.0,29024.0,80.0,9697.0,100.0,49400,69300.0,69300.0,1,0
202073,90.0,6.0,427,202.0,30.0,30.0,0.0,0.0,0,1,0,0,0.0,14.0,4828.0,100.0,30337.0,40.0,6618.0,100.0,52880,73638.0,73638.0,1,0
202134,70.0,16.0,11050,10089.0,1580.0,1550.0,0.0,0.0,0,1,1,0,8.9,49.0,6074.0,70.0,6267.0,51.0,6710.0,90.0,12988,32792.0,38314.0,0,0
202170,80.0,10.0,1079,730.0,234.0,234.0,0.0,0.0,0,0,1,0,21.4,36.0,5680.0,96.0,20448.0,70.0,8791.0,100.0,40825,61180.0,61180.0,1,0
202480,89.0,14.0,21981,14386.0,1680.0,1669.0,9.0,27.0,1,1,0,1,12.5,17.0,5541.0,95.0,31484.0,50.0,12809.0,97.0,49140,69965.0,69965.0,0,1
202514,56.0,11.0,1754,834.0,180.0,178.0,0.0,0.0,1,1,0,0,19.0,66.0,4997.0,99.0,22261.0,79.0,7307.0,100.0,29320,46402.0,46402.0,0,1
202523,89.0,9.0,15012,2611.0,621.0,621.0,29.0,22.0,0,1,0,1,19.35,13.0,5709.0,94.0,37081.0,59.0,7614.0,94.0,67000,86900.0,86900.0,1,0
202763,74.0,12.0,4065,3389.0,577.0,576.0,0.0,0.0,1,1,1,0,0.0,31.0,4768.0,100.0,24965.0,75.0,10155.0,100.0,41164,56868.0,56868.0,0,1
202903,81.0,9.0,158,119.0,77.0,59.0,0.0,0.0,1,1,1,0,0.0,56.0,2802.0,87.0,3925.0,2.0,3000.0,98.0,7710,19226.0,19226.0,0,1
203085,74.0,14.0,1879,1612.0,293.0,293.0,0.0,0.0,1,1,0,1,9.0,45.0,5227.0,99.0,21473.0,98.0,6167.0,100.0,33650,48950.0,48950.0,0,1
203128,72.0,11.0,1747,1634.0,211.0,211.0,0.0,0.0,0,1,0,1,16.2,45.0,5302.0,98.0,14584.0,78.0,7678.0,99.0,27600,42822.0,42822.0,1,0
203368,83.0,13.0,4623,3740.0,596.0,596.0,13.0,14.0,1,1,0,1,19.67,26.0,5612.0,100.0,33163.0,62.0,7808.0,100.0,50500,69570.0,69570.0,0,1
203517,81.0,20.0,24611,21248.0,4304.0,4252.0,17.0,43.0,0,1,1,0,9.0,35.0,5615.0,94.0,6963.0,62.0,8047.0,97.0,13232,32616.0,42466.0,0,0
203535,92.0,9.0,7726,2397.0,439.0,439.0,11.0,10.0,0,1,0,1,21.0,11.0,5752.0,81.0,39490.0,29.0,9659.0,83.0,71520,91010.0,91010.0,1,0
203544,74.0,9.0,162,124.0,88.0,44.0,0.0,55.0,1,1,0,0,12.7,35.0,6586.0,100.0,6854.0,62.0,9445.0,100.0,16320,37686.0,37686.0,0,1
203580,59.0,12.0,1370,964.0,190.0,190.0,0.0,0.0,0,1,0,0,0.0,43.0,5206.0,100.0,24034.0,68.0,5251.0,100.0,37634,55360.0,55360.0,1,0
203757,87.0,12.0,661,490.0,103.0,97.0,0.0,0.0,1,1,1,0,0.0,43.0,6070.0,100.0,19248.0,95.0,5518.0,100.0,29500,46956.0,46956.0,0,1
203775,76.0,14.0,1313,996.0,230.0,229.0,10.0,65.0,1,1,1,1,10.74,39.0,4895.0,100.0,23728.0,73.0,7710.0,100.0,37160,52860.0,52860.0,0,1
203845,69.0,10.0,2218,1759.0,235.0,235.0,12.0,49.0,0,1,0,1,9.22,39.0,4828.0,100.0,28511.0,74.0,10306.0,100.0,39652,56442.0,56442.0,1,0
203960,87.0,5.0,236,220.0,102.0,61.0,18.0,47.0,1,0,1,0,6.9,27.0,5209.0,97.0,9570.0,24.0,4813.0,100.0,19470,43500.0,49618.0,0,1
204024,90.0,16.0,39580,29843.0,4192.0,4184.0,8.0,24.0,0,1,0,0,16.53,15.0,5363.0,93.0,12674.0,42.0,10353.0,98.0,18161,39576.0,62636.0,0,0
204176,81.0,8.0,70,59.0,39.0,34.0,0.0,0.0,1,0,0,0,0.0,65.0,6076.0,50.0,8342.0,62.0,6307.0,96.0,22080,43500.0,49618.0,0,1
204185,77.0,15.0,3679,2877.0,669.0,669.0,16.0,55.0,0,1,0,0,9.96,29.0,5650.0,100.0,22750.0,87.0,8752.0,100.0,36600,53090.0,53090.0,1,0
204194,79.0,13.0,1230,1035.0,303.0,303.0,5.0,29.0,1,1,0,1,12.0,37.0,4862.0,99.0,24229.0,62.0,8637.0,100.0,37158,54806.0,54806.0,0,1
204200,69.0,12.0,2084,1232.0,303.0,301.0,6.0,17.0,1,1,1,0,7.0,45.0,5963.0,99.0,24569.0,72.0,7544.0,100.0,38150,52090.0,52090.0,0,1
204264,73.0,14.0,2539,2078.0,355.0,355.0,10.0,66.0,1,1,1,1,10.45,46.0,6014.0,100.0,20269.0,98.0,8234.0,100.0,32665,48321.0,48321.0,0,1
204501,91.0,9.0,10536,3601.0,701.0,701.0,32.0,17.0,0,1,0,1,27.0,10.0,5605.0,99.0,35065.0,30.0,4787.0,99.0,67366,90692.0,90692.0,1,0
204617,64.0,12.0,1942,1830.0,208.0,206.0,0.0,1.0,1,1,1,1,9.96,49.0,5362.0,100.0,21943.0,69.0,7018.0,100.0,35720,51760.0,51760.0,0,1
204635,84.0,13.0,4640,3452.0,686.0,686.0,9.0,41.0,1,1,0,0,11.88,26.0,4910.0,96.0,25044.0,62.0,10447.0,99.0,39800,57908.0,57908.0,0,1
204796,94.0,16.0,72829,44116.0,9607.0,9562.0,17.0,31.0,0,1,1,1,0.0,19.0,5780.0,69.0,10821.0,32.0,9087.0,80.0,13244,32082.0,58860.0,0,0
204857,84.0,18.0,27486,23360.0,4489.0,4387.0,12.0,32.0,0,1,1,0,7.53,24.0,5432.0,91.0,7376.0,60.0,8285.0,97.0,14158,32204.0,42884.0,0,0
204909,85.0,12.0,6144,3416.0,432.0,432.0,0.0,0.0,1,1,0,1,18.39,32.0,5281.0,100.0,42358.0,65.0,7506.0,100.0,53888,71442.0,71442.0,0,1
204936,80.0,12.0,3923,3316.0,586.0,581.0,0.0,25.0,1,1,0,0,13.69,38.0,5971.0,100.0,23548.0,52.0,7697.0,100.0,35548,53600.0,53600.0,0,1
205027,100.0,5.0,24,23.0,23.0,23.0,4.0,0.0,1,0,0,0,0.0,0.0,5759.0,0.0,12088.0,0.0,7519.5,25.0,28691,50423.0,50423.0,0,1
205124,82.0,13.0,24,20.0,18.0,18.0,0.0,0.0,1,0,0,0,0.0,39.0,10878.0,67.0,4981.0,0.0,7519.5,78.0,18000,25100.0,25100.0,0,1
205957,87.0,17.0,2968,1732.0,723.0,703.0,29.0,21.0,1,1,0,0,6.4,27.0,4837.0,96.0,20563.0,70.0,7695.0,99.0,34100,47460.0,47460.0,0,1
206048,72.0,22.0,5949,4762.0,517.0,486.0,21.0,50.0,0,1,1,0,0.0,49.0,5699.0,96.0,17952.0,79.0,8766.0,100.0,34790,51088.0,51088.0,1,0
206084,77.0,18.0,11067,10184.0,1919.0,1874.0,10.0,24.0,0,1,1,1,7.82,35.0,5873.0,78.0,6191.0,45.0,7206.0,92.0,12744,32691.0,42051.0,0,0
206349,70.0,8.0,738,553.0,119.0,117.0,8.0,12.0,1,0,1,0,22.61,59.0,6281.0,100.0,27596.0,97.0,4552.0,100.0,38990,55825.0,55825.0,0,1
206437,72.0,14.0,2748,1944.0,379.0,378.0,4.0,20.0,1,1,1,1,23.0,38.0,4267.0,96.0,22067.0,86.0,5371.0,100.0,35745,51431.0,51431.0,0,1
206491,74.0,12.0,6338,2567.0,210.0,207.0,0.0,1.0,1,0,1,0,0.0,100.0,7937.0,99.0,8219.0,99.0,5546.0,100.0,16448,28212.0,28212.0,0,1
206507,72.0,12.0,1578,1458.0,292.0,283.0,4.0,58.0,1,1,1,1,9.0,50.0,4578.0,100.0,13135.0,100.0,6973.0,100.0,32082,53405.0,53405.0,0,1
206525,63.0,12.0,4528,3276.0,381.0,381.0,9.0,23.0,1,1,0,1,22.0,43.0,5270.0,100.0,29657.0,87.0,7744.0,100.0,45940,60812.0,60812.0,0,1
206589,82.0,10.0,5473,3258.0,372.0,372.0,25.0,22.0,0,1,0,0,15.09,26.0,5691.0,100.0,45462.0,47.0,7504.0,100.0,61640,78380.0,78380.0,1,0
206604,68.0,16.0,8855,8530.0,1740.0,1706.0,0.0,0.0,0,1,0,0,11.49,43.0,5726.0,87.0,4769.0,53.0,6420.0,96.0,11522,27542.0,37242.0,0,0
206622,77.0,10.0,14631,12642.0,927.0,924.0,13.0,28.0,1,1,1,1,11.0,23.0,5972.0,100.0,29809.0,64.0,9124.0,100.0,50640,69060.0,69060.0,0,1
206695,76.0,20.0,7368,6222.0,1827.0,1782.0,10.0,50.0,0,1,0,1,4.25,40.0,5740.0,79.0,5248.0,42.0,6155.0,98.0,11113,28723.0,29083.0,0,0
206835,50.0,15.0,810,536.0,204.0,202.0,0.0,0.0,1,0,1,0,3.52,36.0,5425.0,100.0,13993.0,65.0,8750.0,100.0,33550,48292.0,48292.0,0,1
206941,65.0,18.0,5855,4574.0,1964.0,1860.0,0.0,83.0,0,1,1,0,0.0,44.0,5470.0,55.0,2903.0,40.0,8044.0,88.0,8818,28518.0,39404.0,0,0
207041,61.0,18.0,2148,1249.0,529.0,472.0,3.0,60.0,0,1,1,0,5.0,48.0,5857.0,41.0,3556.0,33.0,6384.0,95.0,8032,22470.0,32280.0,0,0
207157,56.0,11.0,159,92.0,64.0,61.0,5.0,91.0,1,0,1,0,0.0,56.0,3060.0,98.0,3339.0,31.0,5801.0,100.0,17714,31035.0,31035.0,0,1
207263,60.0,16.0,1727,1720.0,671.0,633.0,4.0,73.0,0,1,1,0,0.0,55.0,6099.0,51.0,4259.0,41.0,5619.0,92.0,7810,23042.0,32522.0,0,0
207306,65.0,15.0,1375,900.0,348.0,339.0,18.0,100.0,0,1,1,0,0.0,48.0,5577.0,88.0,5146.0,43.0,5060.0,97.0,5970,19740.0,25434.0,0,0
207324,73.0,19.0,1186,1145.0,413.0,401.0,19.0,59.0,1,1,0,0,6.01,26.0,5593.0,96.0,14644.0,48.0,6867.0,99.0,27180,41480.0,41480.0,0,1
207388,85.0,19.0,24910,18693.0,5030.0,4945.0,20.0,65.0,0,1,0,0,5.35,30.0,5896.0,92.0,7536.0,45.0,8128.0,96.0,10234,28424.0,43944.0,0,0
207403,72.0,16.0,3653,1805.0,374.0,373.0,21.0,57.0,1,1,1,0,0.0,33.0,5345.0,100.0,21609.0,45.0,7126.0,100.0,35570,49700.0,49700.0,0,1
207458,84.0,11.0,2124,1636.0,335.0,335.0,33.0,50.0,1,1,0,0,6.8,26.0,5379.0,99.0,21180.0,46.0,7998.0,100.0,35648,52312.0,52312.0,0,1
207500,90.0,18.0,24893,19069.0,5593.0,4730.0,23.0,40.0,0,1,1,1,5.86,24.0,5711.0,99.0,8979.0,36.0,10430.0,99.0,9797,31216.0,48796.0,0,0
207582,80.0,18.0,5022,4967.0,935.0,748.0,11.0,7.0,1,1,1,1,12.0,42.0,5945.0,96.0,21085.0,64.0,7835.0,99.0,35470,51850.0,51850.0,0,1
207722,66.0,13.0,980,645.0,230.0,228.0,2.0,51.0,0,1,0,1,9.08,59.0,6912.0,54.0,10850.0,40.0,5843.0,98.0,9000,26740.0,37930.0,0,0
207847,63.0,25.0,1315,1005.0,515.0,463.0,8.0,63.0,0,1,0,1,0.0,47.0,5622.0,84.0,7538.0,33.0,5656.0,97.0,7530,19706.0,28916.0,0,0
207971,92.0,10.0,5121,3150.0,733.0,675.0,23.0,52.0,1,1,0,1,16.65,24.0,5946.0,100.0,49472.0,25.0,7959.0,100.0,50061,70179.0,70179.0,0,1
208646,71.0,14.0,1599,1572.0,316.0,300.0,0.0,0.0,0,1,1,1,10.34,35.0,5966.0,81.0,3351.0,44.0,6239.0,98.0,11076,26898.0,41253.0,0,0
208725,67.0,13.0,50,40.0,14.0,13.0,0.0,0.0,1,0,1,0,0.0,88.0,6116.0,100.0,4496.0,100.0,4102.0,100.0,17620,31020.0,31020.0,0,1
208822,83.0,17.0,4207,3934.0,711.0,709.0,8.0,4.0,1,1,1,0,10.6,27.0,5669.0,94.0,23848.0,67.0,8697.0,99.0,42750,62410.0,62410.0,0,1
209056,89.0,12.0,6328,4967.0,482.0,482.0,0.0,0.0,0,1,0,1,21.0,22.0,5713.0,100.0,40207.0,80.0,6496.0,100.0,64828,84128.0,84128.0,1,0
209065,80.0,10.0,2629,2239.0,381.0,380.0,0.0,0.0,0,1,0,1,17.9,35.0,5556.0,100.0,31993.0,65.0,7886.0,100.0,50850,69090.0,69090.0,1,0
209241,100.0,6.0,8,8.0,8.0,8.0,0.0,0.0,1,0,0,0,0.0,0.0,5759.0,50.0,5264.0,0.0,7519.5,100.0,31490,52300.0,52300.0,0,1
209409,76.0,12.0,871,586.0,109.0,109.0,4.0,5.0,1,1,1,0,7.54,37.0,5194.0,100.0,20820.0,59.0,6733.0,100.0,35800,50600.0,50600.0,0,1
209506,69.0,17.0,5098,4844.0,530.0,492.0,7.0,5.0,0,1,0,1,3.98,35.0,5340.0,91.0,6227.0,46.0,6492.0,97.0,13260,30335.0,54271.0,0,0
209542,88.0,18.0,30293,23418.0,4778.0,4294.0,10.0,4.0,0,1,0,1,4.0,21.0,5269.0,89.0,8715.0,36.0,7574.0,92.0,14400,34878.0,58668.0,0,0
209551,86.0,19.0,40021,35337.0,5087.0,5038.0,8.0,5.0,0,1,0,1,17.3,23.0,5735.0,79.0,7119.0,38.0,8508.0,90.0,16137,37092.0,65553.0,0,0
209603,69.0,9.0,485,363.0,102.0,102.0,0.0,0.0,0,1,0,0,14.0,38.0,5892.0,100.0,26919.0,64.0,7015.0,100.0,49006,73336.0,73336.0,1,0
209612,79.0,10.0,2988,2676.0,351.0,350.0,5.0,5.0,0,1,0,1,22.83,31.0,5506.0,97.0,34413.0,92.0,8288.0,99.0,56374,74844.0,74844.0,1,0
209807,76.0,17.0,9077,8248.0,1502.0,1376.0,1.0,0.0,0,1,0,0,11.3,60.0,5454.0,60.0,4277.0,33.0,6762.0,91.0,11679,28389.0,47784.0,0,0
209825,88.0,9.0,8289,7391.0,711.0,711.0,6.0,3.0,1,1,0,1,12.87,30.0,5807.0,100.0,39621.0,45.0,8145.0,100.0,58100,78328.0,78328.0,0,1
209922,88.0,9.0,9431,2321.0,303.0,303.0,52.0,21.0,0,1,0,1,31.41,15.0,5695.0,58.0,53089.0,45.0,6633.0,61.0,69350,89610.0,89610.0,1,0
210146,68.0,23.0,2320,2056.0,603.0,573.0,0.0,0.0,0,1,1,0,11.99,37.0,5611.0,86.0,4567.0,45.0,11131.0,94.0,12762,32229.0,51354.0,0,0
210304,92.0,14.0,447,318.0,37.0,34.0,0.0,0.0,1,1,0,0,0.0,59.0,5568.0,97.0,5782.0,68.0,7043.0,97.0,22220,39778.0,39778.0,0,1
210331,78.0,17.0,557,523.0,143.0,142.0,0.0,0.0,1,1,0,0,0.0,29.0,5388.0,99.0,21956.0,50.0,8130.0,100.0,40280,58189.0,58189.0,0,1
210401,87.0,13.0,3832,2954.0,421.0,421.0,18.0,9.0,0,1,0,1,14.0,23.0,5512.0,100.0,35821.0,45.0,6992.0,100.0,51156,71440.0,71440.0,1,0
210429,73.0,13.0,3060,3002.0,559.0,533.0,0.0,0.0,0,1,1,1,4.02,50.0,5773.0,90.0,3925.0,92.0,4270.0,100.0,11879,28208.0,48863.0,0,0
210492,73.0,8.0,598,496.0,55.0,55.0,7.0,0.0,1,1,0,0,6.96,39.0,5450.0,100.0,16735.0,71.0,6105.0,100.0,28917,46894.0,46894.0,0,1
210571,62.0,11.0,5754,4392.0,325.0,325.0,0.0,0.0,1,1,1,1,0.0,53.0,5407.0,99.0,18404.0,76.0,7416.0,100.0,29082,47508.0,47508.0,0,1
210669,78.0,8.0,5758,3142.0,326.0,326.0,25.0,8.0,1,1,0,1,6.65,41.0,5519.0,100.0,39843.0,65.0,9154.0,100.0,56550,74150.0,74150.0,0,1
210739,83.0,12.0,3977,3066.0,511.0,506.0,25.0,1.0,1,1,1,0,17.41,26.0,5528.0,100.0,28008.0,70.0,11066.0,100.0,46800,65562.0,65562.0,0,1
210775,72.0,14.0,5715,3318.0,442.0,442.0,6.0,0.0,1,1,1,0,8.63,42.0,5379.0,99.0,24997.0,96.0,9785.0,100.0,45000,63860.0,63860.0,0,1
211088,79.0,10.0,10163,8153.0,602.0,598.0,9.0,0.0,0,1,0,0,10.0,38.0,5889.0,99.0,30639.0,76.0,10733.0,99.0,49610,69390.0,69390.0,1,0
211273,92.0,8.0,4094,1205.0,380.0,380.0,50.0,21.0,0,1,0,0,23.6,14.0,5980.0,70.0,49382.0,74.0,7102.0,83.0,65920,87320.0,87320.0,1,0
211291,94.0,9.0,11377,3291.0,991.0,991.0,29.0,10.0,0,1,0,1,16.0,13.0,5688.0,58.0,42896.0,35.0,11713.0,66.0,67812,87696.0,87696.0,1,0
211431,84.0,12.0,1264,1099.0,173.0,171.0,26.0,3.0,1,1,1,0,7.59,45.0,6330.0,95.0,22761.0,79.0,8720.0,100.0,35874,54064.0,54064.0,0,1
211440,98.0,5.0,33941,3959.0,1808.0,1807.0,53.0,22.0,0,1,1,1,13.57,18.0,6322.0,51.0,45553.0,34.0,8203.0,58.0,66246,86812.0,86812.0,1,0
211468,71.0,9.0,1362,1145.0,155.0,155.0,0.0,0.0,0,1,1,0,21.0,55.0,5335.0,99.0,28295.0,78.0,8629.0,99.0,46314,65095.0,65095.0,1,0
211556,78.0,10.0,3446,2135.0,272.0,271.0,22.0,8.0,0,1,0,1,11.88,26.0,5978.0,100.0,27061.0,67.0,10760.0,100.0,44626,61226.0,61226.0,1,0
211583,62.0,10.0,2964,2207.0,158.0,158.0,0.0,0.0,1,1,1,0,11.18,56.0,5832.0,99.0,24632.0,83.0,7086.0,100.0,39870,58470.0,58470.0,0,1
211893,100.0,2.0,568,26.0,24.0,24.0,0.0,0.0,0,0,0,0,0.0,0.0,5759.0,100.0,7774.0,0.0,7519.5,100.0,0,28457.0,28457.0,1,0
211981,69.0,14.0,2343,2184.0,428.0,428.0,63.0,10.0,0,1,1,0,11.03,35.0,5831.0,100.0,27534.0,89.0,10721.0,100.0,44850,62966.0,62966.0,1,0
212009,92.0,11.0,7258,3055.0,646.0,646.0,23.0,5.0,0,1,0,0,21.4,13.0,5314.0,96.0,43595.0,47.0,6752.0,97.0,65650,86092.0,86092.0,1,0
212054,90.0,9.0,37314,29642.0,2399.0,2369.0,34.0,5.0,0,1,1,1,7.0,31.0,6173.0,100.0,32004.0,59.0,11386.0,100.0,62412,83708.0,83708.0,1,0
212106,84.0,12.0,12893,10773.0,1441.0,1439.0,20.0,4.0,1,1,1,0,9.09,23.0,5351.0,100.0,27015.0,77.0,12477.0,100.0,48986,70847.0,70847.0,0,1
212115,72.0,21.0,7953,7321.0,1387.0,1376.0,11.0,1.0,0,1,1,0,0.0,48.0,5580.0,84.0,5132.0,67.0,7172.0,97.0,11536,29929.0,37895.0,0,0
212133,65.0,21.0,3108,2821.0,591.0,507.0,1.0,0.0,1,1,0,0,10.58,50.0,5391.0,100.0,22180.0,72.0,9260.0,100.0,38400,57278.0,57278.0,0,1
212197,84.0,13.0,3624,2822.0,498.0,495.0,30.0,1.0,0,1,1,0,20.3,24.0,5164.0,98.0,20880.0,73.0,10750.0,100.0,37950,53440.0,53440.0,1,0
212577,90.0,9.0,9881,2785.0,477.0,477.0,25.0,9.0,0,1,0,1,27.2,12.0,5448.0,80.0,40582.0,48.0,7684.0,82.0,70794,89132.0,89132.0,1,0
212601,76.0,11.0,6547,4855.0,554.0,547.0,0.0,0.0,1,1,1,1,9.83,29.0,5714.0,84.0,26180.0,79.0,9529.0,85.0,40656,60812.0,60812.0,0,1
212674,91.0,10.0,8366,3254.0,508.0,508.0,27.0,8.0,0,1,0,1,17.9,23.0,5734.0,97.0,47246.0,58.0,7980.0,98.0,66640,86450.0,86450.0,1,0
212805,88.0,13.0,2095,1515.0,565.0,565.0,51.0,19.0,1,1,0,0,10.0,0.0,5759.0,65.0,7841.0,28.0,16721.0,77.0,21700,35830.0,35830.0,0,1
212832,78.0,12.0,1388,1244.0,212.0,209.0,100.0,100.0,1,1,1,0,7.89,35.0,5997.0,100.0,23353.0,74.0,11182.0,100.0,40122,60474.0,60474.0,0,1
212911,94.0,8.0,7341,908.0,387.0,387.0,39.0,17.0,0,1,0,1,27.2,15.0,6167.0,48.0,61155.0,9.0,13514.0,53.0,70688,93406.0,93406.0,1,0
212984,78.0,14.0,3449,2450.0,518.0,516.0,6.0,1.0,1,1,1,0,5.48,54.0,5795.0,100.0,20744.0,72.0,8146.0,100.0,35330,52964.0,52964.0,0,1
213011,83.0,11.0,2571,2205.0,289.0,279.0,8.0,0.0,1,1,1,1,14.8,34.0,5535.0,99.0,14992.0,71.0,10307.0,99.0,29330,46764.0,46764.0,0,1
213020,75.0,23.0,8238,7478.0,1792.0,1752.0,28.0,2.0,0,1,1,0,15.0,45.0,5518.0,96.0,4925.0,70.0,8139.0,100.0,11380,27846.0,32763.0,0,0
213251,83.0,11.0,2779,2193.0,367.0,367.0,29.0,3.0,0,1,0,1,17.0,34.0,6126.0,100.0,42891.0,96.0,7108.0,100.0,58580,74930.0,74930.0,1,0
213303,57.0,12.0,1974,1674.0,180.0,169.0,2.0,0.0,0,1,0,0,4.9,56.0,4608.0,84.0,5485.0,86.0,7357.0,91.0,18300,34180.0,34180.0,1,0
213321,76.0,13.0,3235,3012.0,427.0,427.0,24.0,1.0,1,1,1,0,9.0,40.0,6010.0,100.0,29501.0,84.0,8787.0,100.0,44100,63712.0,63712.0,0,1
213349,78.0,20.0,7536,6839.0,1258.0,1256.0,8.0,0.0,0,1,0,0,14.9,38.0,5659.0,90.0,3511.0,67.0,6919.0,98.0,11314,30598.0,35352.0,0,0
213358,69.0,11.0,1976,1497.0,146.0,143.0,16.0,4.0,1,1,0,0,11.0,31.0,5822.0,79.0,18973.0,56.0,9557.0,82.0,34052,56878.0,56878.0,0,1
213367,74.0,12.0,4782,4619.0,437.0,437.0,0.0,0.0,1,1,1,0,0.0,55.0,6105.0,98.0,25160.0,52.0,10728.0,100.0,37800,57960.0,57960.0,0,1
213385,90.0,10.0,10195,3206.0,698.0,698.0,24.0,10.0,1,1,0,1,17.26,14.0,6029.0,61.0,43003.0,23.0,10878.0,67.0,65398,87414.0,87414.0,0,1
213400,79.0,19.0,1732,968.0,326.0,199.0,17.0,1.0,0,1,1,0,0.0,49.0,5778.0,92.0,14258.0,69.0,9543.0,100.0,29990,46540.0,46540.0,1,0
213507,83.0,11.0,2729,2286.0,443.0,441.0,20.0,0.0,1,1,0,0,12.43,31.0,5425.0,100.0,34994.0,71.0,10634.0,100.0,52080,72524.0,72524.0,0,1
213543,94.0,10.0,20396,5289.0,1501.0,1501.0,30.0,9.0,0,1,0,1,7.92,19.0,5675.0,64.0,44655.0,44.0,10642.0,71.0,64980,84700.0,84700.0,1,0
213598,73.0,12.0,5248,3449.0,424.0,421.0,1.0,0.0,0,1,1,1,12.46,73.0,5952.0,78.0,9271.0,84.0,7068.0,99.0,12512,29069.0,35941.0,0,0
213668,76.0,10.0,2896,2145.0,269.0,269.0,19.0,1.0,1,1,0,1,5.7,42.0,5896.0,100.0,39130.0,72.0,9764.0,100.0,50029,68111.0,68111.0,0,1
213774,56.0,12.0,1147,1088.0,115.0,112.0,4.0,0.0,1,0,0,0,4.97,67.0,6341.0,72.0,5839.0,72.0,9564.0,86.0,21780,36770.0,36770.0,0,1
213826,80.0,11.0,4236,2566.0,438.0,435.0,28.0,2.0,1,1,0,1,20.5,38.0,5777.0,100.0,24876.0,89.0,7242.0,100.0,41420,61294.0,61294.0,0,1
213987,80.0,14.0,3567,2890.0,588.0,588.0,0.0,0.0,1,1,1,0,0.0,36.0,5321.0,98.0,30422.0,68.0,10484.0,100.0,45770,63779.0,63779.0,0,1
213996,89.0,12.0,2458,1941.0,564.0,561.0,52.0,6.0,1,1,0,0,11.0,22.0,5394.0,100.0,24042.0,67.0,9563.0,100.0,42240,59478.0,59478.0,0,1
214041,77.0,19.0,7662,6604.0,1205.0,1160.0,18.0,0.0,0,1,0,1,10.9,28.0,5316.0,67.0,3518.0,62.0,9895.0,93.0,11128,28358.0,40182.0,0,0
214069,78.0,11.0,3733,2648.0,463.0,463.0,0.0,0.0,1,1,1,0,0.0,34.0,5491.0,100.0,23446.0,82.0,10649.0,100.0,40370,59276.0,59276.0,0,1
214148,81.0,9.0,1541,870.0,144.0,144.0,81.0,18.0,0,1,0,0,21.3,40.0,6225.0,100.0,24084.0,82.0,11846.0,100.0,52812,76296.0,76296.0,1,0
214157,79.0,10.0,6192,3354.0,535.0,534.0,19.0,2.0,1,1,1,0,10.77,40.0,5367.0,100.0,30252.0,81.0,10963.0,100.0,53500,77280.0,77280.0,0,1
214166,56.0,11.0,1577,1294.0,318.0,314.0,10.0,0.0,1,1,1,0,8.0,41.0,5374.0,98.0,12196.0,78.0,8820.0,100.0,27072,47086.0,47086.0,0,1
214175,90.0,9.0,4963,3573.0,466.0,466.0,16.0,6.0,1,1,1,1,21.0,22.0,5721.0,99.0,39853.0,56.0,8943.0,99.0,62805,81003.0,81003.0,0,1
214272,72.0,13.0,4215,3426.0,349.0,349.0,0.0,0.0,1,1,1,1,8.61,57.0,6026.0,100.0,22780.0,83.0,9320.0,100.0,39100,59180.0,59180.0,0,1
214591,83.0,12.0,6378,6176.0,897.0,897.0,31.0,4.0,0,1,1,1,8.1,32.0,5523.0,71.0,6954.0,65.0,10012.0,89.0,15972,36666.0,47652.0,0,0
214625,85.0,9.0,595,567.0,125.0,125.0,22.0,1.0,0,1,1,1,10.7,37.0,5652.0,90.0,4263.0,52.0,8490.0,97.0,14408,43500.0,49618.0,0,0
214634,66.0,7.0,205,189.0,53.0,47.0,2.0,2.0,0,1,1,1,9.6,38.0,4918.0,97.0,5962.0,62.0,5036.0,97.0,14024,43500.0,49618.0,0,0
214643,81.0,10.0,631,612.0,92.0,91.0,16.0,1.0,0,1,1,1,9.6,40.0,5767.0,87.0,5127.0,56.0,8195.0,93.0,14280,43500.0,49618.0,0,0
214652,79.0,11.0,2155,2123.0,182.0,180.0,20.0,1.0,0,1,0,1,9.6,41.0,5794.0,68.0,5268.0,61.0,7399.0,89.0,15208,43500.0,49618.0,0,0
214670,83.0,14.0,1827,1779.0,249.0,249.0,22.0,1.0,0,1,1,1,4.3,38.0,6210.0,73.0,4048.0,44.0,6498.0,87.0,15208,43500.0,49618.0,0,0
214689,80.0,13.0,8447,8283.0,850.0,841.0,24.0,3.0,0,1,0,1,9.5,34.0,5647.0,72.0,7576.0,58.0,11307.0,86.0,15972,36666.0,47652.0,0,0
214698,76.0,12.0,1703,1629.0,155.0,153.0,22.0,4.0,0,1,0,1,13.7,32.0,5857.0,87.0,5567.0,63.0,8195.0,93.0,14408,35102.0,44828.0,0,0
214704,77.0,13.0,6030,5950.0,561.0,557.0,25.0,1.0,0,1,1,1,6.2,30.0,5628.0,64.0,5904.0,56.0,10465.0,83.0,15972,36666.0,47652.0,0,0
214713,82.0,15.0,9316,9092.0,1022.0,1014.0,23.0,3.0,0,1,1,1,8.3,26.0,5769.0,58.0,5906.0,42.0,9756.0,72.0,15972,36666.0,47652.0,0,0
214731,73.0,15.0,2431,2385.0,401.0,392.0,29.0,1.0,0,1,1,1,10.0,34.0,5664.0,67.0,5147.0,55.0,9347.0,84.0,15208,35902.0,46086.0,0,0
214740,86.0,9.0,451,438.0,123.0,122.0,22.0,1.0,0,1,0,1,14.4,34.0,6332.0,83.0,6811.0,53.0,8316.0,95.0,14408,43500.0,49618.0,0,0
214759,78.0,9.0,728,695.0,97.0,97.0,13.0,0.0,0,1,0,1,5.9,41.0,5212.0,87.0,5108.0,55.0,6555.0,97.0,14408,43500.0,49618.0,0,0
214768,75.0,12.0,585,564.0,146.0,144.0,23.0,2.0,0,1,1,1,4.9,43.0,5710.0,88.0,8380.0,61.0,8810.0,94.0,15208,35902.0,46086.0,0,0
214777,93.0,16.0,88478,53579.0,9169.0,9144.0,31.0,5.0,0,1,1,1,7.7,13.0,5555.0,34.0,8668.0,46.0,14781.0,67.0,20644,41338.0,62484.0,0,0
214786,78.0,9.0,538,519.0,101.0,101.0,19.0,1.0,0,1,0,1,7.1,43.0,5560.0,85.0,6366.0,62.0,6969.0,94.0,14408,35102.0,44828.0,0,0
214795,83.0,10.0,613,602.0,147.0,146.0,16.0,3.0,0,1,1,1,7.1,29.0,5217.0,84.0,7015.0,55.0,9059.0,92.0,14408,35102.0,44828.0,0,0
214801,77.0,14.0,6620,6406.0,716.0,710.0,25.0,2.0,0,1,1,1,3.9,42.0,6030.0,76.0,5076.0,45.0,7942.0,85.0,15268,35962.0,46358.0,0,0
214810,78.0,14.0,864,835.0,167.0,167.0,13.0,1.0,0,1,1,1,4.9,47.0,5830.0,76.0,6542.0,66.0,8056.0,94.0,15208,35902.0,46086.0,0,0
214829,77.0,14.0,1933,1883.0,202.0,193.0,24.0,3.0,0,1,1,1,7.6,28.0,5688.0,79.0,5134.0,47.0,7113.0,86.0,15208,43500.0,49618.0,0,0
215053,85.0,10.0,397,394.0,128.0,126.0,0.0,0.0,0,0,0,0,14.0,55.0,5830.0,45.0,19511.0,83.0,10792.0,100.0,32150,52230.0,52230.0,1,0
215062,99.0,8.0,65226,3523.0,2395.0,2395.0,50.0,17.0,0,1,1,1,15.03,20.0,6405.0,51.0,62120.0,11.0,11278.0,63.0,68686,92288.0,92288.0,1,0
215114,77.0,11.0,575,507.0,229.0,215.0,7.0,0.0,0,1,1,0,10.63,38.0,5542.0,61.0,21464.0,57.0,7740.0,100.0,34009,50662.0,50662.0,1,0
215266,66.0,12.0,4075,3608.0,301.0,300.0,34.0,3.0,0,1,0,1,8.2,50.0,5728.0,95.0,11637.0,63.0,8090.0,97.0,14770,32014.0,43888.0,0,0
215275,69.0,14.0,2275,2166.0,376.0,373.0,18.0,2.0,0,1,0,1,0.0,40.0,5329.0,92.0,8473.0,60.0,8929.0,94.0,14710,33378.0,45252.0,0,0
215284,75.0,14.0,2422,2297.0,410.0,409.0,49.0,2.0,0,1,0,1,12.0,34.0,5404.0,98.0,8701.0,56.0,8742.0,99.0,14906,33394.0,45268.0,0,0
215293,92.0,13.0,60898,35372.0,4596.0,4590.0,40.0,10.0,0,1,1,1,10.03,16.0,5611.0,52.0,13836.0,49.0,11992.0,74.0,21926,39156.0,58660.0,0,0
215442,74.0,12.0,5279,5116.0,521.0,516.0,0.0,0.0,0,1,1,0,12.0,39.0,5744.0,99.0,22362.0,78.0,9630.0,99.0,39570,57030.0,57030.0,1,0
215655,83.0,14.0,6933,6232.0,633.0,627.0,0.0,0.0,0,1,1,0,7.7,35.0,5391.0,91.0,23543.0,62.0,9358.0,92.0,35970,54642.0,54642.0,1,0
215691,82.0,12.0,1450,1107.0,87.0,84.0,0.0,0.0,1,1,1,0,14.5,60.0,6475.0,92.0,12046.0,84.0,8532.0,100.0,23845,41292.0,41292.0,0,1
215743,83.0,16.0,2623,2015.0,394.0,394.0,38.0,9.0,1,1,1,0,0.0,25.0,5040.0,95.0,30169.0,74.0,12970.0,100.0,44000,63000.0,63000.0,0,1
215770,89.0,11.0,10631,9443.0,1332.0,1324.0,24.0,2.0,1,1,1,1,7.12,21.0,5799.0,100.0,34791.0,67.0,10960.0,100.0,53260,72180.0,72180.0,0,1
215798,82.0,11.0,2613,1613.0,329.0,329.0,53.0,8.0,1,1,0,0,6.56,30.0,5845.0,100.0,28918.0,92.0,9722.0,100.0,42396,59868.0,59868.0,0,1
215929,85.0,11.0,9666,7852.0,887.0,885.0,25.0,4.0,1,1,0,1,8.0,27.0,5521.0,95.0,33197.0,65.0,9870.0,100.0,53983,74535.0,74535.0,0,1
215947,81.0,13.0,2911,2315.0,330.0,330.0,36.0,7.0,1,1,1,1,0.0,34.0,5409.0,99.0,29369.0,78.0,9632.0,100.0,42944,60866.0,60866.0,0,1
216010,77.0,18.0,7224,6249.0,1094.0,1093.0,0.0,1.0,0,1,0,0,7.3,38.0,5556.0,75.0,3045.0,71.0,8667.0,98.0,13720,32042.0,34296.0,0,0
216038,84.0,20.0,6464,4620.0,1548.0,1547.0,19.0,3.0,0,1,1,1,7.1,35.0,5213.0,64.0,2081.0,69.0,9067.0,96.0,10568,26348.0,30456.0,0,0
216047,58.0,4.0,10,10.0,10.0,10.0,0.0,0.0,1,1,1,0,0.0,0.0,5759.0,0.0,12088.0,0.0,7519.5,0.0,25774,47772.0,47772.0,0,1
216278,86.0,13.0,5513,4489.0,610.0,610.0,41.0,6.0,1,1,0,0,18.0,27.0,5089.0,97.0,45185.0,71.0,9669.0,97.0,59850,79000.0,79000.0,0,1
216287,94.0,7.0,13065,975.0,427.0,427.0,39.0,16.0,0,1,0,1,20.99,18.0,6147.0,56.0,59543.0,12.0,13019.0,66.0,65494,88696.0,88696.0,1,0
216311,85.0,14.0,41,37.0,32.0,32.0,0.0,0.0,1,0,0,0,0.0,35.0,5591.0,65.0,9163.0,0.0,7519.5,76.0,11512,23850.0,23850.0,0,1
216339,83.0,12.0,39754,31966.0,4857.0,4806.0,0.0,0.0,0,1,1,1,15.19,38.0,5613.0,84.0,11551.0,59.0,10640.0,93.0,23011,46506.0,62453.0,0,0
216357,73.0,12.0,2903,2077.0,236.0,236.0,0.0,0.0,1,1,0,1,14.0,45.0,5317.0,100.0,25262.0,79.0,9307.0,100.0,38344,59048.0,59048.0,0,1
216366,82.0,12.0,7087,5738.0,697.0,697.0,23.0,2.0,0,1,1,1,7.0,47.0,5846.0,97.0,30668.0,95.0,6288.0,100.0,47505,67707.0,67707.0,1,0
216524,87.0,10.0,3304,3032.0,378.0,378.0,23.0,3.0,0,1,0,1,36.1,20.0,5981.0,100.0,42253.0,72.0,10828.0,100.0,61210,81560.0,81560.0,1,0
216542,78.0,12.0,616,377.0,105.0,104.0,0.0,0.0,1,1,0,0,8.63,64.0,5606.0,97.0,14271.0,83.0,11967.0,100.0,25240,47032.0,47032.0,0,1
216597,95.0,10.0,23256,6274.0,1740.0,1725.0,19.0,9.0,1,1,1,1,15.56,12.0,5678.0,48.0,45769.0,35.0,12050.0,69.0,67776,88480.0,88480.0,0,1
216667,81.0,11.0,3947,3183.0,402.0,402.0,0.0,0.0,0,1,0,1,9.2,37.0,5509.0,98.0,16399.0,71.0,11076.0,100.0,29392,46302.0,46302.0,1,0
216694,72.0,12.0,1562,1403.0,266.0,266.0,15.0,3.0,1,1,1,1,17.32,50.0,5738.0,100.0,19987.0,81.0,7910.0,100.0,30480,47000.0,47000.0,0,1
216764,83.0,20.0,17193,13479.0,3022.0,3005.0,14.0,1.0,0,1,0,1,7.7,28.0,5520.0,58.0,2654.0,67.0,9796.0,88.0,10775,31651.0,43475.0,0,0
216807,81.0,12.0,2392,2214.0,269.0,269.0,0.0,0.0,1,1,0,1,13.07,32.0,6089.0,100.0,28849.0,78.0,8533.0,100.0,40290,55420.0,55420.0,0,1
216852,78.0,11.0,9350,6632.0,916.0,916.0,9.0,0.0,0,1,1,1,9.53,47.0,5640.0,100.0,38967.0,81.0,9942.0,100.0,55730,75558.0,75558.0,1,0
216931,72.0,13.0,7660,6943.0,647.0,646.0,19.0,2.0,0,1,1,0,7.82,43.0,5448.0,100.0,23820.0,80.0,10492.0,100.0,43496,63255.0,63255.0,1,0
217013,74.0,15.0,925,852.0,183.0,164.0,13.0,0.0,1,1,1,1,0.0,31.0,6088.0,95.0,14449.0,95.0,8205.0,99.0,27100,42201.0,42201.0,0,1
217040,57.0,9.0,10,10.0,10.0,10.0,0.0,0.0,1,0,0,0,0.0,64.0,6523.0,71.0,3813.0,0.0,7519.5,100.0,10600,18636.0,18636.0,0,1
217059,78.0,15.0,7657,5646.0,822.0,820.0,24.0,2.0,0,1,1,1,13.81,36.0,5606.0,98.0,13914.0,67.0,8815.0,99.0,25588,42528.0,42528.0,1,0
217156,99.0,6.0,48904,2638.0,1719.0,1719.0,61.0,24.0,0,1,0,1,22.0,15.0,5842.0,52.0,59626.0,13.0,12431.0,63.0,71412,91676.0,91676.0,1,0
217165,87.0,13.0,9825,6431.0,883.0,883.0,11.0,1.0,0,1,0,1,8.52,16.0,5099.0,99.0,27011.0,58.0,16068.0,99.0,52677,73155.0,73155.0,1,0
217235,82.0,14.0,7828,6921.0,1092.0,1089.0,14.0,2.0,0,1,0,1,19.33,37.0,6021.0,100.0,25721.0,79.0,10892.0,100.0,42419,65377.0,65377.0,1,0
217305,74.0,11.0,2747,1833.0,418.0,418.0,0.0,0.0,0,0,1,0,4.64,45.0,5520.0,87.0,8721.0,71.0,11387.0,94.0,37275,59963.0,59963.0,1,0
217402,94.0,11.0,12521,6372.0,1223.0,1222.0,19.0,5.0,1,1,1,1,13.18,13.0,5207.0,83.0,30758.0,63.0,11342.0,84.0,63550,84080.0,84080.0,0,1
217420,73.0,15.0,5415,4972.0,1149.0,1139.0,19.0,0.0,0,1,0,0,12.16,51.0,5462.0,94.0,3004.0,47.0,7777.0,95.0,11300,27354.0,43353.0,0,0
217484,84.0,17.0,26987,19475.0,2995.0,2968.0,27.0,0.0,0,1,1,1,15.4,24.0,5836.0,96.0,10865.0,64.0,12750.0,98.0,16942,36477.0,56681.0,0,0
217493,95.0,8.0,6692,1249.0,518.0,518.0,15.0,3.0,0,1,0,0,15.0,11.0,6031.0,30.0,37227.0,30.0,8047.0,41.0,62688,85986.0,85986.0,1,0
217518,81.0,10.0,8029,7042.0,918.0,899.0,19.0,2.0,0,1,1,1,20.0,20.0,5600.0,100.0,21878.0,72.0,12863.0,100.0,44418,66939.0,66939.0,1,0
217536,83.0,12.0,6202,4228.0,557.0,557.0,16.0,2.0,1,1,1,1,8.0,15.0,5177.0,100.0,31343.0,73.0,11236.0,100.0,50100,74136.0,74136.0,0,1
217624,45.0,12.0,3529,2560.0,156.0,155.0,0.0,0.0,1,0,1,0,0.0,74.0,6148.0,79.0,8506.0,75.0,5906.0,97.0,14304,26696.0,26696.0,0,1
217633,82.0,13.0,4548,2488.0,809.0,808.0,45.0,32.0,1,1,1,1,14.5,23.0,5768.0,98.0,18607.0,51.0,8859.0,98.0,34970,52883.0,52883.0,0,1
217688,63.0,12.0,4660,4495.0,795.0,788.0,49.0,31.0,1,1,1,0,8.8,43.0,5505.0,97.0,15936.0,58.0,7484.0,99.0,32520,47790.0,47790.0,0,1
217721,57.0,13.0,5098,4879.0,390.0,387.0,0.0,0.0,1,1,1,0,0.0,78.0,4829.0,57.0,9820.0,81.0,6881.0,100.0,17440,31592.0,31592.0,0,1
217776,69.0,10.0,427,425.0,142.0,135.0,11.0,9.0,1,1,1,0,5.64,41.0,5159.0,97.0,11617.0,51.0,6402.0,100.0,29800,43451.0,43451.0,0,1
217819,82.0,16.0,31680,19016.0,2265.0,2260.0,18.0,11.0,0,1,0,1,12.0,19.0,5630.0,84.0,6332.0,48.0,11021.0,95.0,12978,33689.0,59007.0,0,0
217864,86.0,11.0,3252,739.0,672.0,672.0,7.0,10.0,0,1,1,1,10.0,21.0,5706.0,65.0,15573.0,46.0,12150.0,90.0,12570,34464.0,60402.0,0,0
217873,75.0,13.0,8127,5277.0,387.0,387.0,0.0,0.0,1,1,1,0,0.0,79.0,6608.0,75.0,6947.0,75.0,6366.0,98.0,18282,33962.0,33962.0,0,1
217882,93.0,16.0,61517,23586.0,4880.0,4873.0,35.0,20.0,0,1,0,1,7.68,15.0,5560.0,53.0,8182.0,37.0,12377.0,86.0,15554,35814.0,61126.0,0,0
217907,69.0,12.0,993,933.0,212.0,210.0,0.0,0.0,0,1,0,1,0.0,42.0,5878.0,98.0,19686.0,66.0,8273.0,98.0,33416,52330.0,52330.0,1,0
217925,53.0,13.0,416,393.0,138.0,138.0,1.0,1.0,0,1,0,0,6.7,49.0,5901.0,48.0,20578.0,65.0,7037.0,95.0,27900,43330.0,43330.0,1,0
217934,60.0,12.0,2634,2474.0,211.0,196.0,0.0,0.0,1,1,1,1,5.74,67.0,6213.0,86.0,7864.0,78.0,8603.0,98.0,22214,38048.0,38048.0,0,1
217961,80.0,12.0,2979,2018.0,242.0,242.0,24.0,17.0,0,1,0,0,11.48,43.0,5534.0,96.0,10753.0,61.0,7994.0,99.0,25240,42760.0,42760.0,1,0
217998,56.0,15.0,1892,1187.0,264.0,262.0,0.0,0.0,1,1,0,0,0.0,44.0,5487.0,99.0,24786.0,77.0,6146.0,100.0,36710,56160.0,56160.0,0,1
218061,70.0,13.0,3616,3124.0,702.0,699.0,16.0,11.0,0,1,0,1,4.06,57.0,5983.0,59.0,5238.0,53.0,5776.0,98.0,11160,26206.0,36590.0,0,0
218070,91.0,10.0,10813,4644.0,608.0,607.0,27.0,22.0,0,1,0,1,20.27,15.0,5747.0,100.0,39103.0,31.0,9779.0,100.0,59770,79924.0,79924.0,1,0
218229,70.0,18.0,4565,3712.0,843.0,842.0,38.0,17.0,0,1,0,0,5.0,45.0,6318.0,66.0,6402.0,66.0,6864.0,99.0,11700,29555.0,39155.0,0,0
218238,64.0,11.0,3027,2944.0,337.0,329.0,0.0,0.0,0,0,1,1,0.0,45.0,5904.0,96.0,14990.0,66.0,7332.0,99.0,27800,43484.0,43484.0,1,0
218414,69.0,15.0,4683,4205.0,433.0,428.0,0.0,0.0,1,1,0,0,9.79,51.0,6128.0,71.0,22002.0,74.0,7564.0,97.0,31100,48550.0,48550.0,0,1
218441,72.0,13.0,2631,1754.0,566.0,560.0,29.0,20.0,1,1,0,1,7.97,35.0,5437.0,98.0,13638.0,55.0,6729.0,100.0,25800,44860.0,44860.0,0,1
218539,80.0,11.0,3297,2254.0,262.0,261.0,31.0,18.0,1,1,0,1,11.85,43.0,6093.0,100.0,31714.0,61.0,7506.0,100.0,44910,63540.0,63540.0,0,1
218645,67.0,16.0,3005,2360.0,666.0,662.0,23.0,14.0,0,1,0,1,6.14,51.0,6067.0,24.0,2945.0,52.0,5855.0,96.0,10760,24198.0,34656.0,0,0
218654,61.0,15.0,2895,2099.0,547.0,540.0,0.0,0.0,0,1,1,0,0.0,43.0,6303.0,44.0,2978.0,56.0,7293.0,92.0,10730,30333.0,41379.0,0,0
218663,92.0,19.0,52703,31701.0,7272.0,7266.0,29.0,15.0,0,1,1,0,8.98,20.0,5819.0,67.0,3032.0,48.0,11052.0,94.0,12688,32190.0,55474.0,0,0
218724,77.0,17.0,21028,15828.0,2677.0,2672.0,23.0,8.0,0,1,0,1,5.75,27.0,5609.0,66.0,8070.0,65.0,11864.0,97.0,11640,29300.0,47288.0,0,0
218733,56.0,19.0,11017,9102.0,1042.0,942.0,0.0,0.0,0,1,1,0,3.22,79.0,6324.0,76.0,4385.0,72.0,6774.0,96.0,11060,30060.0,40750.0,0,0
218742,70.0,15.0,4682,3149.0,757.0,756.0,7.0,3.0,0,1,0,0,0.0,59.0,6088.0,40.0,3970.0,58.0,6677.0,98.0,11588,27321.0,38823.0,0,0
218964,74.0,13.0,7552,5985.0,900.0,897.0,31.0,14.0,0,1,1,0,11.0,53.0,5982.0,83.0,8173.0,64.0,7448.0,99.0,14678,32894.0,46892.0,0,0
218973,91.0,12.0,4459,2316.0,427.0,427.0,26.0,22.0,1,1,0,1,15.2,18.0,5448.0,97.0,36914.0,45.0,7351.0,99.0,56005,76301.0,76301.0,0,1
219000,86.0,12.0,3017,2044.0,534.0,533.0,4.0,51.0,1,1,0,0,11.0,22.0,5281.0,100.0,28439.0,56.0,7522.0,100.0,40160,58176.0,58176.0,0,1
219046,72.0,17.0,1690,1628.0,490.0,442.0,6.0,66.0,0,1,1,0,0.0,38.0,5104.0,55.0,3114.0,55.0,6920.0,89.0,8764,25690.0,28792.0,0,0
219082,75.0,18.0,2418,2129.0,383.0,372.0,16.0,67.0,0,1,0,0,7.32,28.0,5165.0,79.0,3560.0,61.0,6503.0,97.0,9654,26773.0,29875.0,0,0
219091,75.0,12.0,1247,915.0,192.0,192.0,0.0,0.0,1,1,0,0,7.0,32.0,4396.0,100.0,18351.0,91.0,8049.0,100.0,33790,45240.0,45240.0,0,1
219198,68.0,12.0,1750,745.0,170.0,159.0,0.0,48.0,1,0,0,0,3.3,29.0,5498.0,91.0,24363.0,71.0,7288.0,99.0,34600,50868.0,50868.0,0,1
219259,77.0,19.0,1086,1010.0,356.0,339.0,2.0,74.0,0,1,0,1,4.3,32.0,5382.0,90.0,4084.0,62.0,6087.0,98.0,8845,23845.0,26947.0,0,0
219347,84.0,12.0,1565,1250.0,476.0,451.0,25.0,79.0,0,1,0,0,10.7,21.0,4899.0,75.0,3860.0,51.0,7879.0,93.0,10500,26700.0,31100.0,0,0
219356,84.0,17.0,7287,7166.0,2441.0,2373.0,2.0,75.0,0,1,0,1,4.31,21.0,4967.0,92.0,3021.0,57.0,7940.0,97.0,9299,25099.0,28609.0,0,0
219383,74.0,18.0,2291,1899.0,290.0,286.0,0.0,0.0,1,1,1,0,5.95,32.0,5417.0,100.0,10554.0,75.0,7266.0,100.0,21750,36535.0,36535.0,0,1
219471,79.0,16.0,5965,5892.0,1418.0,1371.0,4.0,62.0,0,1,1,1,4.4,25.0,5406.0,74.0,3836.0,61.0,7924.0,95.0,9432,25736.0,29246.0,0,0
219602,70.0,14.0,6331,6104.0,1677.0,1521.0,1.0,52.0,0,1,1,0,13.4,57.0,5869.0,80.0,3062.0,43.0,5705.0,99.0,9006,27344.0,33104.0,0,0
219639,53.0,6.0,367,301.0,105.0,93.0,0.0,100.0,1,0,1,0,0.0,61.0,5775.0,39.0,4233.0,61.0,6727.0,100.0,13796,24862.0,24862.0,0,1
219709,87.0,12.0,9165,8732.0,1547.0,1539.0,18.0,37.0,1,1,1,0,12.14,23.0,5679.0,93.0,20480.0,35.0,11851.0,95.0,42540,64800.0,64800.0,0,1
219718,54.0,15.0,1486,895.0,288.0,272.0,11.0,88.0,1,0,1,0,0.0,58.0,5823.0,95.0,10695.0,61.0,5365.0,99.0,18712,32465.0,32465.0,0,1
219806,74.0,12.0,2460,2225.0,373.0,370.0,5.0,70.0,1,1,0,0,8.07,46.0,5521.0,100.0,21114.0,60.0,5788.0,100.0,34700,51964.0,51964.0,0,1
219833,75.0,9.0,1504,1304.0,175.0,175.0,5.0,59.0,1,1,1,1,0.0,50.0,6154.0,99.0,23945.0,33.0,8598.0,100.0,38420,53103.0,53103.0,0,1
219949,59.0,19.0,2495,1680.0,681.0,675.0,0.0,0.0,0,0,1,0,0.0,44.0,5229.0,100.0,17655.0,19.0,6357.0,100.0,27840,46220.0,46220.0,1,0
219976,84.0,13.0,4261,2886.0,719.0,716.0,12.0,50.0,1,1,1,1,7.3,32.0,5866.0,99.0,23433.0,32.0,8193.0,100.0,40572,62296.0,62296.0,0,1
220075,76.0,15.0,10050,8662.0,2138.0,2092.0,7.0,76.0,0,1,1,0,0.0,43.0,5561.0,53.0,4325.0,38.0,7552.0,94.0,10472,30296.0,34346.0,0,0
220181,74.0,12.0,11421,4274.0,374.0,359.0,33.0,66.0,0,1,0,0,0.0,53.0,6112.0,87.0,16407.0,66.0,11319.0,87.0,25858,45898.0,45898.0,1,0
220215,86.0,10.0,1302,777.0,283.0,283.0,11.0,90.0,1,1,0,1,7.0,27.0,4977.0,96.0,13168.0,49.0,12782.0,96.0,25620,39410.0,39410.0,0,1
220473,69.0,12.0,794,517.0,167.0,162.0,25.0,78.0,1,1,0,0,10.91,39.0,5657.0,96.0,6039.0,59.0,7464.0,100.0,21122,36798.0,36798.0,0,1
220516,60.0,11.0,725,723.0,147.0,145.0,0.0,0.0,1,1,1,1,0.0,48.0,5120.0,97.0,21345.0,60.0,6978.0,100.0,36194,52092.0,52092.0,0,1
220604,47.0,10.0,259,257.0,133.0,126.0,0.0,0.0,1,0,1,0,7.0,90.0,6947.0,28.0,6518.0,60.0,8740.0,97.0,12076,19676.0,19676.0,0,1
220613,82.0,13.0,2388,1684.0,589.0,589.0,21.0,69.0,1,1,0,0,8.19,31.0,5922.0,99.0,10596.0,50.0,8103.0,99.0,23790,39460.0,39460.0,0,1
220631,72.0,10.0,3603,2255.0,357.0,345.0,12.0,63.0,0,1,1,1,3.18,45.0,6127.0,66.0,21298.0,39.0,5797.0,100.0,26938,44839.0,44839.0,1,0
220701,77.0,14.0,760,659.0,172.0,171.0,6.0,90.0,0,1,1,1,0.0,46.0,6094.0,82.0,4052.0,24.0,4557.0,99.0,10924,25319.0,25319.0,0,0
220710,71.0,12.0,3383,2061.0,281.0,280.0,0.0,0.0,1,1,0,1,14.16,50.0,5624.0,100.0,26029.0,64.0,5761.0,100.0,39284,56598.0,56598.0,0,1
220862,77.0,16.0,15084,10865.0,1962.0,1932.0,4.0,90.0,0,1,0,1,6.7,64.0,6926.0,59.0,3594.0,47.0,5633.0,95.0,10728,29644.0,34300.0,0,0
220978,80.0,17.0,14989,10356.0,3149.0,3114.0,6.0,93.0,0,1,1,0,4.7,41.0,5868.0,53.0,5148.0,32.0,6461.0,96.0,10266,29482.0,50790.0,0,0
221351,92.0,9.0,6365,3205.0,388.0,381.0,21.0,41.0,1,1,0,1,22.0,17.0,6247.0,99.0,36854.0,60.0,6363.0,100.0,57110,74474.0,74474.0,0,1
221519,89.0,9.0,4703,2676.0,478.0,478.0,17.0,37.0,1,1,0,0,15.85,16.0,5189.0,98.0,34756.0,43.0,5705.0,98.0,56120,74398.0,74398.0,0,1
221661,83.0,19.0,2907,1904.0,703.0,692.0,46.0,60.0,1,1,1,0,0.0,34.0,5859.0,99.0,9894.0,46.0,9375.0,100.0,27300,42300.0,42300.0,0,1
221731,72.0,12.0,902,621.0,188.0,187.0,1.0,74.0,1,1,1,1,0.0,47.0,6172.0,100.0,16733.0,57.0,5826.0,100.0,30814,45172.0,45172.0,0,1
221740,73.0,18.0,10494,8510.0,2489.0,2473.0,7.0,94.0,0,1,0,1,0.0,37.0,5785.0,58.0,4207.0,43.0,7322.0,96.0,10448,28552.0,36616.0,0,0
221759,92.0,18.0,59764,24863.0,6804.0,6794.0,24.0,81.0,0,1,0,1,7.57,16.0,5603.0,88.0,7652.0,30.0,9536.0,96.0,13812,35064.0,54508.0,0,0
221768,77.0,16.0,6077,5360.0,1220.0,1212.0,3.0,98.0,0,1,0,1,9.35,51.0,5979.0,84.0,3135.0,41.0,5852.0,99.0,10560,24204.0,30244.0,0,0
221838,33.0,13.0,9660,6773.0,880.0,876.0,33.0,65.0,0,1,1,0,0.0,55.0,5142.0,28.0,10271.0,49.0,6461.0,75.0,8616,27177.0,40977.0,0,0
221847,78.0,16.0,11538,8784.0,2006.0,1999.0,2.0,95.0,0,1,0,1,5.73,37.0,5472.0,70.0,4632.0,42.0,6448.0,97.0,11376,31758.0,35958.0,0,0
221892,74.0,20.0,2448,1700.0,456.0,456.0,16.0,80.0,1,1,1,1,10.36,38.0,5532.0,100.0,18497.0,46.0,5959.0,100.0,31300,45080.0,45080.0,0,1
221953,63.0,18.0,1660,1198.0,196.0,194.0,0.0,0.0,1,1,1,0,0.0,46.0,6245.0,94.0,17306.0,53.0,6999.0,100.0,29250,47130.0,47130.0,0,1
221971,89.0,9.0,1970,1190.0,358.0,346.0,15.0,78.0,1,1,1,1,8.14,30.0,5353.0,98.0,24791.0,41.0,8059.0,100.0,40025,58131.0,58131.0,0,1
221999,96.0,8.0,45409,2662.0,1630.0,1630.0,27.0,25.0,0,1,1,1,15.0,24.0,5841.0,66.0,61870.0,9.0,12263.0,70.0,67498,94142.0,94142.0,1,0
222178,81.0,13.0,11332,7482.0,906.0,906.0,45.0,24.0,1,1,0,0,0.0,24.0,5800.0,100.0,27890.0,43.0,12061.0,100.0,44200,63262.0,63262.0,0,1
222831,69.0,19.0,6415,5325.0,1494.0,1473.0,47.0,31.0,0,1,0,1,0.0,54.0,5840.0,74.0,3168.0,45.0,6899.0,98.0,8460,25786.0,35626.0,0,0
222983,79.0,11.0,5282,2517.0,357.0,357.0,24.0,8.0,1,1,0,1,12.0,32.0,5808.0,100.0,33422.0,53.0,9765.0,100.0,48680,65992.0,65992.0,0,1
223232,91.0,15.0,46946,24075.0,3427.0,3421.0,32.0,18.0,1,1,0,1,10.55,10.0,5727.0,98.0,25690.0,38.0,15571.0,99.0,58100,78816.0,78816.0,0,1
224004,58.0,16.0,2401,2191.0,176.0,168.0,0.0,0.0,1,1,1,0,8.54,52.0,6277.0,100.0,21737.0,65.0,6168.0,100.0,23500,40566.0,40566.0,0,1
224147,58.0,19.0,12049,10673.0,2237.0,2164.0,46.0,8.0,0,1,1,1,4.53,48.0,6037.0,57.0,2866.0,45.0,6447.0,83.0,9748,27306.0,38352.0,0,0
224226,64.0,16.0,6163,5475.0,614.0,602.0,29.0,15.0,1,1,1,0,8.11,30.0,5928.0,96.0,19529.0,45.0,12090.0,97.0,40190,55876.0,55876.0,0,1
224244,41.0,13.0,665,145.0,60.0,60.0,65.0,20.0,1,0,1,0,0.0,55.0,6051.0,97.0,6874.0,59.0,7658.0,97.0,21730,38630.0,38630.0,0,1
224323,77.0,11.0,3664,1958.0,395.0,395.0,40.0,19.0,1,1,0,0,7.7,29.0,5674.0,99.0,36287.0,48.0,7437.0,99.0,53930,72845.0,72845.0,0,1
224527,71.0,14.0,1759,1016.0,354.0,350.0,0.0,0.0,1,0,1,0,7.23,40.0,5448.0,100.0,14509.0,65.0,8474.0,100.0,30680,45330.0,45330.0,0,1
224545,64.0,14.0,3431,2180.0,368.0,343.0,0.0,0.0,0,1,1,0,0.0,57.0,6241.0,54.0,4916.0,45.0,6337.0,97.0,8349,29381.0,66112.0,0,0
224554,57.0,17.0,10625,9801.0,1202.0,1168.0,35.0,13.0,0,1,1,0,6.0,68.0,6567.0,61.0,3419.0,59.0,5582.0,95.0,10026,25156.0,37456.0,0,0
225247,65.0,15.0,3479,3131.0,383.0,383.0,32.0,20.0,1,1,0,0,12.94,46.0,6131.0,99.0,19711.0,93.0,7080.0,100.0,32960,49136.0,49136.0,0,1
225399,69.0,18.0,8455,7139.0,751.0,691.0,33.0,6.0,1,1,1,0,5.17,61.0,6028.0,100.0,22334.0,63.0,6205.0,100.0,39430,58132.0,58132.0,0,1
225414,74.0,15.0,2352,2129.0,473.0,364.0,69.0,6.0,0,1,0,0,0.0,55.0,5915.0,33.0,5109.0,21.0,5341.0,80.0,7770,26058.0,39402.0,0,0
225432,67.0,18.0,6551,5893.0,1181.0,857.0,41.0,4.0,0,1,1,1,0.0,71.0,6733.0,25.0,2869.0,21.0,4946.0,88.0,7708,43500.0,49618.0,0,0
225502,65.0,15.0,1880,1803.0,221.0,204.0,0.0,0.0,0,1,1,1,0.0,56.0,6948.0,72.0,3494.0,28.0,6825.0,91.0,7149,23153.0,32993.0,0,0
225511,87.0,22.0,31716,23446.0,6218.0,5778.0,46.0,13.0,0,1,1,1,4.0,45.0,6210.0,56.0,5776.0,36.0,7249.0,83.0,9717,27761.0,40591.0,0,0
225548,52.0,10.0,1189,801.0,216.0,187.0,41.0,17.0,1,1,0,0,5.2,50.0,5362.0,91.0,15194.0,79.0,10098.0,91.0,34982,49576.0,49576.0,0,1
225575,58.0,14.0,3190,1247.0,290.0,288.0,5.0,6.0,1,1,1,0,5.0,69.0,3583.0,18.0,2317.0,96.0,5966.0,96.0,26709,38078.0,38078.0,0,1
225627,71.0,12.0,11316,11105.0,1016.0,1013.0,0.0,0.0,1,1,1,0,5.5,57.0,5492.0,100.0,19167.0,94.0,6831.0,100.0,37090,56078.0,56078.0,0,1
226091,62.0,20.0,8990,7768.0,1703.0,1609.0,43.0,8.0,0,1,1,0,6.57,56.0,6136.0,67.0,6685.0,44.0,5943.0,93.0,8905,25709.0,35549.0,0,0
226152,78.0,21.0,8499,3771.0,1363.0,1345.0,51.0,6.0,0,1,0,0,0.0,73.0,6306.0,52.0,5195.0,13.0,4431.0,99.0,7894,22762.0,34322.0,0,0
226231,81.0,11.0,3673,1396.0,311.0,300.0,96.0,58.0,1,1,1,0,0.0,24.0,5580.0,98.0,18946.0,55.0,9812.0,99.0,37160,54388.0,54388.0,0,1
226383,70.0,11.0,1669,1220.0,316.0,316.0,30.0,18.0,1,1,0,1,19.5,40.0,6004.0,99.0,13528.0,79.0,7424.0,100.0,28540,45980.0,45980.0,0,1
226471,62.0,17.0,13004,12452.0,687.0,683.0,39.0,14.0,1,1,1,0,13.45,49.0,5368.0,53.0,26506.0,67.0,7157.0,99.0,32020,51454.0,51454.0,0,1
226587,64.0,16.0,4837,2759.0,331.0,331.0,12.0,7.0,1,1,0,0,0.0,59.0,5870.0,98.0,17012.0,74.0,6817.0,99.0,32340,46908.0,46908.0,0,1
226833,64.0,18.0,7803,7297.0,944.0,926.0,0.0,0.0,0,1,0,1,0.0,58.0,5881.0,68.0,6211.0,51.0,5827.0,96.0,10580,26340.0,28290.0,0,0
227216,77.0,25.0,38477,27793.0,6730.0,6558.0,43.0,9.0,0,1,0,0,6.4,45.0,5759.0,70.0,5582.0,44.0,6248.0,90.0,11309,27711.0,37551.0,0,0
227368,81.0,20.0,18377,17310.0,7013.0,5491.0,27.0,23.0,0,1,1,1,0.0,76.0,6718.0,55.0,3275.0,14.0,3905.0,95.0,9987,24883.0,34723.0,0,0
227429,49.0,20.0,3088,1244.0,169.0,140.0,0.0,0.0,1,1,1,0,0.0,84.0,7726.0,88.0,2123.0,84.0,6786.0,100.0,13498,25348.0,25348.0,0,1
227526,76.0,17.0,12936,10259.0,1885.0,1822.0,63.0,16.0,0,1,1,0,0.0,70.0,5827.0,52.0,7424.0,68.0,6304.0,88.0,11299,27798.0,43373.0,0,0
227757,97.0,6.0,32473,2597.0,1148.0,1148.0,48.0,22.0,0,1,1,1,10.43,18.0,6321.0,56.0,53802.0,7.0,10792.0,64.0,64144,87824.0,87824.0,1,0
227845,80.0,12.0,5830,4747.0,453.0,453.0,18.0,4.0,1,1,1,1,12.89,48.0,5958.0,97.0,32790.0,51.0,8139.0,98.0,51384,71334.0,71334.0,0,1
227863,78.0,16.0,2878,2588.0,769.0,754.0,31.0,3.0,1,1,1,1,14.0,58.0,6178.0,89.0,18834.0,31.0,5933.0,94.0,34634,50414.0,50414.0,0,1
227881,73.0,19.0,17179,15506.0,3270.0,3171.0,52.0,6.0,0,1,1,1,6.03,50.0,5813.0,8.0,5337.0,54.0,5704.0,85.0,9228,26194.0,36034.0,0,0
228042,67.0,13.0,2475,2183.0,326.0,322.0,0.0,0.0,1,1,0,1,3.39,48.0,5726.0,99.0,20161.0,73.0,12130.0,100.0,39266,52114.0,52114.0,0,1
228149,73.0,11.0,4724,4618.0,583.0,579.0,41.0,11.0,1,1,0,0,5.78,50.0,5530.0,98.0,22507.0,58.0,7821.0,100.0,37434,54728.0,54728.0,0,1
228246,91.0,11.0,15245,9657.0,1716.0,1715.0,16.0,9.0,1,1,1,1,13.45,13.0,5755.0,67.0,35554.0,26.0,13116.0,71.0,67040,89602.0,89602.0,0,1
228325,75.0,15.0,656,584.0,332.0,329.0,99.0,1.0,1,0,0,0,0.0,50.0,5559.0,87.0,8064.0,65.0,6755.0,99.0,25064,42412.0,42412.0,0,1
228343,81.0,11.0,6313,2718.0,374.0,374.0,44.0,13.0,1,1,0,1,18.0,30.0,5649.0,98.0,31958.0,50.0,7647.0,99.0,53813,71865.0,71865.0,0,1
228431,72.0,16.0,13596,12779.0,2186.0,2161.0,43.0,12.0,0,1,0,1,0.0,47.0,6089.0,77.0,4863.0,47.0,7041.0,91.0,11128,28830.0,41128.0,0,0
228459,80.0,21.0,34146,30498.0,8195.0,7890.0,41.0,6.0,0,1,1,1,6.41,45.0,5874.0,41.0,6808.0,48.0,6695.0,87.0,11450,29130.0,40610.0,0,0
228468,73.0,12.0,758,594.0,123.0,118.0,98.0,31.0,1,1,0,0,0.0,58.0,6229.0,99.0,9712.0,65.0,6433.0,100.0,25380,39288.0,39288.0,0,1
228501,45.0,11.0,1159,1144.0,209.0,204.0,15.0,5.0,0,1,0,1,4.1,62.0,5549.0,71.0,3316.0,53.0,5201.0,92.0,7592,26578.0,36658.0,0,0
228529,70.0,20.0,13705,12273.0,2986.0,2835.0,47.0,14.0,0,1,1,0,9.4,38.0,6731.0,85.0,2755.0,51.0,9738.0,97.0,8302,24352.0,34192.0,0,0
228705,65.0,18.0,8846,8043.0,1286.0,1250.0,1.0,0.0,0,1,1,1,4.76,67.0,6179.0,77.0,3726.0,46.0,6128.0,96.0,9892,25776.0,41630.0,0,0
228723,94.0,20.0,54669,31397.0,12530.0,10928.0,79.0,21.0,0,1,1,1,8.69,22.0,5980.0,53.0,7942.0,28.0,8684.0,74.0,13154,33876.0,60846.0,0,0
228769,73.0,23.0,24623,19675.0,5202.0,4649.0,70.0,12.0,0,1,1,1,4.57,56.0,5700.0,75.0,5902.0,28.0,5680.0,92.0,11950,29562.0,47194.0,0,0
228778,97.0,18.0,72885,19417.0,9210.0,9075.0,56.0,18.0,0,1,0,0,0.0,26.0,6003.0,37.0,5615.0,27.0,6066.0,65.0,11688,32446.0,65666.0,0,0
228787,90.0,23.0,31789,20704.0,4196.0,4007.0,78.0,15.0,0,1,1,1,4.03,27.0,5876.0,62.0,8390.0,29.0,7586.0,74.0,14644,34188.0,59688.0,0,0
228796,79.0,21.0,11996,11986.0,4019.0,3185.0,54.0,2.0,0,1,1,1,0.0,70.0,6273.0,31.0,2777.0,17.0,5003.0,88.0,9744,25916.0,41674.0,0,0
228802,77.0,17.0,5603,5268.0,1423.0,1220.0,35.0,13.0,0,1,1,1,7.68,47.0,6162.0,66.0,6006.0,28.0,6233.0,90.0,9736,29550.0,45308.0,0,0
228875,93.0,14.0,22307,9925.0,2453.0,2446.0,22.0,21.0,1,1,1,1,14.2,16.0,5884.0,80.0,33125.0,27.0,14942.0,89.0,61740,83662.0,83662.0,0,1
228981,62.0,11.0,2306,2207.0,370.0,370.0,0.0,0.0,1,1,0,0,9.3,45.0,6114.0,100.0,19660.0,82.0,7584.0,100.0,36230,53230.0,53230.0,0,1
229018,61.0,19.0,1565,1485.0,653.0,604.0,37.0,5.0,0,1,1,1,0.0,49.0,5103.0,90.0,3929.0,22.0,5566.0,98.0,9236,28572.0,40840.0,0,0
229027,80.0,24.0,25422,22063.0,5980.0,4671.0,61.0,7.0,0,1,0,1,3.47,54.0,5934.0,64.0,5420.0,37.0,5124.0,86.0,9011,27925.0,40965.0,0,0
229063,66.0,19.0,9391,9101.0,1628.0,1522.0,37.0,14.0,0,1,1,0,0.0,80.0,6233.0,69.0,2351.0,71.0,6674.0,97.0,9173,29655.0,41955.0,0,0
229115,85.0,20.0,34356,24958.0,6772.0,6701.0,33.0,11.0,0,1,1,1,8.8,31.0,5851.0,76.0,7149.0,42.0,8565.0,90.0,11852,28525.0,41124.0,0,0
229160,61.0,12.0,5036,3483.0,479.0,478.0,16.0,1.0,1,1,1,0,5.27,63.0,6005.0,99.0,25015.0,40.0,6599.0,99.0,39582,58974.0,58974.0,0,1
229179,70.0,16.0,8353,8029.0,1596.0,1566.0,0.0,0.0,0,1,1,0,6.86,60.0,5715.0,69.0,4767.0,51.0,6213.0,94.0,8640,25366.0,35206.0,0,0
229267,93.0,8.0,12506,3241.0,650.0,650.0,29.0,14.0,1,1,0,1,21.0,20.0,5738.0,100.0,33514.0,53.0,7561.0,100.0,53676,70826.0,70826.0,0,1
229780,45.0,10.0,1939,1085.0,347.0,316.0,0.0,0.0,1,1,1,1,0.0,59.0,5502.0,74.0,11511.0,71.0,7331.0,95.0,23782,38136.0,38136.0,0,1
229814,70.0,14.0,3717,3668.0,1197.0,1167.0,48.0,32.0,0,1,1,0,3.96,44.0,5463.0,58.0,2936.0,40.0,6866.0,94.0,9101,25955.0,27850.0,0,0
230038,91.0,21.0,11698,7929.0,6147.0,6000.0,12.0,46.0,1,1,0,0,11.02,12.0,5241.0,48.0,4481.0,8.0,5759.0,68.0,6688,21940.0,21940.0,0,1
230047,74.0,18.0,1020,479.0,360.0,354.0,12.0,24.0,1,0,0,0,0.0,11.0,6494.0,69.0,12116.0,5.0,7970.0,73.0,6630,24173.0,24173.0,0,1
230603,76.0,22.0,19080,15605.0,2134.0,1950.0,0.0,0.0,0,1,0,0,6.2,28.0,7535.0,89.0,7574.0,25.0,5697.0,96.0,6962,20898.0,35128.0,0,0
230728,71.0,19.0,20871,19299.0,4598.0,4146.0,13.0,72.0,0,1,1,1,7.9,23.0,7133.0,73.0,7600.0,20.0,7059.0,92.0,9228,23436.0,39010.0,0,0
230764,86.0,19.0,26822,23062.0,6001.0,5858.0,10.0,38.0,0,1,1,1,10.0,18.0,5407.0,69.0,11587.0,21.0,8594.0,79.0,9620,33875.0,55115.0,0,0
230807,76.0,8.0,2964,1973.0,192.0,192.0,9.0,35.0,0,1,1,1,20.0,27.0,6071.0,100.0,28390.0,85.0,6597.0,100.0,43528,59396.0,59396.0,1,0
230816,82.0,9.0,2996,1334.0,154.0,153.0,10.0,4.0,0,1,0,0,31.69,27.0,5184.0,100.0,51297.0,54.0,6393.0,100.0,66262,90170.0,90170.0,1,0
230852,82.0,13.0,3835,3180.0,366.0,340.0,13.0,4.0,0,1,1,0,7.0,26.0,5519.0,94.0,25559.0,62.0,9729.0,99.0,47850,69122.0,69122.0,1,0
230959,94.0,8.0,12540,1348.0,598.0,598.0,25.0,17.0,0,1,0,1,25.0,18.0,6208.0,46.0,57180.0,25.0,6814.0,50.0,67600,88850.0,88850.0,1,0
230995,79.0,13.0,5313,3955.0,544.0,519.0,3.0,0.0,0,1,0,1,5.95,28.0,5397.0,100.0,40209.0,64.0,9985.0,100.0,49740,69476.0,69476.0,1,0
231059,80.0,10.0,2788,2356.0,278.0,278.0,9.0,4.0,1,1,0,0,18.0,30.0,5636.0,100.0,37718.0,60.0,11907.0,100.0,51450,71726.0,71726.0,0,1
231095,86.0,7.0,69,46.0,5.0,5.0,0.0,0.0,0,0,0,0,0.0,43.0,6562.0,100.0,28086.0,43.0,8496.0,100.0,40760,54410.0,54410.0,1,0
231165,68.0,13.0,3529,2882.0,662.0,610.0,0.0,0.0,0,1,1,0,9.0,43.0,5479.0,87.0,4126.0,73.0,9846.0,95.0,11952,33274.0,43618.0,0,0
231174,89.0,17.0,27138,17722.0,2808.0,2791.0,28.0,11.0,0,1,0,0,24.51,14.0,5186.0,93.0,18339.0,47.0,10037.0,95.0,19058,36802.0,63246.0,0,0
231420,65.0,16.0,2573,1456.0,263.0,252.0,7.0,3.0,1,1,0,0,6.8,46.0,5866.0,95.0,25602.0,77.0,6673.0,99.0,38550,57276.0,57276.0,0,1
231554,61.0,14.0,1386,822.0,152.0,149.0,0.0,0.0,1,1,0,0,0.0,56.0,5523.0,52.0,26152.0,75.0,6302.0,94.0,26770,40060.0,40060.0,0,1
231581,75.0,13.0,3938,3612.0,366.0,366.0,6.0,1.0,1,1,1,1,8.84,32.0,5833.0,100.0,41916.0,69.0,6413.0,100.0,16090,35523.0,35523.0,0,1
231624,95.0,12.0,17798,6064.0,1614.0,1614.0,43.0,16.0,0,1,0,1,14.0,11.0,5795.0,42.0,19346.0,24.0,9875.0,55.0,25914,45606.0,70730.0,0,0
231651,75.0,18.0,8414,3207.0,690.0,430.0,11.0,4.0,0,1,1,0,0.0,51.0,6102.0,71.0,9664.0,53.0,6716.0,97.0,21650,34148.0,34148.0,1,0
231712,81.0,13.0,7341,6316.0,1140.0,1139.0,38.0,3.0,0,1,0,0,10.32,19.0,5552.0,57.0,5278.0,45.0,10046.0,78.0,16828,35272.0,49622.0,0,0
232025,66.0,12.0,2569,2149.0,256.0,256.0,10.0,11.0,1,1,0,0,14.6,34.0,5469.0,98.0,26921.0,61.0,6751.0,98.0,39000,56548.0,56548.0,0,1
232043,76.0,9.0,1470,1470.0,183.0,181.0,0.0,0.0,1,1,1,0,9.6,40.0,5315.0,96.0,26071.0,64.0,8303.0,99.0,43920,61110.0,61110.0,0,1
232089,64.0,11.0,1787,1590.0,183.0,183.0,0.0,0.0,1,1,1,0,0.0,59.0,6341.0,98.0,26904.0,97.0,5169.0,100.0,28520,45300.0,45300.0,0,1
232186,86.0,16.0,25234,22074.0,4464.0,4270.0,19.0,2.0,0,1,1,1,6.52,29.0,6083.0,45.0,9417.0,37.0,8375.0,79.0,14220,34900.0,59368.0,0,0
232256,84.0,9.0,3177,1300.0,296.0,296.0,7.0,5.0,0,1,0,1,9.4,25.0,5411.0,99.0,36468.0,43.0,7729.0,100.0,54550,75676.0,75676.0,1,0
232265,85.0,15.0,17885,11133.0,1147.0,1137.0,49.0,16.0,0,1,0,0,0.0,36.0,5844.0,65.0,14886.0,55.0,8078.0,82.0,30592,48800.0,48800.0,1,0
232308,74.0,8.0,2827,1921.0,184.0,184.0,12.0,1.0,0,1,0,0,5.95,47.0,5892.0,100.0,30738.0,59.0,5691.0,100.0,43560,63020.0,63020.0,1,0
232423,92.0,17.0,38428,27482.0,4990.0,4986.0,14.0,3.0,0,1,0,1,11.53,14.0,5374.0,27.0,7731.0,35.0,9773.0,58.0,14250,33276.0,50630.0,0,0
232557,80.0,18.0,24942,24687.0,6021.0,4654.0,0.0,0.0,1,1,0,0,4.7,31.0,5685.0,97.0,9684.0,51.0,8360.0,97.0,22465,44489.0,44489.0,0,1
232566,80.0,15.0,5391,4864.0,827.0,819.0,25.0,3.0,0,1,1,1,15.3,34.0,5524.0,90.0,7486.0,53.0,6782.0,99.0,15744,37316.0,49550.0,0,0
232609,71.0,11.0,6948,2988.0,438.0,434.0,11.0,1.0,1,1,1,1,9.88,31.0,5760.0,99.0,21860.0,75.0,6853.0,100.0,36750,53500.0,53500.0,0,1
232681,84.0,13.0,5124,4088.0,725.0,721.0,26.0,4.0,0,1,1,1,15.81,21.0,5685.0,94.0,5720.0,33.0,8577.0,99.0,14640,32900.0,45820.0,0,0
232706,73.0,14.0,4329,4033.0,466.0,457.0,0.0,0.0,1,1,1,1,7.54,32.0,5928.0,96.0,21401.0,52.0,9869.0,99.0,40920,65280.0,65280.0,0,1
232937,73.0,15.0,11247,9871.0,1305.0,1289.0,9.0,1.0,0,1,0,0,0.0,73.0,6026.0,22.0,5064.0,66.0,11083.0,94.0,10180,27551.0,39053.0,0,0
232982,77.0,13.0,15100,13645.0,2721.0,2665.0,13.0,2.0,0,1,1,1,11.89,43.0,5922.0,68.0,4993.0,49.0,7268.0,94.0,12750,32988.0,54018.0,0,0
233277,76.0,14.0,10960,9813.0,1416.0,1411.0,11.0,2.0,0,1,0,1,10.08,40.0,5811.0,88.0,5062.0,56.0,6571.0,96.0,12548,30148.0,43233.0,0,0
233295,84.0,11.0,3242,2808.0,532.0,532.0,26.0,2.0,1,1,0,1,19.5,20.0,5222.0,100.0,29991.0,62.0,9542.0,100.0,49466,66706.0,66706.0,0,1
233301,75.0,8.0,2416,2264.0,266.0,266.0,5.0,8.0,0,1,0,0,15.0,48.0,6010.0,100.0,16567.0,61.0,6949.0,100.0,30310,46845.0,46845.0,1,0
233374,91.0,7.0,16152,3585.0,841.0,840.0,19.0,14.0,0,1,1,1,17.0,15.0,5977.0,52.0,51249.0,27.0,7729.0,63.0,65230,84930.0,84930.0,1,0
233426,76.0,11.0,5785,4805.0,468.0,468.0,25.0,6.0,1,1,0,1,9.0,27.0,5936.0,100.0,23835.0,93.0,7415.0,100.0,38068,56684.0,56684.0,0,1
233541,82.0,12.0,4200,3232.0,540.0,539.0,0.0,0.0,1,1,1,0,8.0,26.0,5696.0,100.0,20606.0,65.0,10669.0,100.0,36950,53540.0,53540.0,0,1
233611,74.0,14.0,1451,1399.0,300.0,297.0,0.0,0.0,0,1,0,0,7.0,38.0,5780.0,100.0,7255.0,55.0,9634.0,100.0,21280,36174.0,36174.0,1,0
233718,69.0,9.0,1239,936.0,124.0,124.0,9.0,0.0,0,1,0,0,20.0,31.0,5651.0,96.0,18607.0,41.0,5207.0,99.0,26160,45640.0,45640.0,1,0
233897,72.0,14.0,6581,1878.0,284.0,282.0,10.0,8.0,0,1,0,0,0.0,65.0,5546.0,99.0,5416.0,44.0,7342.0,99.0,11780,28606.0,44836.0,0,0
233921,93.0,17.0,52498,28758.0,7289.0,7281.0,41.0,9.0,0,1,1,1,9.0,15.0,5712.0,60.0,6031.0,38.0,11377.0,67.0,15948,39670.0,61486.0,0,0
234030,85.0,17.0,20954,19408.0,4190.0,4149.0,34.0,3.0,0,1,1,1,14.9,35.0,5916.0,81.0,8038.0,44.0,8490.0,92.0,16945,42793.0,65957.0,0,0
234076,98.0,15.0,58951,9909.0,3961.0,3952.0,46.0,14.0,0,1,0,0,12.0,16.0,6032.0,37.0,23976.0,23.0,8794.0,57.0,21803,41803.0,79512.0,0,0
234085,81.0,9.0,2066,1472.0,467.0,467.0,4.0,3.0,0,1,0,0,0.0,19.0,5890.0,77.0,20667.0,44.0,13371.0,96.0,21046,35706.0,67298.0,0,0
234155,69.0,13.0,11775,10436.0,1489.0,1482.0,10.0,1.0,0,1,0,0,0.0,67.0,6654.0,62.0,3072.0,90.0,7367.0,92.0,10043,28338.0,40945.0,0,0
234164,67.0,16.0,2835,2778.0,396.0,347.0,10.0,0.0,1,1,1,0,0.0,73.0,6520.0,35.0,5988.0,73.0,14855.0,88.0,17450,36610.0,36610.0,0,1
234173,74.0,15.0,3808,2775.0,330.0,330.0,0.0,0.0,1,1,1,1,7.6,42.0,5941.0,99.0,24285.0,70.0,7406.0,100.0,37500,54030.0,54030.0,0,1
234207,97.0,7.0,8213,1147.0,472.0,472.0,24.0,20.0,0,1,0,0,0.0,12.0,5639.0,60.0,64471.0,16.0,9917.0,70.0,68045,91700.0,91700.0,1,0
234827,70.0,15.0,8919,8082.0,1619.0,1514.0,0.0,0.0,0,1,1,1,7.95,38.0,5345.0,74.0,3208.0,47.0,6266.0,90.0,9417,32722.0,50831.0,0,0
235024,69.0,6.0,1249,777.0,150.0,150.0,0.0,0.0,0,0,0,0,28.95,36.0,5514.0,100.0,14092.0,67.0,10397.0,100.0,41684,62814.0,62814.0,1,0
235097,67.0,18.0,6581,5972.0,1357.0,1281.0,0.0,0.0,0,1,1,0,10.79,46.0,5306.0,70.0,4005.0,44.0,6375.0,91.0,8586,28582.0,45955.0,0,0
235167,70.0,17.0,1296,1249.0,317.0,307.0,7.0,5.0,0,1,1,1,15.1,43.0,5605.0,78.0,6510.0,45.0,6634.0,93.0,9264,28005.0,50646.0,0,0
235316,93.0,12.0,8759,7155.0,1251.0,1251.0,7.0,22.0,1,1,1,1,13.0,16.0,5372.0,100.0,31178.0,43.0,8107.0,100.0,55480,76693.0,76693.0,0,1
236133,84.0,9.0,625,520.0,160.0,159.0,15.0,2.0,1,1,0,1,11.0,28.0,5767.0,100.0,21570.0,50.0,8553.0,100.0,36035,51367.0,51367.0,0,1
236230,82.0,12.0,4992,3895.0,550.0,548.0,15.0,2.0,1,1,1,0,12.0,40.0,5699.0,98.0,33166.0,46.0,7919.0,99.0,52254,68792.0,68792.0,0,1
236328,84.0,10.0,5239,3785.0,430.0,430.0,31.0,10.0,0,1,0,1,30.88,14.0,5266.0,98.0,33520.0,42.0,7499.0,100.0,62898,83940.0,83940.0,1,0
236452,65.0,11.0,2127,1910.0,245.0,244.0,12.0,4.0,1,1,1,0,0.0,44.0,5495.0,99.0,26661.0,81.0,3985.0,100.0,45510,66324.0,66324.0,0,1
236577,72.0,13.0,2885,2406.0,379.0,376.0,0.0,0.0,1,1,0,0,9.6,48.0,5409.0,99.0,23846.0,49.0,6824.0,99.0,40407,62440.0,62440.0,0,1
236595,84.0,10.0,8468,6514.0,888.0,883.0,8.0,1.0,1,1,0,0,15.44,27.0,5983.0,98.0,31089.0,59.0,7670.0,100.0,56721,75128.0,75128.0,0,1
236939,78.0,15.0,25462,22060.0,4350.0,4262.0,0.0,0.0,0,1,0,0,7.24,28.0,5586.0,72.0,6100.0,35.0,7804.0,89.0,13391,31219.0,47778.0,0,0
236948,95.0,20.0,69166,27076.0,7196.0,7121.0,0.0,0.0,0,1,1,1,8.0,18.0,5613.0,40.0,8656.0,19.0,7651.0,56.0,12973,35305.0,65541.0,0,0
237011,79.0,18.0,14115,13162.0,3019.0,2970.0,9.0,2.0,0,1,1,0,17.3,21.0,5323.0,90.0,3995.0,37.0,7517.0,95.0,9582,31275.0,50400.0,0,0
237057,87.0,10.0,7243,2763.0,390.0,390.0,9.0,7.0,0,1,0,1,20.5,23.0,6082.0,93.0,38098.0,67.0,5182.0,97.0,64050,81330.0,81330.0,1,0
237066,78.0,11.0,4197,3768.0,525.0,524.0,13.0,5.0,1,1,0,0,0.0,34.0,5974.0,96.0,35314.0,61.0,7358.0,98.0,52880,71402.0,71402.0,0,1
237136,66.0,7.0,99,77.0,61.0,60.0,36.0,31.0,1,1,0,0,0.0,60.0,5375.0,100.0,14302.0,21.0,4536.0,100.0,18760,32598.0,32598.0,0,1
237181,54.0,12.0,1359,799.0,218.0,218.0,0.0,0.0,1,1,0,1,8.99,65.0,6428.0,99.0,24990.0,87.0,7782.0,100.0,36765,53569.0,53569.0,0,1
237215,55.0,13.0,687,668.0,219.0,208.0,50.0,11.0,0,1,0,0,0.0,64.0,5248.0,84.0,5313.0,71.0,6652.0,98.0,10648,27260.0,34988.0,0,0
237312,75.0,15.0,2573,1583.0,266.0,260.0,0.0,0.0,0,1,1,0,0.0,35.0,5587.0,94.0,22654.0,61.0,7582.0,100.0,33800,50950.0,50950.0,1,0
237330,65.0,16.0,2582,2390.0,436.0,430.0,57.0,21.0,0,0,0,1,5.43,53.0,5910.0,83.0,5543.0,45.0,6624.0,99.0,10664,27750.0,39086.0,0,0
237358,65.0,10.0,705,665.0,165.0,165.0,0.0,0.0,1,1,0,0,17.0,41.0,5738.0,100.0,21465.0,60.0,7270.0,100.0,31820,47865.0,47865.0,0,1
237367,67.0,14.0,1955,1928.0,651.0,634.0,78.0,31.0,0,1,1,0,5.53,45.0,5307.0,78.0,3072.0,45.0,8881.0,96.0,8708,23364.0,33580.0,0,0
237525,72.0,16.0,6816,6525.0,1831.0,1818.0,71.0,51.0,0,1,1,1,9.15,51.0,6499.0,86.0,6785.0,44.0,6424.0,98.0,9162,27754.0,38934.0,0,0
237792,71.0,17.0,1646,1593.0,505.0,497.0,54.0,8.0,0,1,0,1,8.44,40.0,5779.0,87.0,3647.0,50.0,8980.0,98.0,9056,25435.0,35461.0,0,0
237899,57.0,13.0,6163,5914.0,326.0,320.0,2.0,2.0,0,1,0,1,0.0,57.0,5377.0,58.0,5008.0,47.0,7134.0,91.0,9570,28059.0,33479.0,0,0
237932,69.0,12.0,1356,1319.0,416.0,413.0,61.0,36.0,0,1,1,0,0.0,44.0,5126.0,38.0,5583.0,63.0,10493.0,97.0,8893,26835.0,35384.0,0,0
237950,62.0,13.0,1453,533.0,279.0,276.0,78.0,32.0,0,1,0,0,11.1,45.0,5406.0,83.0,5265.0,37.0,6132.0,98.0,8424,28440.0,41088.0,0,0
237969,67.0,13.0,1397,1304.0,295.0,294.0,41.0,16.0,1,1,0,1,8.53,41.0,6282.0,100.0,23696.0,69.0,7061.0,100.0,34090,52143.0,52143.0,0,1
238032,83.0,19.0,18729,16669.0,4129.0,4112.0,58.0,24.0,0,1,0,0,11.6,24.0,5333.0,91.0,9092.0,56.0,5505.0,97.0,10104,31716.0,50220.0,0,0
238078,54.0,15.0,2796,1766.0,180.0,180.0,0.0,0.0,1,0,1,1,0.0,38.0,6121.0,94.0,19824.0,67.0,9313.0,99.0,29875,45777.0,45777.0,0,1
238193,61.0,13.0,624,535.0,89.0,88.0,0.0,0.0,1,1,1,1,13.0,65.0,5970.0,98.0,20289.0,53.0,6244.0,99.0,34086,54402.0,54402.0,0,1
238324,95.0,10.0,71,69.0,59.0,54.0,0.0,0.0,0,1,0,0,4.0,23.0,6045.0,98.0,1832.0,70.0,8522.0,100.0,30952,43500.0,49618.0,1,0
238333,81.0,12.0,3853,2429.0,224.0,224.0,8.0,7.0,0,1,0,0,15.08,29.0,5809.0,100.0,44766.0,65.0,8166.0,100.0,60886,74892.0,74892.0,1,0
238458,78.0,14.0,6164,4120.0,722.0,720.0,10.0,26.0,1,1,1,0,10.94,24.0,4864.0,94.0,24595.0,71.0,8919.0,100.0,38890,58172.0,58172.0,0,1
238476,73.0,14.0,7777,6771.0,762.0,762.0,0.0,3.0,1,1,1,0,13.0,35.0,5026.0,100.0,21419.0,96.0,7527.0,100.0,38750,55300.0,55300.0,0,1
238616,78.0,11.0,3945,3085.0,434.0,424.0,0.0,5.0,1,1,1,1,5.82,27.0,5129.0,98.0,19111.0,65.0,9779.0,100.0,35470,56270.0,56270.0,0,1
238661,73.0,15.0,2274,1722.0,275.0,268.0,0.0,0.0,1,1,0,0,23.1,36.0,5259.0,98.0,19750.0,68.0,8489.0,100.0,35860,52822.0,52822.0,0,1
238980,63.0,12.0,1261,1088.0,175.0,172.0,0.0,0.0,1,1,1,0,0.0,51.0,5430.0,100.0,20155.0,96.0,5703.0,100.0,33396,51118.0,51118.0,0,1
239017,87.0,7.0,3270,2091.0,351.0,350.0,21.0,33.0,0,1,0,0,15.67,24.0,5730.0,100.0,40646.0,53.0,7331.0,100.0,56982,71697.0,71697.0,1,0
239071,88.0,11.0,274,197.0,135.0,113.0,16.0,58.0,1,1,0,0,0.0,55.0,5447.0,90.0,5430.0,30.0,6221.0,98.0,21550,39986.0,39986.0,0,1
239080,67.0,11.0,1619,1214.0,219.0,181.0,0.0,0.0,1,1,1,0,5.0,36.0,5270.0,100.0,18581.0,87.0,6537.0,100.0,35178,49027.0,49027.0,0,1
239105,91.0,14.0,18701,15212.0,2149.0,2148.0,14.0,26.0,1,1,1,1,12.4,20.0,5820.0,100.0,30756.0,44.0,9660.0,100.0,51170,71819.0,71819.0,0,1
239309,80.0,11.0,1039,629.0,209.0,209.0,0.0,0.0,0,1,0,0,21.58,41.0,5875.0,100.0,21960.0,81.0,9923.0,100.0,43743,57672.0,57672.0,1,0
239318,84.0,12.0,6287,3705.0,637.0,637.0,0.0,0.0,0,1,1,1,12.29,27.0,5403.0,100.0,34258.0,58.0,8328.0,100.0,50480,67562.0,67562.0,1,0
239390,67.0,9.0,1322,824.0,116.0,115.0,1.0,17.0,1,1,1,1,17.0,73.0,6057.0,100.0,21243.0,71.0,5614.0,100.0,35420,54143.0,54143.0,0,1
239512,31.0,5.0,947,710.0,68.0,68.0,7.0,34.0,0,1,0,0,27.1,38.0,5725.0,100.0,30026.0,57.0,8738.0,100.0,44403,59453.0,59453.0,1,0
239628,72.0,12.0,1974,1576.0,172.0,172.0,33.0,35.0,0,1,0,0,9.12,30.0,4933.0,100.0,36403.0,76.0,7814.0,100.0,51900,65325.0,65325.0,1,0
239716,84.0,14.0,3304,2833.0,386.0,386.0,5.0,32.0,1,1,0,1,20.97,21.0,5031.0,100.0,29098.0,56.0,9475.0,100.0,45580,61642.0,61642.0,0,1
240107,76.0,10.0,1734,1256.0,200.0,200.0,2.0,47.0,1,1,1,1,13.0,27.0,5283.0,100.0,20910.0,67.0,7102.0,100.0,34250,49570.0,49570.0,0,1
240189,78.0,21.0,10187,8732.0,2160.0,2101.0,0.0,71.0,0,1,1,1,12.11,29.0,5177.0,29.0,1962.0,55.0,6552.0,80.0,8616,20216.0,30316.0,0,0
240268,82.0,19.0,8824,7266.0,2044.0,2036.0,0.0,44.0,0,1,0,0,8.0,22.0,5070.0,49.0,2149.0,51.0,7919.0,80.0,9642,22386.0,31972.0,0,0
240277,66.0,25.0,5899,5226.0,1318.0,1252.0,0.0,32.0,0,1,0,0,3.7,36.0,5423.0,34.0,3547.0,45.0,6136.0,81.0,8700,22138.0,30726.0,0,0
240329,87.0,20.0,7136,5388.0,2325.0,2323.0,0.0,34.0,0,1,0,0,10.44,14.0,4882.0,37.0,2113.0,47.0,7482.0,78.0,10070,21040.0,30487.0,0,0
240338,73.0,11.0,1575,1231.0,249.0,249.0,2.0,32.0,1,1,1,1,5.87,38.0,4934.0,98.0,21493.0,96.0,7562.0,100.0,36110,52198.0,52198.0,0,1
240365,69.0,22.0,7660,6626.0,1417.0,1394.0,0.0,30.0,0,1,0,0,11.6,30.0,5098.0,29.0,3316.0,43.0,6327.0,73.0,8532,22442.0,30356.0,0,0
240374,69.0,20.0,2649,1997.0,522.0,487.0,0.0,29.0,0,1,1,1,11.48,41.0,5423.0,24.0,3099.0,40.0,5816.0,81.0,8270,22618.0,31777.0,0,0
240392,40.0,19.0,596,562.0,387.0,119.0,0.0,0.0,0,0,1,0,0.0,75.0,4770.0,57.0,2188.0,70.0,7345.0,97.0,13450,43500.0,49618.0,1,0
240417,79.0,18.0,5547,4863.0,1187.0,1145.0,0.0,32.0,0,1,0,0,10.4,25.0,5145.0,36.0,2576.0,58.0,8488.0,78.0,10701,23693.0,32257.0,0,0
240426,72.0,18.0,1517,1411.0,272.0,264.0,0.0,17.0,0,1,0,0,7.4,31.0,5005.0,51.0,2999.0,42.0,6413.0,78.0,8812,23469.0,31383.0,0,0
240444,96.0,18.0,65894,29782.0,8514.0,8491.0,15.0,29.0,0,1,0,1,10.98,17.0,5553.0,32.0,15169.0,24.0,9678.0,60.0,11603,30005.0,60505.0,0,0
240453,73.0,17.0,16079,14581.0,3464.0,3391.0,0.0,66.0,0,1,0,1,5.1,40.0,5621.0,82.0,1992.0,47.0,7034.0,93.0,10398,26624.0,38624.0,0,0
240462,79.0,20.0,4934,4410.0,1310.0,1286.0,0.0,28.0,0,1,0,0,7.8,24.0,5126.0,72.0,2590.0,48.0,7191.0,91.0,8644,21776.0,30735.0,0,0
240471,76.0,19.0,5519,4510.0,1133.0,1112.0,0.0,19.0,0,1,0,1,13.97,26.0,5145.0,72.0,1753.0,54.0,7789.0,93.0,9008,21250.0,29712.0,0,0
240480,74.0,21.0,8590,7886.0,1852.0,1817.0,0.0,44.0,0,1,0,0,11.44,31.0,5105.0,75.0,1834.0,52.0,7162.0,92.0,9488,22098.0,31118.0,0,0
240727,80.0,13.0,6217,6023.0,1434.0,1415.0,0.0,0.0,0,1,0,1,8.16,21.0,5601.0,85.0,5677.0,36.0,9206.0,94.0,7768,26478.0,42888.0,0,0
241191,80.0,18.0,232,232.0,120.0,109.0,0.0,0.0,1,0,0,0,6.4,87.0,6876.0,40.0,573.0,5.0,3500.0,95.0,8350,19750.0,19750.0,0,1
241225,80.0,13.0,138,91.0,81.0,76.0,0.0,0.0,1,0,0,0,0.0,95.0,7171.0,58.0,684.0,1.0,2228.0,99.0,5986,18861.0,18861.0,0,1
241331,82.0,20.0,237,237.0,180.0,168.0,0.0,0.0,0,0,0,0,0.0,86.0,8884.0,0.0,12088.0,11.0,4845.0,89.0,8505,43500.0,49618.0,1,0
241395,87.0,10.0,193,181.0,30.0,27.0,0.0,0.0,1,1,0,0,6.77,100.0,7226.0,8.0,338.0,8.0,4500.0,100.0,6550,43500.0,49618.0,0,1
241410,83.0,16.0,2817,2763.0,885.0,876.0,3.0,0.0,1,1,0,0,10.04,90.0,6825.0,38.0,1008.0,21.0,3833.0,96.0,6650,23552.0,23552.0,0,1
241720,56.0,10.0,65,49.0,48.0,43.0,0.0,0.0,0,0,1,0,0.0,90.0,6463.0,0.0,12088.0,0.0,7519.5,90.0,2580,43500.0,49618.0,0,0
241766,88.0,4.0,97,76.0,66.0,11.0,0.0,0.0,0,0,0,0,5.0,50.0,5221.0,25.0,650.0,0.0,7519.5,50.0,3370,43500.0,49618.0,0,0
241836,67.0,15.0,188,180.0,180.0,96.0,0.0,0.0,0,1,1,0,0.0,95.0,8055.0,0.0,12088.0,28.0,6286.0,95.0,7050,43500.0,49618.0,1,0
241951,72.0,10.0,62,62.0,61.0,60.0,7.0,0.0,0,0,0,0,14.49,75.0,3224.0,0.0,12088.0,0.0,7519.5,75.0,4902,43500.0,49618.0,0,0
242617,80.0,25.0,1410,599.0,589.0,580.0,0.0,0.0,0,1,1,0,0.0,92.0,6785.0,36.0,732.0,2.0,2947.0,94.0,5780,22162.0,22162.0,1,0
242626,81.0,26.0,1463,611.0,596.0,584.0,0.0,0.0,0,1,0,0,5.33,93.0,6785.0,55.0,531.0,3.0,2590.0,97.0,5742,43500.0,49618.0,1,0
242635,71.0,26.0,1042,398.0,362.0,357.0,0.0,0.0,0,0,0,0,0.0,92.0,6751.0,82.0,608.0,2.0,3728.0,96.0,5780,43500.0,49618.0,1,0
242644,73.0,21.0,491,422.0,237.0,233.0,0.0,0.0,0,1,1,0,0.0,97.0,6756.0,60.0,514.0,7.0,2432.0,99.0,5742,43500.0,49618.0,1,0
242653,76.0,18.0,1922,1340.0,368.0,356.0,0.0,0.0,0,1,0,1,7.0,85.0,6534.0,25.0,943.0,3.0,5691.0,91.0,5780,28212.0,28212.0,1,0
242662,69.0,22.0,1251,422.0,357.0,355.0,0.0,0.0,0,1,0,0,4.0,91.0,6560.0,18.0,612.0,1.0,3877.0,92.0,5780,43500.0,49618.0,1,0
242680,76.0,22.0,761,202.0,199.0,196.0,0.0,0.0,0,0,1,0,0.0,96.0,6618.0,13.0,661.0,2.0,3629.0,98.0,5780,43500.0,49618.0,1,0
242699,83.0,26.0,735,267.0,264.0,259.0,0.0,0.0,0,0,1,0,0.0,83.0,6856.0,28.0,325.0,7.0,2938.0,84.0,5780,43500.0,49618.0,1,0
242705,74.0,30.0,2062,817.0,795.0,782.0,0.0,0.0,0,0,0,1,0.0,89.0,6443.0,28.0,1263.0,4.0,3092.0,94.0,5780,24562.0,24562.0,1,0
243106,69.0,19.0,699,569.0,540.0,537.0,100.0,0.0,0,0,1,0,0.0,87.0,6019.0,24.0,2357.0,3.0,2554.0,95.0,5954,43500.0,49618.0,0,0
243115,76.0,19.0,1416,838.0,647.0,645.0,0.0,0.0,0,1,0,0,0.0,89.0,6413.0,16.0,2683.0,0.0,3500.0,89.0,5354,43500.0,49618.0,0,0
243133,78.0,21.0,2587,914.0,712.0,712.0,0.0,0.0,0,0,1,0,6.0,96.0,5682.0,96.0,729.0,2.0,3033.0,96.0,6284,43500.0,49618.0,0,0
243142,71.0,20.0,1764,962.0,678.0,675.0,99.0,0.0,0,0,0,0,4.41,89.0,6182.0,22.0,1405.0,3.0,2704.0,93.0,7986,43500.0,49618.0,0,0
243151,76.0,24.0,1168,619.0,475.0,474.0,99.0,0.0,0,1,1,0,5.82,85.0,6179.0,0.0,1427.0,1.0,3500.0,92.0,5354,43500.0,49618.0,0,0
243179,81.0,14.0,1323,725.0,624.0,620.0,0.0,0.0,0,1,0,1,5.6,88.0,6645.0,17.0,2342.0,3.0,3663.0,95.0,5364,43500.0,49618.0,0,0
243188,46.0,9.0,326,209.0,114.0,113.0,0.0,0.0,0,1,0,0,0.0,96.0,6368.0,46.0,1082.0,1.0,3500.0,98.0,5354,43500.0,49618.0,0,0
243197,87.0,19.0,4446,2513.0,1775.0,1774.0,0.0,0.0,0,1,0,0,4.7,72.0,6472.0,26.0,2468.0,4.0,3569.0,83.0,5274,43500.0,49618.0,0,0
243212,73.0,22.0,1426,748.0,630.0,630.0,0.0,0.0,0,1,1,0,7.0,80.0,6399.0,32.0,1921.0,4.0,3182.0,86.0,5354,43500.0,49618.0,0,0
243221,77.0,11.0,4799,2620.0,1867.0,1867.0,0.0,0.0,0,1,0,0,4.0,71.0,6396.0,28.0,1594.0,2.0,3609.0,82.0,5354,43500.0,49618.0,0,0
243443,79.0,21.0,3073,1783.0,1089.0,1033.0,0.0,0.0,1,1,0,0,0.0,83.0,6391.0,36.0,1451.0,11.0,4552.0,93.0,6410,25710.0,25710.0,0,1
243568,71.0,11.0,10,6.0,6.0,6.0,0.0,0.0,0,0,1,0,0.0,71.0,7165.0,29.0,3500.0,0.0,7519.5,100.0,7707,43500.0,49618.0,1,0
243586,78.0,13.0,604,599.0,92.0,89.0,0.0,0.0,1,1,0,0,8.36,91.0,6972.0,18.0,486.0,16.0,4453.0,93.0,6550,43500.0,49618.0,0,1
243638,40.0,13.0,1322,1151.0,569.0,516.0,0.0,0.0,0,0,0,0,0.0,98.0,3656.0,13.0,879.0,0.0,7519.5,98.0,5050,12413.0,12413.0,0,0
243665,69.0,10.0,977,967.0,340.0,297.0,17.0,2.0,0,1,1,0,0.0,61.0,6603.0,61.0,3018.0,20.0,4123.0,93.0,5957,22675.0,33275.0,0,0
243744,98.0,6.0,57326,2067.0,1693.0,1693.0,51.0,19.0,0,1,0,1,38.17,18.0,6299.0,61.0,59885.0,7.0,11418.0,76.0,65910,92892.0,92892.0,1,0
243780,93.0,14.0,78745,39272.0,11467.0,11339.0,79.0,25.0,0,1,1,0,9.5,13.0,5650.0,37.0,8003.0,26.0,8942.0,59.0,9992,26172.0,44974.0,0,0
243832,60.0,14.0,356,216.0,167.0,15.0,0.0,0.0,0,1,1,0,0.0,88.0,6903.0,0.0,12088.0,37.0,7778.0,88.0,7050,43500.0,49618.0,1,0
245652,82.0,8.0,397,211.0,78.0,77.0,35.0,14.0,0,0,0,0,27.6,28.0,5080.0,93.0,28590.0,39.0,5470.0,99.0,40504,58018.0,58018.0,1,0
245777,75.0,10.0,32,12.0,8.0,8.0,0.0,0.0,0,0,0,0,0.0,13.0,7395.0,63.0,3814.0,0.0,7519.5,63.0,8600,15736.0,15736.0,1,0
245953,65.0,14.0,376,345.0,238.0,186.0,2.0,20.0,1,0,1,0,0.0,59.0,5831.0,73.0,10815.0,45.0,6870.0,95.0,21294,37796.0,37796.0,0,1
247649,63.0,7.0,447,221.0,107.0,76.0,0.0,0.0,0,1,0,1,100.0,21.0,5780.0,100.0,20273.0,36.0,11863.0,100.0,66540,86926.0,86926.0,1,0
247773,96.0,13.0,20,18.0,18.0,18.0,0.0,0.0,0,0,0,0,0.0,44.0,5704.0,88.0,3800.0,0.0,7519.5,88.0,6100,13936.0,13936.0,1,0
262129,76.0,8.0,1623,1188.0,220.0,220.0,70.0,36.0,0,1,0,1,19.0,36.0,5185.0,100.0,13007.0,21.0,4761.0,100.0,6916,25211.0,48239.0,0,0
366711,79.0,24.0,19721,18755.0,2624.0,2473.0,0.0,0.0,0,1,1,1,6.0,46.0,5999.0,46.0,5568.0,32.0,6065.0,79.0,8082,27008.0,39608.0,0,0
377555,86.0,22.0,5172,4686.0,1118.0,1073.0,1.0,0.0,0,1,1,1,7.0,28.0,5552.0,33.0,5654.0,22.0,5482.0,55.0,12919,35467.0,65703.0,0,0
377564,80.0,15.0,4068,3357.0,721.0,681.0,0.0,0.0,0,1,1,1,7.0,39.0,5266.0,78.0,4676.0,24.0,5672.0,91.0,13168,34021.0,64257.0,0,0
384254,85.0,12.0,674,293.0,113.0,113.0,0.0,0.0,0,1,0,0,100.0,19.0,6662.0,42.0,38284.0,32.0,6023.0,93.0,51680,74538.0,74538.0,1,0
384421,97.0,19.0,36,33.0,33.0,33.0,0.0,0.0,0,0,0,0,0.0,23.0,7131.0,65.0,8554.0,0.0,7519.5,84.0,12700,20636.0,20636.0,1,0
385619,74.0,17.0,841,685.0,449.0,449.0,0.0,0.0,0,0,1,0,0.0,73.0,6783.0,72.0,4439.0,76.0,9847.0,89.0,21680,43500.0,49618.0,1,0
386472,40.0,16.0,69,65.0,45.0,25.0,0.0,0.0,0,0,1,0,0.0,73.0,5069.0,62.0,3130.0,87.0,8126.0,98.0,13450,43500.0,49618.0,1,0
399911,90.0,7.0,634,275.0,126.0,126.0,16.0,1.0,0,1,0,1,0.0,21.0,5347.0,100.0,37892.0,78.0,8198.0,100.0,38728,58536.0,58536.0,1,0
405058,83.0,26.0,52,47.0,47.0,47.0,0.0,0.0,0,0,0,0,0.0,30.0,6374.0,33.0,4130.0,0.0,7519.5,54.0,8640,15916.0,15916.0,1,0
409698,80.0,24.0,14933,14545.0,1419.0,1397.0,0.0,0.0,0,1,0,1,8.0,43.0,5872.0,48.0,5986.0,34.0,5452.0,76.0,7779,30097.0,42697.0,0,0
414878,100.0,13.0,138,55.0,31.0,17.0,0.0,0.0,0,0,0,0,0.0,100.0,7608.0,0.0,12088.0,67.0,3100.0,100.0,7176,43500.0,49618.0,1,0
417752,57.0,8.0,24,9.0,6.0,5.0,0.0,0.0,1,0,0,0,0.0,63.0,3179.0,50.0,2649.0,100.0,4815.0,100.0,11620,31041.0,31041.0,0,1
420325,48.0,12.0,57,21.0,21.0,21.0,0.0,0.0,0,0,0,0,0.0,64.0,7309.0,30.0,2487.0,0.0,7519.5,67.0,9200,20804.0,20804.0,1,0
426314,60.0,23.0,2079,1204.0,624.0,131.0,4.0,2.0,0,1,1,1,0.0,30.0,5618.0,24.0,1803.0,9.0,6263.0,50.0,12097,43500.0,49618.0,1,0
430670,89.0,8.0,9,9.0,9.0,9.0,0.0,0.0,0,0,1,0,0.0,78.0,7395.0,0.0,12088.0,0.0,7519.5,78.0,6750,43500.0,49618.0,1,0
433536,50.0,14.0,50,46.0,32.0,27.0,0.0,0.0,0,0,1,0,0.0,96.0,6027.0,76.0,1416.0,76.0,8308.0,100.0,13450,43500.0,49618.0,1,0
433660,83.0,20.0,20422,12956.0,2704.0,2254.0,80.0,45.0,0,1,1,1,10.0,26.0,6115.0,46.0,3376.0,29.0,10899.0,77.0,6118,23983.0,43027.0,0,0
436818,78.0,20.0,2166,1877.0,234.0,234.0,38.0,1.0,0,1,0,1,10.5,57.0,5720.0,74.0,8261.0,36.0,6322.0,84.0,18140,43500.0,49618.0,0,0
436827,70.0,13.0,1497,1320.0,164.0,162.0,35.0,2.0,0,1,0,1,15.4,40.0,5350.0,63.0,9517.0,42.0,7049.0,82.0,18140,43500.0,49618.0,0,0
436836,82.0,21.0,10937,9076.0,935.0,920.0,28.0,2.0,0,1,0,1,14.15,53.0,5972.0,71.0,9620.0,44.0,8696.0,82.0,18150,41698.0,64366.0,0,0
439701,50.0,10.0,94,57.0,11.0,5.0,0.0,0.0,1,1,1,0,6.57,7.0,3698.0,36.0,3108.0,14.0,3217.0,36.0,12480,43500.0,49618.0,0,1
439862,100.0,15.0,10,10.0,10.0,7.0,0.0,0.0,1,0,0,0,0.0,100.0,3698.0,0.0,12088.0,0.0,7519.5,100.0,7203,14317.0,14630.0,0,1
440396,85.0,19.0,180,151.0,99.0,96.0,42.0,26.0,1,0,0,0,0.0,0.0,5759.0,85.0,4058.0,4.0,14753.0,90.0,16800,43500.0,49618.0,0,1
440828,75.0,9.0,2342,1478.0,204.0,168.0,5.0,1.0,0,1,0,0,6.4,24.0,4939.0,88.0,8090.0,40.0,6270.0,93.0,13566,34044.0,57834.0,0,0
441609,89.0,12.0,60,22.0,16.0,16.0,0.0,0.0,1,0,0,0,0.0,11.0,7395.0,67.0,5679.0,0.0,7519.5,67.0,13000,20816.0,20816.0,0,1
441900,79.0,18.0,1828,1587.0,527.0,460.0,0.0,0.0,0,1,0,0,3.04,53.0,6191.0,71.0,2766.0,15.0,4895.0,92.0,6765,24443.0,39511.0,0,0
441937,72.0,16.0,8810,8353.0,520.0,500.0,0.0,0.0,0,1,0,1,7.0,52.0,5995.0,61.0,6656.0,30.0,5445.0,83.0,7159,27471.0,40071.0,0,0
441982,98.0,9.0,1000,252.0,110.0,110.0,25.0,0.0,0,1,0,1,17.0,14.0,5468.0,100.0,42399.0,29.0,6807.0,100.0,66398,89669.0,89669.0,1,0
442356,81.0,11.0,512,211.0,86.0,70.0,1.0,0.0,1,0,1,0,6.3,39.0,5382.0,5.0,3280.0,68.0,8790.0,88.0,32933,43500.0,49618.0,0,1
444413,84.0,23.0,95,75.0,75.0,75.0,0.0,0.0,1,0,0,0,0.0,14.0,5607.0,30.0,5151.0,0.0,7519.5,35.0,10480,19456.0,19456.0,0,1
445188,82.0,20.0,31928,28906.0,2093.0,2073.0,0.0,0.0,0,1,0,1,3.75,60.0,6193.0,84.0,12518.0,30.0,5215.0,91.0,15623,43966.0,78166.0,0,0
445267,53.0,28.0,409,358.0,289.0,58.0,0.0,2.0,1,0,1,0,0.0,88.0,7238.0,0.0,12088.0,2.0,9500.0,90.0,7440,43500.0,49618.0,0,1
445708,72.0,14.0,4105,3279.0,450.0,448.0,10.0,6.0,0,1,0,1,9.31,56.0,6116.0,100.0,24723.0,83.0,9015.0,100.0,42419,60377.0,60377.0,1,0
446048,79.0,17.0,2689,1113.0,365.0,365.0,0.0,0.0,1,1,0,0,8.4,21.0,5397.0,100.0,17674.0,47.0,9303.0,100.0,30198,49000.0,49000.0,0,1
446233,48.0,10.0,42,31.0,26.0,26.0,0.0,0.0,1,0,0,0,0.0,44.0,6781.0,91.0,4991.0,41.0,5423.0,97.0,16850,34630.0,34630.0,0,1
446640,74.0,18.0,1423,1243.0,119.0,113.0,0.0,0.0,0,0,1,1,12.5,62.0,5869.0,97.0,14081.0,63.0,6242.0,100.0,24400,39506.0,39506.0,1,0
447689,63.0,19.0,6153,5876.0,2612.0,2168.0,0.0,0.0,0,1,1,1,5.45,64.0,5958.0,5.0,6050.0,29.0,5448.0,86.0,4532,27252.0,36564.0,0,0
447953,64.0,18.0,59,24.0,24.0,21.0,0.0,0.0,1,0,0,0,0.0,30.0,1840.0,27.0,2626.0,27.0,2594.0,55.0,10460,23386.0,23386.0,0,1
449658,91.0,15.0,85,49.0,35.0,35.0,0.0,0.0,0,1,0,0,0.0,9.0,7162.0,45.0,5735.0,0.0,7519.5,55.0,8100,14000.0,14000.0,1,0
449764,67.0,6.0,132,37.0,19.0,19.0,5.0,39.0,1,0,0,0,0.0,52.0,3606.0,39.0,3721.0,61.0,7552.0,77.0,22000,35883.0,35883.0,0,1
449870,50.0,4.0,4,4.0,1.0,1.0,0.0,0.0,0,1,1,0,0.0,50.0,5547.0,100.0,2742.0,25.0,2722.0,100.0,15446,35600.0,35600.0,1,0
451370,100.0,7.0,29,25.0,24.0,24.0,0.0,0.0,0,0,0,0,0.0,43.0,6245.0,71.0,5217.0,0.0,7519.5,86.0,11450,21186.0,21186.0,1,0
451398,92.0,21.0,113,50.0,50.0,50.0,0.0,0.0,0,0,0,0,0.0,32.0,6643.0,71.0,12113.0,0.0,7519.5,94.0,12750,22486.0,22486.0,1,0
451404,69.0,15.0,235,230.0,217.0,217.0,0.0,0.0,1,0,0,0,0.0,98.0,10779.0,98.0,2636.0,0.0,7519.5,98.0,13200,21900.0,21900.0,0,1
451927,88.0,14.0,266,206.0,98.0,90.0,64.0,47.0,1,1,0,0,0.0,0.0,5759.0,100.0,13345.0,10.0,15734.0,100.0,28425,40445.0,40445.0,0,1
455257,98.0,26.0,177,124.0,124.0,124.0,0.0,0.0,0,0,0,0,0.0,92.0,7280.0,28.0,2884.0,0.0,7519.5,93.0,10800,43500.0,49618.0,1,0
455770,79.0,17.0,55,55.0,33.0,33.0,0.0,0.0,1,1,0,0,10.42,39.0,5032.0,100.0,22674.0,50.0,11479.0,100.0,36963,54841.0,54841.0,0,1
456959,70.0,13.0,1269,901.0,183.0,181.0,3.0,21.0,0,1,0,1,15.0,33.0,5649.0,77.0,7149.0,57.0,9802.0,93.0,15016,32320.0,32320.0,0,0
459842,57.0,16.0,50,46.0,32.0,21.0,0.0,0.0,0,0,1,0,0.0,83.0,4569.0,30.0,1842.0,83.0,8657.0,96.0,13450,43500.0,49618.0,1,0
459851,40.0,14.0,72,67.0,46.0,30.0,0.0,0.0,0,0,1,0,0.0,70.0,5090.0,57.0,2640.0,91.0,8617.0,96.0,13450,43500.0,49618.0,1,0
459949,66.0,18.0,9482,8799.0,1265.0,1203.0,41.0,7.0,0,1,1,0,0.0,66.0,5923.0,41.0,3102.0,31.0,5771.0,90.0,9654,27090.0,40691.0,0,0
460349,52.0,13.0,476,433.0,236.0,24.0,0.0,0.0,0,0,0,0,4.12,65.0,7063.0,4.0,1500.0,70.0,8656.0,96.0,13365,43500.0,49618.0,1,0
461528,100.0,10.0,93,49.0,16.0,10.0,0.0,0.0,1,0,1,0,0.0,17.0,5146.0,33.0,2474.0,33.0,4454.0,50.0,9105,43500.0,49618.0,0,1
461759,64.0,10.0,178,178.0,145.0,127.0,0.0,0.0,1,0,1,0,0.0,38.0,7493.0,14.0,7104.0,6.0,8792.0,54.0,16398,31157.0,31157.0,0,1
461847,100.0,18.0,6,6.0,4.0,4.0,0.0,0.0,0,0,0,0,0.0,60.0,7378.0,40.0,4620.0,0.0,7519.5,100.0,12460,18336.0,18336.0,1,0
462354,85.0,15.0,216,172.0,74.0,71.0,24.0,14.0,1,1,0,0,0.0,28.0,5228.0,100.0,13763.0,67.0,5914.0,100.0,30265,44130.0,44130.0,0,1
463056,84.0,26.0,3265,2884.0,646.0,637.0,35.0,1.0,0,1,0,1,18.4,44.0,5787.0,70.0,8580.0,44.0,7071.0,85.0,18130,43500.0,49618.0,0,0
464226,50.0,11.0,1355,1059.0,279.0,255.0,3.0,8.0,1,1,0,0,0.0,46.0,5287.0,100.0,15533.0,90.0,7470.0,100.0,35880,59046.0,59046.0,0,1
475608,100.0,5.0,33,33.0,29.0,29.0,0.0,0.0,1,0,0,0,14.0,41.0,6081.0,100.0,19379.0,18.0,4123.0,100.0,15750,30456.0,30456.0,0,1
476601,85.0,14.0,30,30.0,30.0,30.0,0.0,0.0,0,0,0,0,0.0,37.0,6400.0,63.0,6076.0,0.0,7519.5,67.0,13100,25100.0,25100.0,1,0
476692,56.0,12.0,30,17.0,10.0,10.0,0.0,0.0,0,0,0,0,0.0,44.0,6481.0,88.0,6907.0,0.0,7519.5,94.0,11350,17886.0,17886.0,1,0
476975,74.0,23.0,501,493.0,490.0,113.0,0.0,0.0,0,0,1,0,0.0,68.0,5927.0,10.0,974.0,72.0,6424.0,88.0,9000,43500.0,49618.0,0,0
479956,66.0,16.0,1198,1092.0,337.0,217.0,12.0,2.0,0,1,0,1,4.5,45.0,6097.0,57.0,3610.0,53.0,6488.0,81.0,15356,43500.0,49618.0,0,0
480569,64.0,6.0,112,45.0,17.0,12.0,0.0,0.0,0,1,0,0,3.02,53.0,5496.0,6.0,11860.0,59.0,6793.0,82.0,12780,43500.0,49618.0,1,0
480985,50.0,3.0,7,6.0,4.0,4.0,0.0,0.0,0,0,0,0,5.28,75.0,4930.0,0.0,12088.0,50.0,3217.0,75.0,8583,43500.0,49618.0,1,0
481225,25.0,4.0,3,3.0,3.0,3.0,0.0,33.0,1,0,0,0,0.0,60.0,6262.0,80.0,1595.0,0.0,7519.5,80.0,10500,21415.0,21415.0,0,1
481410,84.0,17.0,63,33.0,19.0,19.0,0.0,0.0,0,0,0,0,0.0,21.0,5033.0,63.0,5718.0,0.0,7519.5,68.0,9600,17086.0,17086.0,1,0
481438,75.0,10.0,27,23.0,22.0,22.0,0.0,0.0,0,0,0,0,0.0,60.0,6287.0,70.0,5358.0,0.0,7519.5,100.0,12500,19636.0,19636.0,1,0
482149,76.0,16.0,6011,5194.0,1303.0,1273.0,20.0,4.0,0,1,0,0,0.0,41.0,5718.0,15.0,8136.0,35.0,5888.0,93.0,8414,26942.0,43262.0,0,0
482158,65.0,18.0,4346,4332.0,1319.0,1138.0,18.0,7.0,0,1,0,1,3.2,53.0,6151.0,13.0,4046.0,42.0,5617.0,90.0,5038,20733.0,32085.0,0,0
482228,100.0,7.0,20,19.0,13.0,7.0,0.0,0.0,1,0,0,0,0.0,56.0,2793.0,56.0,377.0,22.0,2750.0,89.0,10522,43500.0,49618.0,0,1
482680,73.0,19.0,13298,9035.0,4331.0,4024.0,38.0,17.0,0,1,0,1,7.45,32.0,5590.0,19.0,2486.0,22.0,6236.0,91.0,5285,23315.0,34533.0,0,0
482936,75.0,17.0,4110,2364.0,477.0,449.0,71.0,28.0,0,1,0,0,11.53,34.0,5312.0,95.0,4033.0,31.0,5219.0,100.0,4940,24217.0,40282.0,0,0
483018,72.0,6.0,138,123.0,17.0,17.0,6.0,6.0,0,0,0,0,35.43,55.0,5620.0,100.0,28445.0,71.0,4162.0,100.0,37143,50383.0,50383.0,1,0
484473,95.0,61.0,1386,849.0,761.0,696.0,74.0,45.0,0,1,0,0,5.62,19.0,5688.0,20.0,2820.0,7.0,6205.0,87.0,3876,43500.0,49618.0,0,0
484844,98.0,14.0,10864,330.0,144.0,144.0,0.0,0.0,0,1,0,1,8.0,0.0,5759.0,78.0,22522.0,81.0,7095.0,81.0,23630,45380.0,45380.0,1,0
484905,65.0,19.0,5029,4247.0,468.0,392.0,6.0,0.0,0,1,0,0,0.0,75.0,5894.0,88.0,3796.0,25.0,4056.0,97.0,9595,24853.0,37152.0,0,0
485698,75.0,8.0,126,56.0,53.0,53.0,43.0,23.0,0,0,0,0,10.0,9.0,6127.0,42.0,6490.0,36.0,5774.0,48.0,21500,43500.0,49618.0,1,0
485999,87.0,6.0,36,32.0,27.0,27.0,0.0,0.0,0,0,0,0,0.0,52.0,6333.0,71.0,8219.0,0.0,7519.5,94.0,10700,18636.0,18636.0,1,0
486017,25.0,5.0,2,1.0,1.0,1.0,0.0,0.0,0,0,0,0,0.0,0.0,5759.0,0.0,12088.0,0.0,7519.5,0.0,9800,20350.0,20350.0,1,0
486026,85.0,22.0,49,49.0,49.0,49.0,0.0,0.0,0,0,0,0,0.0,44.0,4110.0,87.0,6472.0,0.0,7519.5,95.0,10750,19786.0,19786.0,1,0
486196,83.0,23.0,180,95.0,93.0,93.0,0.0,0.0,0,0,0,0,0.0,40.0,7240.0,80.0,4295.0,0.0,7519.5,87.0,12600,25904.0,25904.0,1,0
486284,22.0,13.0,70,65.0,4.0,4.0,0.0,0.0,1,0,0,0,0.0,50.0,5519.0,82.0,3174.0,68.0,7853.0,100.0,11000,43500.0,49618.0,0,1
486488,0.0,4.0,3,2.0,1.0,1.0,0.0,0.0,0,0,0,0,10.0,0.0,5759.0,0.0,12088.0,0.0,7519.5,0.0,15000,43500.0,49618.0,1,0
486840,77.0,23.0,34680,23995.0,9117.0,8635.0,39.0,16.0,0,1,1,1,7.32,44.0,5839.0,6.0,7539.0,38.0,6091.0,94.0,5808,26478.0,38406.0,0,0
486901,82.0,10.0,1079,780.0,215.0,215.0,12.0,59.0,1,1,1,0,4.79,27.0,5337.0,100.0,26289.0,50.0,8811.0,100.0,40450,54660.0,54660.0,0,1
487524,75.0,15.0,2856,2312.0,553.0,416.0,8.0,0.0,0,1,1,0,7.05,41.0,5410.0,100.0,11600.0,84.0,7607.0,100.0,23304,38936.0,38936.0,1,0
487746,67.0,4.0,4,1.0,1.0,1.0,0.0,0.0,0,0,0,0,0.0,0.0,5759.0,100.0,8283.0,0.0,7519.5,100.0,9650,24004.0,24004.0,1,0
488305,75.0,7.0,37,37.0,26.0,25.0,0.0,0.0,1,0,0,0,10.64,43.0,6358.0,93.0,5180.0,29.0,4687.0,93.0,10480,20130.0,20130.0,0,1
488314,72.0,14.0,65,35.0,21.0,21.0,0.0,0.0,0,0,0,0,0.0,22.0,6220.0,94.0,6388.0,0.0,7519.5,94.0,12010,19146.0,19146.0,1,0
488350,70.0,30.0,120,65.0,58.0,58.0,0.0,0.0,0,0,0,0,0.0,73.0,6806.0,45.0,4008.0,0.0,7519.5,95.0,10600,17736.0,17736.0,1,0
489937,56.0,17.0,736,291.0,77.0,75.0,0.0,0.0,1,0,0,0,0.0,34.0,6318.0,97.0,9923.0,45.0,7411.0,100.0,17575,36575.0,36575.0,0,1
490319,0.0,13.0,11,9.0,9.0,9.0,0.0,0.0,0,0,0,0,0.0,83.0,6825.0,0.0,12088.0,0.0,7519.5,83.0,10350,17326.0,17326.0,1,0
490504,60.0,16.0,30,30.0,26.0,26.0,0.0,0.0,0,0,0,0,0.0,12.0,5712.0,64.0,4314.0,0.0,7519.5,64.0,10870,20056.0,20056.0,1,0
490513,63.0,5.0,19,13.0,12.0,12.0,0.0,0.0,0,0,0,0,0.0,25.0,6883.0,50.0,5423.0,0.0,7519.5,63.0,12000,18736.0,18736.0,1,0
490805,66.0,17.0,8617,6235.0,1139.0,1118.0,72.0,3.0,0,1,1,0,6.78,42.0,5639.0,74.0,2360.0,31.0,5226.0,92.0,8675,22392.0,29811.0,0,0
491525,100.0,20.0,131,119.0,109.0,33.0,0.0,0.0,1,0,0,0,0.0,11.0,4805.0,18.0,4035.0,0.0,7519.5,23.0,6700,16860.0,16860.0,0,1
491613,84.0,20.0,28,25.0,25.0,25.0,0.0,0.0,0,0,0,0,0.0,68.0,6845.0,53.0,4225.0,0.0,7519.5,89.0,10480,16816.0,16816.0,1,0
491622,71.0,12.0,30,24.0,21.0,21.0,0.0,0.0,0,0,0,0,0.0,57.0,7087.0,86.0,5013.0,0.0,7519.5,95.0,12150,20166.0,20166.0,1,0
491631,91.0,9.0,49,48.0,46.0,46.0,0.0,0.0,0,0,0,0,0.0,37.0,6769.0,0.0,12088.0,4.0,1000.0,54.0,9780,43500.0,49618.0,1,0
491640,79.0,30.0,49,42.0,42.0,42.0,0.0,0.0,0,0,0,0,0.0,56.0,6988.0,97.0,3421.0,0.0,7519.5,97.0,9150,15486.0,15486.0,1,0
491710,33.0,15.0,10,7.0,1.0,1.0,0.0,0.0,0,0,0,0,0.0,33.0,7395.0,75.0,4911.0,0.0,7519.5,100.0,8550,15886.0,15886.0,1,0
491765,97.0,17.0,21,21.0,21.0,21.0,0.0,0.0,0,0,0,0,0.0,21.0,6487.0,52.0,3104.0,0.0,7519.5,62.0,9750,17286.0,17286.0,1,0
491914,95.0,22.0,68,35.0,34.0,34.0,0.0,0.0,0,0,0,0,0.0,41.0,6756.0,55.0,4288.0,0.0,7519.5,91.0,9600,15936.0,15936.0,1,0
493594,88.0,32.0,50,18.0,14.0,14.0,0.0,0.0,0,0,0,0,0.0,35.0,7387.0,65.0,4223.0,0.0,7519.5,82.0,9000,15836.0,15836.0,1,0
493664,100.0,31.0,2,2.0,2.0,2.0,0.0,0.0,0,0,0,0,0.0,33.0,7395.0,67.0,9380.0,0.0,7519.5,100.0,12380,43500.0,49618.0,1,0
493707,71.0,17.0,43,36.0,32.0,32.0,0.0,0.0,0,0,0,0,0.0,43.0,7026.0,95.0,2826.0,0.0,7519.5,95.0,9030,15036.0,15036.0,1,0
493716,89.0,12.0,30,23.0,23.0,23.0,0.0,0.0,0,0,0,0,0.0,0.0,5759.0,63.0,7175.0,0.0,7519.5,63.0,13700,20236.0,20236.0,1,0
494278,100.0,24.0,84,50.0,38.0,6.0,0.0,0.0,0,1,1,0,0.0,90.0,6892.0,0.0,12088.0,69.0,12626.0,90.0,7050,43500.0,49618.0,1,0
494287,100.0,13.0,88,60.0,43.0,7.0,0.0,0.0,0,1,1,0,0.0,74.0,9138.0,0.0,12088.0,61.0,6209.0,74.0,7050,43500.0,49618.0,1,0
494542,75.0,2.0,42,29.0,20.0,20.0,55.0,15.0,1,1,0,1,0.0,0.0,5759.0,100.0,27982.0,8.0,5000.0,100.0,787,18857.0,18857.0,0,1
494603,83.0,20.0,279,161.0,100.0,69.0,0.0,0.0,1,0,0,0,0.0,0.0,5759.0,40.0,4561.0,11.0,12383.0,41.0,11934,27474.0,27474.0,0,1
494630,67.0,6.0,3,3.0,3.0,3.0,0.0,0.0,1,0,0,0,0.0,75.0,5134.0,100.0,1833.0,0.0,7519.5,100.0,8806,16151.0,16151.0,0,1
494685,63.0,21.0,74,62.0,52.0,45.0,36.0,32.0,1,0,0,0,0.0,37.0,3646.0,26.0,1251.0,47.0,2798.0,73.0,8756,17425.0,17425.0,0,1
495031,100.0,10.0,13,9.0,9.0,9.0,0.0,0.0,0,0,0,0,0.0,33.0,7183.0,67.0,5347.0,0.0,7519.5,75.0,11500,20386.0,20386.0,1,0
496973,100.0,14.0,29,26.0,18.0,14.0,0.0,0.0,0,0,1,0,0.0,92.0,4544.0,69.0,2385.0,100.0,5768.0,100.0,13450,43500.0,49618.0,1,0
497037,48.0,25.0,182,182.0,146.0,74.0,0.0,0.0,1,0,0,0,0.0,71.0,7159.0,50.0,837.0,67.0,7076.0,100.0,14520,43500.0,49618.0,0,1
497213,100.0,3.0,12,12.0,11.0,10.0,0.0,0.0,0,0,1,0,0.0,40.0,6820.0,0.0,12088.0,0.0,7519.5,40.0,18300,32106.0,32106.0,1,0
497480,80.0,30.0,199,199.0,128.0,112.0,0.0,0.0,0,0,1,0,0.0,60.0,5821.0,100.0,7244.0,0.0,7519.5,100.0,12374,43500.0,49618.0,1,0
497824,67.0,8.0,61,30.0,15.0,12.0,0.0,0.0,1,0,0,0,0.0,67.0,4370.0,0.0,12088.0,100.0,4277.0,100.0,8175,43500.0,49618.0,0,1
497833,38.0,9.0,385,353.0,117.0,117.0,0.0,0.0,1,0,0,0,6.94,67.0,5251.0,96.0,8855.0,79.0,6596.0,99.0,20100,40074.0,40074.0,0,1
498562,78.0,19.0,8891,8277.0,2414.0,2404.0,30.0,0.0,0,1,0,0,10.0,39.0,5309.0,89.0,5765.0,60.0,8032.0,98.0,11046,27454.0,39278.0,0,0
498571,72.0,18.0,5930,5594.0,1529.0,1467.0,21.0,3.0,0,1,0,0,9.14,43.0,5443.0,81.0,4437.0,69.0,8151.0,98.0,11436,28956.0,33574.0,0,0
499149,80.0,15.0,55,51.0,35.0,15.0,0.0,0.0,0,0,1,0,0.0,77.0,7150.0,62.0,2662.0,85.0,10424.0,100.0,13450,43500.0,49618.0,1,0
499875,40.0,23.0,375,335.0,265.0,265.0,0.0,0.0,0,0,0,0,0.0,0.0,5759.0,90.0,5140.0,0.0,7519.5,90.0,8760,15986.0,15986.0,1,0
